refund_id,order_id,refund_date,order_date,title_id,platform_code,player_id,refund_reason,refund_usd,platform_fee_credit_usd,net_refund_usd
RFD-000001,ORD-0000002,2024-11-04,2024-10-02,T-04,PSN,P-016448,platform_policy,9.99,2.997,6.993
RFD-000002,ORD-0000023,2024-10-05,2024-10-02,T-04,PSN,P-015285,price_adjustment,2.4942,0.7483,1.7459
RFD-000003,ORD-0000033,2024-11-01,2024-10-03,T-04,PSN,P-030103,partial_goodwill,22.7683,6.8305,15.9378
RFD-000004,ORD-0000041,2024-10-11,2024-10-03,T-04,PSN,P-003405,price_adjustment,3.4704,1.0411,2.4293
RFD-000005,ORD-0000048,2024-10-17,2024-10-03,T-04,STEAM,P-042343,platform_policy,30.0301,9.009,21.021
RFD-000006,ORD-0000049,2024-10-08,2024-10-03,T-04,EPIC,P-001470,accidental_purchase,4.995,0.5994,4.3956
RFD-000007,ORD-0000052,2024-11-20,2024-10-03,T-04,STEAM,P-009691,player_request,9.99,2.997,6.993
RFD-000008,ORD-0000054,2024-10-07,2024-10-04,T-04,STEAM,P-034728,price_adjustment,9.9294,2.9788,6.9506
RFD-000009,ORD-0000083,2024-11-06,2024-10-04,T-04,STEAM,P-034750,accidental_purchase,29.9684,8.9905,20.9779
RFD-000010,ORD-0000110,2024-11-22,2024-10-05,T-04,EPIC,P-039346,accidental_purchase,34.9553,4.1946,30.7606
RFD-000011,ORD-0000126,2024-11-14,2024-10-05,T-04,STEAM,P-011298,partial_goodwill,9.9294,2.9788,6.9506
RFD-000012,ORD-0000130,2024-11-22,2024-10-05,T-04,PSN,P-033946,player_request,4.9758,1.4927,3.4831
RFD-000013,ORD-0000137,2024-12-15,2024-10-05,T-04,PSN,P-041219,platform_policy,40.1123,12.0337,28.0786
RFD-000014,ORD-0000152,2024-11-23,2024-10-06,T-04,STEAM,P-000824,accidental_purchase,20.9863,6.2959,14.6904
RFD-000015,ORD-0000181,2024-10-15,2024-10-07,T-04,NSW,P-000258,price_adjustment,2.6177,0.7853,1.8324
RFD-000016,ORD-0000189,2024-10-21,2024-10-07,T-04,STEAM,P-034140,player_request,4.9757,1.4927,3.483
RFD-000017,ORD-0000236,2024-10-17,2024-10-09,T-04,XBOX,P-016676,partial_goodwill,15.101,4.5303,10.5707
RFD-000018,ORD-0000247,2024-11-11,2024-10-09,T-04,STEAM,P-043635,accidental_purchase,35.0811,10.5243,24.5567
RFD-000019,ORD-0000250,2024-10-12,2024-10-09,T-04,STEAM,P-021221,price_adjustment,2.6058,0.7817,1.824
RFD-000020,ORD-0000256,2024-10-30,2024-10-09,T-04,XBOX,P-044190,accidental_purchase,15.3784,4.6135,10.7649
RFD-000021,ORD-0000265,2024-10-27,2024-10-10,T-04,NSW,P-030335,partial_goodwill,30.229,9.0687,21.1603
RFD-000022,ORD-0000273,2024-10-27,2024-10-10,T-04,XBOX,P-008940,price_adjustment,2.5102,0.7531,1.7571
RFD-000023,ORD-0000344,2024-10-19,2024-10-11,T-04,XBOX,P-014572,price_adjustment,3.2632,0.9789,2.2842
RFD-000024,ORD-0000349,2024-10-25,2024-10-11,T-04,STEAM,P-044934,player_request,5.0043,1.5013,3.503
RFD-000025,ORD-0000366,2024-11-10,2024-10-12,T-04,EPIC,P-022981,price_adjustment,9.9283,1.1914,8.7369
RFD-000026,ORD-0000400,2024-10-30,2024-10-13,T-04,NSW,P-015479,partial_goodwill,20.3088,6.0926,14.2162
RFD-000027,ORD-0000413,2024-10-22,2024-10-13,T-04,PSN,P-000865,platform_policy,21.1073,6.3322,14.7751
RFD-000028,ORD-0000427,2024-10-16,2024-10-14,T-04,STEAM,P-040242,platform_policy,5.0136,1.5041,3.5095
RFD-000029,ORD-0000437,2024-10-16,2024-10-14,T-04,STEAM,P-012547,platform_policy,10.4409,3.1323,7.3086
RFD-000030,ORD-0000468,2024-11-01,2024-10-15,T-04,STEAM,P-013722,partial_goodwill,2.5034,0.751,1.7524
RFD-000031,ORD-0000469,2024-10-20,2024-10-15,T-04,STEAM,P-012985,player_request,34.8714,10.4614,24.41
RFD-000032,ORD-0000470,2024-11-13,2024-10-15,T-04,STEAM,P-034736,price_adjustment,1.2562,0.3769,0.8793
RFD-000033,ORD-0000507,2024-10-30,2024-10-16,T-04,EPIC,P-006811,platform_policy,10.0696,1.2084,8.8613
RFD-000034,ORD-0000533,2024-10-20,2024-10-17,T-04,STEAM,P-011466,price_adjustment,3.3176,0.9953,2.3223
RFD-000035,ORD-0000540,2024-10-26,2024-10-17,T-04,STEAM,P-019044,accidental_purchase,40.1548,12.0464,28.1083
RFD-000036,ORD-0000546,2024-10-25,2024-10-17,T-04,EPIC,P-002178,partial_goodwill,5.1609,0.6193,4.5416
RFD-000037,ORD-0000548,2024-11-26,2024-10-17,T-04,STEAM,P-009856,price_adjustment,5.2832,1.585,3.6983
RFD-000038,ORD-0000606,2024-11-06,2024-10-20,T-04,EPIC,P-019865,price_adjustment,2.4946,0.2994,2.1953
RFD-000039,ORD-0000608,2024-10-23,2024-10-20,T-04,STEAM,P-005825,price_adjustment,7.4946,2.2484,5.2462
RFD-000040,ORD-0000612,2024-10-23,2024-10-20,T-04,STEAM,P-006661,partial_goodwill,7.7992,2.3398,5.4595
RFD-000041,ORD-0000619,2024-11-03,2024-10-20,T-04,STEAM,P-016056,platform_policy,4.9114,1.4734,3.438
RFD-000042,ORD-0000633,2024-10-29,2024-10-20,T-04,PSN,P-026162,platform_policy,10.0492,3.0148,7.0344
RFD-000043,ORD-0000634,2024-11-06,2024-10-20,T-04,EPIC,P-027870,price_adjustment,1.6203,0.1944,1.4258
RFD-000044,ORD-0000646,2024-10-28,2024-10-20,T-04,PSN,P-003350,partial_goodwill,13.1935,3.9581,9.2355
RFD-000045,ORD-0000663,2024-11-19,2024-10-21,T-04,STEAM,P-029515,price_adjustment,2.499,0.7497,1.7493
RFD-000046,ORD-0000675,2024-11-04,2024-10-21,T-04,STEAM,P-020119,player_request,20.1152,6.0346,14.0806
RFD-000047,ORD-0000703,2024-11-20,2024-10-22,T-04,PSN,P-003136,partial_goodwill,5.2455,1.5737,3.6719
RFD-000048,ORD-0000715,2024-11-20,2024-10-22,T-04,XBOX,P-019928,price_adjustment,7.545,2.2635,5.2815
RFD-000049,ORD-0000718,2024-11-05,2024-10-22,T-04,STEAM,P-038904,accidental_purchase,9.9805,2.9941,6.9863
RFD-000050,ORD-0000719,2024-11-24,2024-10-22,T-04,NSW,P-022354,accidental_purchase,39.9519,11.9856,27.9663
RFD-000051,ORD-0000779,2024-10-28,2024-10-25,T-04,EPIC,P-020214,partial_goodwill,13.2835,1.594,11.6895
RFD-000052,ORD-0000797,2024-11-15,2024-10-25,T-04,STEAM,P-017585,platform_policy,9.9002,2.9701,6.9301
RFD-000053,ORD-0000830,2024-11-24,2024-10-26,T-04,XBOX,P-040117,price_adjustment,9.8108,2.9432,6.8676
RFD-000054,ORD-0000839,2024-12-05,2024-10-26,T-04,STEAM,P-023763,price_adjustment,3.2128,0.9639,2.249
RFD-000055,ORD-0000847,2024-11-12,2024-10-26,T-04,NSW,P-013170,price_adjustment,1.6285,0.4886,1.14
RFD-000056,ORD-0000887,2024-11-25,2024-10-27,T-04,XBOX,P-012890,price_adjustment,14.8652,4.4595,10.4056
RFD-000057,ORD-0000892,2024-12-06,2024-10-27,T-04,XBOX,P-033319,price_adjustment,9.8108,2.9432,6.8676
RFD-000058,ORD-0000898,2024-11-01,2024-10-27,T-04,STEAM,P-000955,player_request,15.3517,4.6055,10.7462
RFD-000059,ORD-0000920,2024-12-06,2024-10-27,T-04,PSN,P-040620,partial_goodwill,3.489,1.0467,2.4423
RFD-000060,ORD-0000926,2024-10-31,2024-10-28,T-04,STEAM,P-014423,partial_goodwill,14.807,4.4421,10.3649
RFD-000061,ORD-0000928,2024-11-18,2024-10-28,T-04,PSN,P-040350,accidental_purchase,34.5178,10.3554,24.1625
RFD-000062,ORD-0000955,2024-11-27,2024-10-29,T-04,STEAM,P-013935,price_adjustment,29.6755,8.9027,20.7729
RFD-000063,ORD-0000958,2024-11-03,2024-10-29,T-04,STEAM,P-038654,player_request,29.6755,8.9027,20.7729
RFD-000064,ORD-0000959,2024-12-08,2024-10-29,T-04,PSN,P-039503,partial_goodwill,7.304,2.1912,5.1128
RFD-000065,ORD-0000962,2024-11-01,2024-10-29,T-04,STEAM,P-003904,price_adjustment,4.9459,1.4838,3.4621
RFD-000066,ORD-0000966,2024-12-08,2024-10-29,T-04,NSW,P-000074,price_adjustment,6.6904,2.0071,4.6833
RFD-000067,ORD-0001004,2024-12-09,2024-10-30,T-04,STEAM,P-003976,partial_goodwill,9.7874,2.9362,6.8512
RFD-000068,ORD-0001008,2024-11-08,2024-10-30,T-04,XBOX,P-012814,platform_policy,25.1817,7.5545,17.6272
RFD-000069,ORD-0001034,2024-11-09,2024-10-31,T-04,PSN,P-011914,platform_policy,29.7247,8.9174,20.8073
RFD-000070,ORD-0001041,2024-11-02,2024-10-31,T-04,STEAM,P-035151,player_request,10.5537,3.1661,7.3876
RFD-000071,ORD-0001046,2024-12-03,2024-10-31,T-04,PSN,P-023033,accidental_purchase,40.7708,12.2312,28.5395
RFD-000072,ORD-0001065,2024-11-17,2024-10-31,T-04,STEAM,P-028587,partial_goodwill,14.7501,4.425,10.3251
RFD-000073,ORD-0001078,2024-11-09,2024-11-01,T-04,XBOX,P-014742,price_adjustment,2.4816,0.7445,1.7371
RFD-000074,ORD-0001105,2024-12-11,2024-11-01,T-04,STEAM,P-013581,price_adjustment,14.5136,4.3541,10.1595
RFD-000075,ORD-0001141,2024-12-01,2024-11-02,T-04,PSN,P-013290,partial_goodwill,6.782,2.0346,4.7474
RFD-000076,ORD-0001143,2024-12-12,2024-11-02,T-04,STEAM,P-011276,price_adjustment,8.8167,2.645,6.1717
RFD-000077,ORD-0001172,2024-11-11,2024-11-02,T-04,NSW,P-016480,platform_policy,10.02,3.006,7.014
RFD-000078,ORD-0001192,2024-12-21,2024-11-03,T-04,PSN,P-015157,accidental_purchase,29.8387,8.9516,20.8871
RFD-000079,ORD-0001207,2024-11-20,2024-11-03,T-04,NSW,P-022420,price_adjustment,6.2557,1.8767,4.379
RFD-000080,ORD-0001212,2024-11-17,2024-11-03,T-04,STEAM,P-040641,accidental_purchase,10.02,3.006,7.014
RFD-000081,ORD-0001224,2024-12-22,2024-11-04,T-04,XBOX,P-019097,platform_policy,29.7769,8.9331,20.8438
RFD-000082,ORD-0001229,2024-12-03,2024-11-04,T-04,NSW,P-026500,price_adjustment,9.8262,2.9479,6.8783
RFD-000083,ORD-0001233,2024-11-18,2024-11-04,T-04,NSW,P-031060,accidental_purchase,30.1095,9.0329,21.0767
RFD-000084,ORD-0001243,2024-11-21,2024-11-04,T-04,STEAM,P-024130,price_adjustment,7.3621,2.2086,5.1535
RFD-000085,ORD-0001260,2024-11-06,2024-11-04,T-04,XBOX,P-001859,platform_policy,10.5773,3.1732,7.4041
RFD-000086,ORD-0001262,2024-11-19,2024-11-05,T-04,EPIC,P-003817,platform_policy,4.8973,0.5877,4.3096
RFD-000087,ORD-0001266,2024-11-08,2024-11-05,T-04,STEAM,P-006466,partial_goodwill,6.7963,2.0389,4.7574
RFD-000088,ORD-0001288,2024-12-23,2024-11-05,T-04,XBOX,P-038728,accidental_purchase,59.6627,17.8988,41.7639
RFD-000089,ORD-0001289,2024-11-07,2024-11-05,T-04,XBOX,P-040664,platform_policy,29.426,8.8278,20.5982
RFD-000090,ORD-0001300,2024-11-08,2024-11-05,T-04,STEAM,P-042570,price_adjustment,14.9157,4.4747,10.441
RFD-000091,ORD-0001305,2024-12-15,2024-11-05,T-04,PSN,P-007555,partial_goodwill,2.6105,0.7831,1.8273
RFD-000092,ORD-0001337,2024-12-05,2024-11-06,T-04,STEAM,P-030475,partial_goodwill,3.7221,1.1166,2.6055
RFD-000093,ORD-0001338,2024-11-23,2024-11-06,T-04,EPIC,P-026169,partial_goodwill,7.4541,0.8945,6.5596
RFD-000094,ORD-0001357,2024-11-14,2024-11-06,T-04,STEAM,P-037343,price_adjustment,10.01,3.003,7.007
RFD-000095,ORD-0001382,2024-11-10,2024-11-07,T-04,PSN,P-015807,partial_goodwill,9.9159,2.9748,6.9412
RFD-000096,ORD-0001405,2024-11-22,2024-11-08,T-04,EPIC,P-029250,accidental_purchase,5.0248,0.603,4.4218
RFD-000097,ORD-0001407,2024-12-07,2024-11-08,T-04,STEAM,P-043829,price_adjustment,9.7943,2.9383,6.856
RFD-000098,ORD-0001422,2024-11-13,2024-11-08,T-04,STEAM,P-020520,player_request,4.9779,1.4934,3.4845
RFD-000099,ORD-0001484,2024-11-15,2024-11-10,T-04,NSW,P-023348,platform_policy,30.0306,9.0092,21.0214
RFD-000100,ORD-0001494,2024-12-20,2024-11-10,T-04,STEAM,P-039834,partial_goodwill,5.0267,1.508,3.5187
RFD-000101,ORD-0001496,2024-12-09,2024-11-10,T-04,EPIC,P-044592,price_adjustment,14.6967,1.7636,12.9331
RFD-000102,ORD-0001498,2024-11-18,2024-11-10,T-04,XBOX,P-014909,partial_goodwill,9.6994,2.9098,6.7896
RFD-000103,ORD-0001501,2024-11-27,2024-11-10,T-04,STEAM,P-028153,partial_goodwill,4.9879,1.4964,3.4915
RFD-000104,ORD-0001538,2024-11-13,2024-11-10,T-04,EPIC,P-035581,partial_goodwill,4.9779,0.5973,4.3805
RFD-000105,ORD-0001539,2024-12-20,2024-11-10,T-04,STEAM,P-039098,partial_goodwill,29.9272,8.9781,20.949
RFD-000106,ORD-0001545,2024-12-21,2024-11-11,T-04,NSW,P-003363,price_adjustment,2.455,0.7365,1.7185
RFD-000107,ORD-0001554,2024-11-13,2024-11-11,T-04,PSN,P-010637,accidental_purchase,14.914,4.4742,10.4398
RFD-000108,ORD-0001557,2024-11-14,2024-11-11,T-04,PSN,P-005192,partial_goodwill,1.2405,0.3722,0.8684
RFD-000109,ORD-0001566,2025-01-21,2024-11-11,T-04,EPIC,P-033173,player_request,9.936,1.1923,8.7437
RFD-000110,ORD-0001584,2024-11-28,2024-11-11,T-04,STEAM,P-018937,price_adjustment,2.4412,0.7324,1.7088
RFD-000111,ORD-0001593,2024-12-10,2024-11-11,T-04,STEAM,P-037191,price_adjustment,34.2519,10.2756,23.9763
RFD-000112,ORD-0001609,2024-11-25,2024-11-11,T-04,PSN,P-023598,player_request,10.4548,3.1364,7.3183
RFD-000113,ORD-0001626,2024-12-22,2024-11-12,T-04,XBOX,P-028616,partial_goodwill,20.1016,6.0305,14.0711
RFD-000114,ORD-0001629,2024-11-20,2024-11-12,T-04,NSW,P-028545,price_adjustment,1.6084,0.4825,1.1259
RFD-000115,ORD-0001640,2024-12-22,2024-11-12,T-04,NSW,P-017277,partial_goodwill,4.9211,1.4763,3.4448
RFD-000116,ORD-0001650,2024-12-11,2024-11-12,T-04,STEAM,P-018138,price_adjustment,3.2723,0.9817,2.2906
RFD-000117,ORD-0001656,2024-11-20,2024-11-12,T-04,STEAM,P-004797,price_adjustment,3.4414,1.0324,2.409
RFD-000118,ORD-0001685,2024-12-23,2024-11-13,T-04,STEAM,P-009991,price_adjustment,9.8537,2.9561,6.8976
RFD-000119,ORD-0001688,2024-11-21,2024-11-13,T-04,STEAM,P-013696,price_adjustment,11.3713,3.4114,7.9599
RFD-000120,ORD-0001695,2024-11-30,2024-11-13,T-04,STEAM,P-043953,price_adjustment,9.9535,2.986,6.9674
RFD-000121,ORD-0001700,2024-11-21,2024-11-13,T-04,STEAM,P-030276,partial_goodwill,1.6356,0.4907,1.1449
RFD-000122,ORD-0001709,2024-11-21,2024-11-13,T-04,PSN,P-009870,partial_goodwill,2.4834,0.745,1.7384
RFD-000123,ORD-0001717,2025-01-24,2024-11-14,T-01,NSW,P-015165,accidental_purchase,4.9904,1.4971,3.4933
RFD-000124,ORD-0001726,2024-12-13,2024-11-14,T-01,PSN,P-031888,partial_goodwill,8.7514,2.6254,6.126
RFD-000125,ORD-0001735,2024-11-19,2024-11-14,T-01,STEAM,P-004960,accidental_purchase,99.9858,29.9957,69.99
RFD-000126,ORD-0001760,2025-01-24,2024-11-14,T-01,PSN,P-009258,accidental_purchase,49.99,14.997,34.993
RFD-000127,ORD-0001763,2024-12-01,2024-11-14,T-01,STEAM,P-007809,partial_goodwill,29.9924,8.9977,20.9947
RFD-000128,ORD-0001776,2024-12-14,2024-11-15,T-01,STEAM,P-041152,partial_goodwill,1.6451,0.4935,1.1516
RFD-000129,ORD-0001777,2024-12-14,2024-11-15,T-01,STEAM,P-001436,partial_goodwill,12.4836,3.7451,8.7386
RFD-000130,ORD-0001797,2024-11-18,2024-11-15,T-01,STEAM,P-037520,price_adjustment,3.2925,0.9878,2.3048
RFD-000131,ORD-0001798,2024-12-06,2024-11-15,T-04,STEAM,P-016012,platform_policy,59.5634,17.869,41.6944
RFD-000132,ORD-0001804,2025-01-02,2024-11-15,T-01,STEAM,P-042682,accidental_purchase,59.8917,17.9675,41.9242
RFD-000133,ORD-0001834,2024-12-18,2024-11-15,T-01,STEAM,P-013858,accidental_purchase,19.987,5.9961,13.9909
RFD-000134,ORD-0001841,2024-11-18,2024-11-15,T-01,PSN,P-006311,partial_goodwill,4.9965,1.4989,3.4975
RFD-000135,ORD-0001857,2024-12-19,2024-11-16,T-04,STEAM,P-024802,accidental_purchase,14.871,4.4613,10.4097
RFD-000136,ORD-0001869,2024-12-15,2024-11-16,T-04,STEAM,P-025892,price_adjustment,3.2873,0.9862,2.3011
RFD-000137,ORD-0001872,2024-11-25,2024-11-16,T-01,NSW,P-042890,platform_policy,9.9935,2.9981,6.9955
RFD-000138,ORD-0001891,2024-11-19,2024-11-16,T-01,STEAM,P-015305,price_adjustment,8.7562,2.6269,6.1294
RFD-000139,ORD-0001910,2024-12-01,2024-11-17,T-01,STEAM,P-006597,player_request,9.9935,2.9981,6.9955
RFD-000140,ORD-0001916,2024-12-16,2024-11-17,T-01,STEAM,P-030573,partial_goodwill,2.4957,0.7487,1.747
RFD-000141,ORD-0001928,2025-01-27,2024-11-17,T-04,XBOX,P-001248,accidental_purchase,29.9247,8.9774,20.9473
RFD-000142,ORD-0001940,2024-11-25,2024-11-17,T-04,STEAM,P-038026,price_adjustment,14.7418,4.4225,10.3192
RFD-000143,ORD-0001955,2024-12-08,2024-11-17,T-01,PSN,P-015837,player_request,27.3806,8.2142,19.1664
RFD-000144,ORD-0001956,2024-12-20,2024-11-17,T-01,PSN,P-031940,player_request,9.977,2.9931,6.9839
RFD-000145,ORD-0001957,2024-12-08,2024-11-17,T-04,EPIC,P-006622,accidental_purchase,4.9797,0.5976,4.3821
RFD-000146,ORD-0001964,2024-12-20,2024-11-17,T-01,STEAM,P-025132,platform_policy,59.9982,17.9995,41.9987
RFD-000147,ORD-0001966,2024-11-25,2024-11-17,T-01,PSN,P-043701,partial_goodwill,4.3781,1.3134,3.0647
RFD-000148,ORD-0002003,2024-12-05,2024-11-18,T-01,STEAM,P-026988,partial_goodwill,3.3098,0.9929,2.3168
RFD-000149,ORD-0002052,2024-12-22,2024-11-19,T-01,STEAM,P-042985,platform_policy,49.2842,14.7853,34.499
RFD-000150,ORD-0002055,2024-12-06,2024-11-19,T-04,STEAM,P-044490,partial_goodwill,13.1976,3.9593,9.2383
RFD-000151,ORD-0002058,2024-12-22,2024-11-19,T-01,XBOX,P-004939,accidental_purchase,110.3029,33.0909,77.212
RFD-000152,ORD-0002090,2024-11-23,2024-11-20,T-01,PSN,P-008645,price_adjustment,33.8335,10.15,23.6834
RFD-000153,ORD-0002132,2024-11-29,2024-11-21,T-01,NSW,P-021416,partial_goodwill,5.7727,1.7318,4.0409
RFD-000154,ORD-0002134,2024-11-24,2024-11-21,T-01,XBOX,P-015315,price_adjustment,3.3194,0.9958,2.3235
RFD-000155,ORD-0002149,2024-12-20,2024-11-21,T-01,EPIC,P-042960,price_adjustment,3.3194,0.3983,2.921
RFD-000156,ORD-0002152,2024-11-24,2024-11-21,T-04,STEAM,P-023152,partial_goodwill,3.2745,0.9824,2.2922
RFD-000157,ORD-0002157,2024-12-20,2024-11-21,T-04,STEAM,P-008059,partial_goodwill,14.8212,4.4464,10.3749
RFD-000158,ORD-0002178,2024-11-25,2024-11-22,T-01,XBOX,P-015100,partial_goodwill,2.5127,0.7538,1.7589
RFD-000159,ORD-0002228,2024-12-09,2024-11-22,T-01,NSW,P-017631,price_adjustment,25.18,7.554,17.626
RFD-000160,ORD-0002268,2025-01-10,2024-11-23,T-01,STEAM,P-043736,platform_policy,9.9471,2.9841,6.9629
RFD-000161,ORD-0002311,2024-12-03,2024-11-24,T-01,PSN,P-012446,platform_policy,60.4107,18.1232,42.2875
RFD-000162,ORD-0002314,2025-02-03,2024-11-24,T-01,XBOX,P-017310,accidental_purchase,4.9848,1.4954,3.4893
RFD-000163,ORD-0002333,2024-12-11,2024-11-24,T-01,PSN,P-009140,partial_goodwill,7.5134,2.254,5.2594
RFD-000164,ORD-0002345,2025-01-03,2024-11-24,T-01,XBOX,P-035377,partial_goodwill,5.7708,1.7312,4.0396
RFD-000165,ORD-0002382,2024-12-02,2024-11-24,T-04,PSN,P-006351,partial_goodwill,2.4775,0.7432,1.7342
RFD-000166,ORD-0002384,2024-11-27,2024-11-25,T-01,STEAM,P-007863,platform_policy,10.0417,3.0125,7.0292
RFD-000167,ORD-0002386,2024-12-12,2024-11-25,T-01,EPIC,P-038132,partial_goodwill,12.5116,1.5014,11.0102
RFD-000168,ORD-0002392,2024-12-24,2024-11-25,T-01,STEAM,P-034751,partial_goodwill,25.0131,7.5039,17.5092
RFD-000169,ORD-0002400,2024-12-28,2024-11-25,T-04,PSN,P-000949,player_request,29.8483,8.9545,20.8938
RFD-000170,ORD-0002403,2024-12-12,2024-11-25,T-01,PSN,P-003353,partial_goodwill,5.0155,1.5047,3.5109
RFD-000171,ORD-0002414,2025-02-04,2024-11-25,T-01,STEAM,P-032353,platform_policy,50.2617,15.0785,35.1832
RFD-000172,ORD-0002428,2025-01-04,2024-11-25,T-01,PSN,P-003121,price_adjustment,2.4398,0.7319,1.7079
RFD-000173,ORD-0002444,2024-11-29,2024-11-26,T-01,STEAM,P-026875,price_adjustment,12.5094,3.7528,8.7566
RFD-000174,ORD-0002466,2025-01-13,2024-11-26,T-01,STEAM,P-028710,platform_policy,48.8074,14.6422,34.1652
RFD-000175,ORD-0002481,2025-01-05,2024-11-26,T-01,STEAM,P-012433,partial_goodwill,10.9796,3.2939,7.6857
RFD-000176,ORD-0002490,2025-01-05,2024-11-26,T-01,PSN,P-010012,partial_goodwill,32.2122,9.6637,22.5485
RFD-000177,ORD-0002511,2024-12-05,2024-11-27,T-04,EPIC,P-013353,partial_goodwill,14.8497,1.782,13.0677
RFD-000178,ORD-0002521,2025-02-06,2024-11-27,T-01,PSN,P-004020,player_request,9.9494,2.9848,6.9646
RFD-000179,ORD-0002530,2024-12-18,2024-11-27,T-04,XBOX,P-025669,platform_policy,34.6394,10.3918,24.2476
RFD-000180,ORD-0002590,2024-12-02,2024-11-29,T-01,EPIC,P-007611,partial_goodwill,1.2455,0.1495,1.0961
RFD-000181,ORD-0002665,2024-12-17,2024-11-30,T-01,PSN,P-043847,price_adjustment,2.501,0.7503,1.7507
RFD-000182,ORD-0002673,2024-12-29,2024-11-30,T-01,EPIC,P-016484,price_adjustment,2.491,0.2989,2.1921
RFD-000183,ORD-0002678,2024-12-03,2024-11-30,T-01,STEAM,P-024588,partial_goodwill,3.2208,0.9663,2.2546
RFD-000184,ORD-0002684,2024-12-02,2024-11-30,T-01,PSN,P-020132,platform_policy,4.8753,1.4626,3.4127
RFD-000185,ORD-0002686,2024-12-08,2024-11-30,T-01,PSN,P-016986,price_adjustment,3.3135,0.9941,2.3195
RFD-000186,ORD-0002690,2024-12-21,2024-11-30,T-01,STEAM,P-007984,platform_policy,49.964,14.9892,34.9748
RFD-000187,ORD-0002697,2024-12-29,2024-11-30,T-04,XBOX,P-008024,price_adjustment,7.4023,2.2207,5.1816
RFD-000188,ORD-0002715,2025-01-02,2024-11-30,T-01,XBOX,P-030769,platform_policy,5.0127,1.5038,3.5089
RFD-000189,ORD-0002757,2024-12-15,2024-12-01,T-01,PSN,P-004057,platform_policy,67.8206,20.3462,47.4744
RFD-000190,ORD-0002760,2025-01-10,2024-12-01,T-04,STEAM,P-032516,price_adjustment,9.7374,2.9212,6.8162
RFD-000191,ORD-0002781,2024-12-03,2024-12-01,T-01,EPIC,P-044957,player_request,50.2335,6.028,44.2055
RFD-000192,ORD-0002794,2025-02-10,2024-12-01,T-01,STEAM,P-009421,player_request,9.9941,2.9982,6.9959
RFD-000193,ORD-0002809,2024-12-04,2024-12-01,T-01,STEAM,P-007083,partial_goodwill,24.9757,7.4927,17.483
RFD-000194,ORD-0002818,2024-12-22,2024-12-01,T-01,STEAM,P-023727,accidental_purchase,117.5277,35.2583,82.2694
RFD-000195,ORD-0002836,2024-12-05,2024-12-02,T-04,STEAM,P-003363,partial_goodwill,7.4202,2.226,5.1941
RFD-000196,ORD-0002851,2024-12-05,2024-12-02,T-01,STEAM,P-042974,partial_goodwill,38.9693,11.6908,27.2785
RFD-000197,ORD-0002854,2024-12-19,2024-12-02,T-01,STEAM,P-016412,price_adjustment,4.3978,1.3193,3.0785
RFD-000198,ORD-0002885,2024-12-11,2024-12-03,T-01,STEAM,P-023552,price_adjustment,12.4962,3.7489,8.7473
RFD-000199,ORD-0002900,2024-12-20,2024-12-03,T-04,XBOX,P-028603,price_adjustment,3.462,1.0386,2.4234
RFD-000200,ORD-0002916,2024-12-06,2024-12-03,T-01,STEAM,P-033243,partial_goodwill,4.9494,1.4848,3.4646
RFD-000201,ORD-0002924,2024-12-12,2024-12-04,T-01,EPIC,P-017619,price_adjustment,1.645,0.1974,1.4476
RFD-000202,ORD-0002940,2024-12-13,2024-12-04,T-01,PSN,P-014679,accidental_purchase,96.9866,29.096,67.8906
RFD-000203,ORD-0002946,2024-12-13,2024-12-04,T-01,NSW,P-011507,platform_policy,60.0294,18.0088,42.0206
RFD-000204,ORD-0002963,2025-01-06,2024-12-04,T-01,XBOX,P-011243,player_request,9.691,2.9073,6.7837
RFD-000205,ORD-0002974,2024-12-07,2024-12-04,T-01,EPIC,P-042512,partial_goodwill,2.5025,0.3003,2.2022
RFD-000206,ORD-0002981,2025-01-21,2024-12-04,T-01,PSN,P-035016,player_request,9.6819,2.9046,6.7773
RFD-000207,ORD-0002992,2024-12-07,2024-12-05,T-01,PSN,P-026646,accidental_purchase,151.8917,45.5675,106.3242
RFD-000208,ORD-0003002,2024-12-13,2024-12-05,T-01,PSN,P-037167,partial_goodwill,30.0743,9.0223,21.052
RFD-000209,ORD-0003005,2025-01-07,2024-12-05,T-01,STEAM,P-022910,player_request,65.3673,19.6102,45.7571
RFD-000210,ORD-0003008,2024-12-22,2024-12-05,T-04,XBOX,P-014747,price_adjustment,2.487,0.7461,1.7409
RFD-000211,ORD-0003034,2024-12-13,2024-12-05,T-01,STEAM,P-037516,price_adjustment,16.9199,5.076,11.8439
RFD-000212,ORD-0003046,2025-01-04,2024-12-06,T-01,STEAM,P-013815,price_adjustment,1.6736,0.5021,1.1715
RFD-000213,ORD-0003061,2024-12-23,2024-12-06,T-01,STEAM,P-001024,partial_goodwill,15.0453,4.5136,10.5317
RFD-000214,ORD-0003073,2025-01-04,2024-12-06,T-01,PSN,P-006682,price_adjustment,4.9878,1.4963,3.4915
RFD-000215,ORD-0003097,2025-02-15,2024-12-06,T-01,EPIC,P-028182,player_request,10.0169,1.202,8.8149
RFD-000216,ORD-0003124,2024-12-14,2024-12-06,T-04,PSN,P-030323,price_adjustment,19.9438,5.9832,13.9607
RFD-000217,ORD-0003144,2025-02-15,2024-12-06,T-01,XBOX,P-026174,player_request,48.5547,14.5664,33.9883
RFD-000218,ORD-0003154,2024-12-23,2024-12-06,T-01,STEAM,P-013509,partial_goodwill,5.0085,1.5025,3.5059
RFD-000219,ORD-0003165,2024-12-28,2024-12-07,T-04,PSN,P-010685,accidental_purchase,15.0743,4.5223,10.552
RFD-000220,ORD-0003201,2024-12-10,2024-12-07,T-01,STEAM,P-024601,partial_goodwill,19.2258,5.7677,13.4581
RFD-000221,ORD-0003207,2025-01-09,2024-12-07,T-01,STEAM,P-028606,player_request,78.6469,23.5941,55.0528
RFD-000222,ORD-0003216,2024-12-12,2024-12-07,T-04,EPIC,P-008326,accidental_purchase,9.9669,1.196,8.7709
RFD-000223,ORD-0003244,2024-12-16,2024-12-08,T-01,STEAM,P-040855,price_adjustment,22.3531,6.7059,15.6472
RFD-000224,ORD-0003245,2024-12-16,2024-12-08,T-04,XBOX,P-024821,partial_goodwill,10.2168,3.0651,7.1518
RFD-000225,ORD-0003256,2024-12-11,2024-12-08,T-01,EPIC,P-008024,partial_goodwill,5.01,0.6012,4.4088
RFD-000226,ORD-0003267,2025-01-06,2024-12-08,T-01,STEAM,P-039331,partial_goodwill,3.2958,0.9887,2.307
RFD-000227,ORD-0003275,2024-12-17,2024-12-08,T-01,XBOX,P-019309,accidental_purchase,60.8813,18.2644,42.6169
RFD-000228,ORD-0003279,2024-12-13,2024-12-08,T-01,PSN,P-015014,accidental_purchase,50.7434,15.223,35.5204
RFD-000229,ORD-0003295,2024-12-29,2024-12-08,T-04,STEAM,P-042133,accidental_purchase,50.1056,15.0317,35.0739
RFD-000230,ORD-0003309,2024-12-16,2024-12-08,T-04,PSN,P-004958,price_adjustment,4.9778,1.4933,3.4845
RFD-000231,ORD-0003332,2025-01-17,2024-12-08,T-01,STEAM,P-034344,partial_goodwill,25.3717,7.6115,17.7602
RFD-000232,ORD-0003333,2025-01-06,2024-12-08,T-04,PSN,P-034901,price_adjustment,3.289,0.9867,2.3023
RFD-000233,ORD-0003345,2025-01-18,2024-12-09,T-01,STEAM,P-005059,partial_goodwill,27.3782,8.2134,19.1647
RFD-000234,ORD-0003352,2025-01-07,2024-12-09,T-04,XBOX,P-023070,price_adjustment,7.4298,2.2289,5.2009
RFD-000235,ORD-0003355,2024-12-11,2024-12-09,T-04,PSN,P-016817,player_request,4.94,1.482,3.458
RFD-000236,ORD-0003362,2024-12-26,2024-12-09,T-01,XBOX,P-023603,partial_goodwill,1.6807,0.5042,1.1765
RFD-000237,ORD-0003374,2025-01-18,2024-12-09,T-01,XBOX,P-035639,partial_goodwill,28.9845,8.6954,20.2892
RFD-000238,ORD-0003386,2024-12-30,2024-12-09,T-01,PSN,P-042222,player_request,109.5225,32.8568,76.6658
RFD-000239,ORD-0003422,2025-01-12,2024-12-10,T-04,STEAM,P-000750,platform_policy,64.2551,19.2765,44.9786
RFD-000240,ORD-0003431,2025-01-12,2024-12-10,T-04,STEAM,P-015073,player_request,59.3216,17.7965,41.5251
RFD-000241,ORD-0003436,2025-01-12,2024-12-10,T-01,PSN,P-038692,accidental_purchase,9.9365,2.9809,6.9555
RFD-000242,ORD-0003463,2024-12-12,2024-12-10,T-01,XBOX,P-016294,player_request,49.7219,14.9166,34.8053
RFD-000243,ORD-0003494,2025-01-20,2024-12-11,T-01,STEAM,P-022493,price_adjustment,16.4643,4.9393,11.525
RFD-000244,ORD-0003530,2024-12-29,2024-12-12,T-01,STEAM,P-007715,partial_goodwill,12.5069,3.7521,8.7548
RFD-000245,ORD-0003557,2024-12-15,2024-12-12,T-04,STEAM,P-012463,price_adjustment,10.1849,3.0555,7.1294
RFD-000246,ORD-0003563,2025-02-21,2024-12-12,T-01,XBOX,P-035377,platform_policy,19.9911,5.9973,13.9938
RFD-000247,ORD-0003603,2025-01-11,2024-12-13,T-01,XBOX,P-016528,price_adjustment,21.5015,6.4504,15.051
RFD-000248,ORD-0003613,2024-12-16,2024-12-13,T-01,STEAM,P-027707,price_adjustment,13.7881,4.1364,9.6517
RFD-000249,ORD-0003625,2025-01-22,2024-12-13,T-01,EPIC,P-022978,price_adjustment,4.3862,0.5263,3.8599
RFD-000250,ORD-0003638,2025-01-22,2024-12-13,T-01,STEAM,P-017404,partial_goodwill,25.5458,7.6637,17.8821
RFD-000251,ORD-0003693,2024-12-31,2024-12-14,T-01,STEAM,P-008458,partial_goodwill,5.0057,1.5017,3.504
RFD-000252,ORD-0003729,2024-12-19,2024-12-14,T-01,PSN,P-018293,platform_policy,20.0427,6.0128,14.0299
RFD-000253,ORD-0003735,2025-01-12,2024-12-14,T-01,PSN,P-039139,price_adjustment,8.8715,2.6615,6.2101
RFD-000254,ORD-0003737,2025-01-23,2024-12-14,T-01,PSN,P-015497,price_adjustment,1.2076,0.3623,0.8453
RFD-000255,ORD-0003745,2024-12-17,2024-12-14,T-04,EPIC,P-001212,partial_goodwill,4.9044,0.5885,4.3159
RFD-000256,ORD-0003759,2025-01-24,2024-12-15,T-01,STEAM,P-023980,price_adjustment,49.9414,14.9824,34.959
RFD-000257,ORD-0003826,2024-12-23,2024-12-15,T-01,NSW,P-009218,partial_goodwill,8.8715,2.6615,6.2101
RFD-000258,ORD-0003847,2024-12-24,2024-12-15,T-01,PSN,P-032081,accidental_purchase,50.6792,15.2038,35.4754
RFD-000259,ORD-0003867,2024-12-24,2024-12-16,T-04,STEAM,P-039121,partial_goodwill,29.9269,8.9781,20.9489
RFD-000260,ORD-0003886,2024-12-25,2024-12-16,T-01,STEAM,P-027874,player_request,77.7561,23.3268,54.4293
RFD-000261,ORD-0003907,2025-01-14,2024-12-16,T-01,STEAM,P-023011,price_adjustment,16.4741,4.9422,11.5319
RFD-000262,ORD-0003908,2025-02-02,2024-12-16,T-01,EPIC,P-016375,platform_policy,10.0156,1.2019,8.8138
RFD-000263,ORD-0003922,2025-02-26,2024-12-17,T-01,STEAM,P-034430,player_request,15.0552,4.5166,10.5386
RFD-000264,ORD-0003923,2025-01-26,2024-12-17,T-01,PSN,P-017489,price_adjustment,4.4134,1.324,3.0894
RFD-000265,ORD-0003932,2025-02-26,2024-12-17,T-04,XBOX,P-005794,platform_policy,29.721,8.9163,20.8047
RFD-000266,ORD-0003942,2024-12-25,2024-12-17,T-01,STEAM,P-025927,price_adjustment,2.403,0.7209,1.6821
RFD-000267,ORD-0003948,2025-01-26,2024-12-17,T-01,STEAM,P-041659,partial_goodwill,12.5757,3.7727,8.803
RFD-000268,ORD-0003952,2025-02-26,2024-12-17,T-01,STEAM,P-031102,platform_policy,17.5877,5.2763,12.3114
RFD-000269,ORD-0003979,2025-01-04,2024-12-18,T-04,PSN,P-006907,partial_goodwill,2.4973,0.7492,1.7481
RFD-000270,ORD-0003981,2025-01-27,2024-12-18,T-04,STEAM,P-022093,price_adjustment,5.0543,1.5163,3.538
RFD-000271,ORD-0003992,2024-12-26,2024-12-18,T-01,XBOX,P-004593,partial_goodwill,38.7988,11.6396,27.1592
RFD-000272,ORD-0003999,2024-12-26,2024-12-18,T-01,XBOX,P-036058,price_adjustment,25.1122,7.5337,17.5785
RFD-000273,ORD-0004004,2024-12-21,2024-12-18,T-01,PSN,P-027077,partial_goodwill,17.5839,5.2752,12.3087
RFD-000274,ORD-0004012,2024-12-21,2024-12-18,T-01,PSN,P-041614,price_adjustment,25.1638,7.5492,17.6147
RFD-000275,ORD-0004029,2024-12-21,2024-12-18,T-01,XBOX,P-012265,price_adjustment,11.3396,3.4019,7.9377
RFD-000276,ORD-0004047,2024-12-28,2024-12-19,T-01,PSN,P-031173,accidental_purchase,27.6152,8.2846,19.3307
RFD-000277,ORD-0004054,2024-12-22,2024-12-19,T-01,STEAM,P-041033,price_adjustment,25.7166,7.715,18.0016
RFD-000278,ORD-0004055,2025-02-05,2024-12-19,T-04,STEAM,P-040901,player_request,29.9944,8.9983,20.9961
RFD-000279,ORD-0004058,2024-12-27,2024-12-19,T-01,XBOX,P-036163,price_adjustment,32.6073,9.7822,22.8251
RFD-000280,ORD-0004071,2025-01-28,2024-12-19,T-01,PSN,P-010806,partial_goodwill,3.316,0.9948,2.3212
RFD-000281,ORD-0004130,2025-01-29,2024-12-20,T-01,PSN,P-002734,partial_goodwill,2.5129,0.7539,1.7591
RFD-000282,ORD-0004135,2024-12-28,2024-12-20,T-04,EPIC,P-034474,partial_goodwill,3.2583,0.391,2.8673
RFD-000283,ORD-0004153,2024-12-23,2024-12-20,T-01,PSN,P-005465,partial_goodwill,3.7848,1.1354,2.6494
RFD-000284,ORD-0004164,2024-12-29,2024-12-20,T-01,EPIC,P-009843,accidental_purchase,50.2489,6.0299,44.219
RFD-000285,ORD-0004185,2025-01-18,2024-12-20,T-01,STEAM,P-026735,partial_goodwill,16.6345,4.9903,11.6441
RFD-000286,ORD-0004187,2025-01-03,2024-12-20,T-01,EPIC,P-004911,accidental_purchase,73.2412,8.7889,64.4523
RFD-000287,ORD-0004190,2025-01-10,2024-12-20,T-01,STEAM,P-042920,platform_policy,27.7851,8.3355,19.4496
RFD-000288,ORD-0004216,2025-03-02,2024-12-21,T-01,PSN,P-004934,platform_policy,68.0538,20.4161,47.6377
RFD-000289,ORD-0004230,2025-01-07,2024-12-21,T-01,STEAM,P-031236,partial_goodwill,22.4358,6.7307,15.705
RFD-000290,ORD-0004252,2025-01-24,2024-12-22,T-01,STEAM,P-029772,player_request,50.4076,15.1223,35.2853
RFD-000291,ORD-0004257,2025-03-03,2024-12-22,T-01,STEAM,P-017457,player_request,50.366,15.1098,35.2562
RFD-000292,ORD-0004259,2024-12-25,2024-12-22,T-01,EPIC,P-040536,partial_goodwill,3.3139,0.3977,2.9162
RFD-000293,ORD-0004290,2024-12-25,2024-12-22,T-01,EPIC,P-030864,price_adjustment,15.0677,1.8081,13.2595
RFD-000294,ORD-0004311,2024-12-25,2024-12-22,T-01,STEAM,P-009992,partial_goodwill,6.3652,1.9095,4.4556
RFD-000295,ORD-0004326,2024-12-31,2024-12-22,T-01,STEAM,P-007238,platform_policy,22.6594,6.7978,15.8616
RFD-000296,ORD-0004363,2024-12-26,2024-12-23,T-01,EPIC,P-041990,partial_goodwill,5.0402,0.6048,4.4354
RFD-000297,ORD-0004375,2025-01-21,2024-12-23,T-04,STEAM,P-016280,partial_goodwill,2.5959,0.7788,1.8171
RFD-000298,ORD-0004382,2025-02-01,2024-12-23,T-01,PSN,P-019478,price_adjustment,5.8186,1.7456,4.073
RFD-000299,ORD-0004398,2024-12-31,2024-12-23,T-01,STEAM,P-037193,price_adjustment,13.7887,4.1366,9.6521
RFD-000300,ORD-0004435,2025-01-10,2024-12-24,T-01,PSN,P-041323,price_adjustment,2.3962,0.7189,1.6773
RFD-000301,ORD-0004444,2025-01-10,2024-12-24,T-01,PSN,P-001286,price_adjustment,3.2981,0.9894,2.3087
RFD-000302,ORD-0004456,2025-01-10,2024-12-24,T-01,EPIC,P-022063,partial_goodwill,15.8368,1.9004,13.9364
RFD-000303,ORD-0004458,2024-12-27,2024-12-24,T-04,STEAM,P-015132,price_adjustment,2.4684,0.7405,1.7279
RFD-000304,ORD-0004461,2025-01-10,2024-12-24,T-01,XBOX,P-001969,price_adjustment,3.3142,0.9943,2.3199
RFD-000305,ORD-0004469,2025-01-02,2024-12-24,T-01,STEAM,P-006701,platform_policy,4.992,1.4976,3.4944
RFD-000306,ORD-0004480,2025-01-01,2024-12-24,T-04,XBOX,P-010186,price_adjustment,1.1999,0.36,0.8399
RFD-000307,ORD-0004492,2025-01-10,2024-12-24,T-01,STEAM,P-037864,price_adjustment,3.2981,0.9894,2.3087
RFD-000308,ORD-0004494,2025-01-22,2024-12-24,T-01,PSN,P-005655,partial_goodwill,19.9284,5.9785,13.9499
RFD-000309,ORD-0004506,2024-12-30,2024-12-25,T-01,EPIC,P-015610,accidental_purchase,68.1393,8.1767,59.9625
RFD-000310,ORD-0004507,2025-01-02,2024-12-25,T-01,PSN,P-010382,partial_goodwill,16.4943,4.9483,11.546
RFD-000311,ORD-0004514,2025-01-02,2024-12-25,T-01,XBOX,P-031457,price_adjustment,4.9901,1.497,3.4931
RFD-000312,ORD-0004515,2025-01-11,2024-12-25,T-01,EPIC,P-022653,partial_goodwill,2.5064,0.3008,2.2056
RFD-000313,ORD-0004556,2025-01-08,2024-12-25,T-04,XBOX,P-013213,player_request,10.4447,3.1334,7.3113
RFD-000314,ORD-0004558,2025-01-11,2024-12-25,T-01,PSN,P-040341,price_adjustment,5.0642,1.5192,3.5449
RFD-000315,ORD-0004599,2025-01-12,2024-12-26,T-01,STEAM,P-041471,price_adjustment,13.8962,4.1689,9.7274
RFD-000316,ORD-0004629,2024-12-30,2024-12-27,T-01,STEAM,P-039067,partial_goodwill,3.1884,0.9565,2.2319
RFD-000317,ORD-0004636,2025-01-13,2024-12-27,T-04,STEAM,P-003880,price_adjustment,9.8461,2.9538,6.8923
RFD-000318,ORD-0004640,2025-01-13,2024-12-27,T-01,STEAM,P-023637,partial_goodwill,12.4969,3.7491,8.7478
RFD-000319,ORD-0004645,2024-12-30,2024-12-27,T-01,PSN,P-022466,partial_goodwill,53.1779,15.9534,37.2245
RFD-000320,ORD-0004650,2025-01-13,2024-12-27,T-01,EPIC,P-025725,price_adjustment,8.7528,1.0503,7.7025
RFD-000321,ORD-0004651,2025-01-04,2024-12-27,T-01,EPIC,P-030635,price_adjustment,5.7755,0.6931,5.0824
RFD-000322,ORD-0004661,2025-01-17,2024-12-27,T-01,PSN,P-041453,platform_policy,50.2254,15.0676,35.1578
RFD-000323,ORD-0004675,2025-01-25,2024-12-27,T-01,PSN,P-036260,partial_goodwill,25.1127,7.5338,17.5789
RFD-000324,ORD-0004697,2025-01-10,2024-12-27,T-01,STEAM,P-032989,accidental_purchase,26.5871,7.9761,18.611
RFD-000325,ORD-0004698,2025-01-05,2024-12-27,T-04,XBOX,P-032393,accidental_purchase,4.8353,1.4506,3.3847
RFD-000326,ORD-0004702,2024-12-30,2024-12-27,T-01,PSN,P-030362,price_adjustment,24.9839,7.4952,17.4887
RFD-000327,ORD-0004743,2025-01-04,2024-12-27,T-01,STEAM,P-014271,price_adjustment,12.6094,3.7828,8.8266
RFD-000328,ORD-0004749,2025-02-14,2024-12-28,T-01,EPIC,P-002321,player_request,50.2976,6.0357,44.2619
RFD-000329,ORD-0004769,2025-01-26,2024-12-28,T-01,EPIC,P-006248,partial_goodwill,3.7441,0.4493,3.2948
RFD-000330,ORD-0004774,2025-01-26,2024-12-28,T-01,PSN,P-000774,price_adjustment,24.9839,7.4952,17.4887
RFD-000331,ORD-0004796,2025-02-06,2024-12-28,T-01,PSN,P-038412,partial_goodwill,24.1731,7.2519,16.9212
RFD-000332,ORD-0004798,2025-01-26,2024-12-28,T-04,STEAM,P-021538,price_adjustment,2.4759,0.7428,1.7332
RFD-000333,ORD-0004815,2025-01-06,2024-12-28,T-01,PSN,P-015841,player_request,16.9255,5.0777,11.8479
RFD-000334,ORD-0004830,2025-01-11,2024-12-28,T-01,STEAM,P-025841,player_request,50.2976,15.0893,35.2083
RFD-000335,ORD-0004832,2025-01-26,2024-12-28,T-01,STEAM,P-026789,partial_goodwill,8.8317,2.6495,6.1822
RFD-000336,ORD-0004837,2025-01-01,2024-12-29,T-04,PSN,P-017672,price_adjustment,20.1245,6.0374,14.0872
RFD-000337,ORD-0004853,2025-01-19,2024-12-29,T-01,STEAM,P-040765,accidental_purchase,9.6616,2.8985,6.7631
RFD-000338,ORD-0004878,2025-02-15,2024-12-29,T-01,PSN,P-044141,platform_policy,104.9442,31.4833,73.4609
RFD-000339,ORD-0004883,2025-01-01,2024-12-29,T-04,XBOX,P-028875,price_adjustment,12.6662,3.7999,8.8663
RFD-000340,ORD-0004901,2025-01-27,2024-12-29,T-01,PSN,P-013994,price_adjustment,5.806,1.7418,4.0642
RFD-000341,ORD-0004912,2025-01-27,2024-12-29,T-04,STEAM,P-007905,price_adjustment,2.6089,0.7827,1.8262
RFD-000342,ORD-0004926,2025-02-01,2024-12-30,T-01,EPIC,P-010177,accidental_purchase,50.5401,6.0648,44.4753
RFD-000343,ORD-0004927,2025-01-02,2024-12-30,T-01,STEAM,P-018417,price_adjustment,8.7511,2.6253,6.1258
RFD-000344,ORD-0004934,2025-01-07,2024-12-30,T-01,EPIC,P-008476,price_adjustment,20.7027,2.4843,18.2184
RFD-000345,ORD-0004941,2025-01-28,2024-12-30,T-04,EPIC,P-020319,partial_goodwill,1.2395,0.1487,1.0907
RFD-000346,ORD-0004947,2025-01-04,2024-12-30,T-04,EPIC,P-043466,player_request,34.8485,4.1818,30.6667
RFD-000347,ORD-0004950,2025-01-08,2024-12-30,T-04,XBOX,P-008942,accidental_purchase,34.7477,10.4243,24.3234
RFD-000348,ORD-0004959,2025-01-04,2024-12-30,T-01,STEAM,P-035636,platform_policy,101.0803,30.3241,70.7562
RFD-000349,ORD-0004965,2025-01-02,2024-12-30,T-04,PSN,P-009469,price_adjustment,9.8423,2.9527,6.8896
RFD-000350,ORD-0004969,2025-02-08,2024-12-30,T-01,XBOX,P-000476,price_adjustment,22.4967,6.749,15.7477
RFD-000351,ORD-0004971,2025-01-02,2024-12-31,T-01,XBOX,P-003699,accidental_purchase,50.4346,15.1304,35.3042
RFD-000352,ORD-0004988,2025-01-09,2024-12-31,T-01,STEAM,P-040137,player_request,17.4744,5.2423,12.2321
RFD-000353,ORD-0004991,2025-01-29,2024-12-31,T-04,XBOX,P-026002,partial_goodwill,14.4852,4.3456,10.1396
RFD-000354,ORD-0005011,2025-03-13,2025-01-01,T-01,EPIC,P-008967,accidental_purchase,50.0067,6.0008,44.0059
RFD-000355,ORD-0005013,2025-01-04,2025-01-01,T-01,STEAM,P-025554,partial_goodwill,15.1495,4.5448,10.6046
RFD-000356,ORD-0005023,2025-02-03,2025-01-01,T-01,STEAM,P-024490,player_request,50.0067,15.002,35.0047
RFD-000357,ORD-0005030,2025-01-04,2025-01-01,T-01,EPIC,P-026679,partial_goodwill,18.3328,2.1999,16.1328
RFD-000358,ORD-0005042,2025-01-15,2025-01-01,T-04,STEAM,P-020486,player_request,9.9336,2.9801,6.9535
RFD-000359,ORD-0005051,2025-03-13,2025-01-01,T-04,STEAM,P-013904,accidental_purchase,59.6613,17.8984,41.7629
RFD-000360,ORD-0005098,2025-01-05,2025-01-02,T-01,XBOX,P-031023,price_adjustment,4.386,1.3158,3.0702
RFD-000361,ORD-0005154,2025-02-12,2025-01-03,T-01,STEAM,P-033981,price_adjustment,4.8519,1.4556,3.3963
RFD-000362,ORD-0005174,2025-01-20,2025-01-03,T-01,PSN,P-027904,partial_goodwill,12.544,3.7632,8.7808
RFD-000363,ORD-0005187,2025-01-12,2025-01-04,T-04,STEAM,P-020536,partial_goodwill,2.4287,0.7286,1.7001
RFD-000364,ORD-0005196,2025-01-12,2025-01-04,T-04,PSN,P-035677,price_adjustment,13.3742,4.0123,9.3619
RFD-000365,ORD-0005200,2025-01-21,2025-01-04,T-04,PSN,P-034430,price_adjustment,8.2245,2.4674,5.7572
RFD-000366,ORD-0005209,2025-01-13,2025-01-04,T-01,EPIC,P-010179,accidental_purchase,5.0128,0.6015,4.4112
RFD-000367,ORD-0005223,2025-02-13,2025-01-04,T-01,STEAM,P-021641,partial_goodwill,1.6509,0.4953,1.1556
RFD-000368,ORD-0005239,2025-01-21,2025-01-04,T-01,STEAM,P-012176,price_adjustment,12.1415,3.6425,8.4991
RFD-000369,ORD-0005242,2025-01-18,2025-01-04,T-01,STEAM,P-012747,player_request,17.5797,5.2739,12.3058
RFD-000370,ORD-0005243,2025-02-21,2025-01-04,T-01,EPIC,P-029905,player_request,20.061,2.4073,17.6537
RFD-000371,ORD-0005244,2025-01-25,2025-01-04,T-01,PSN,P-043804,platform_policy,17.5743,5.2723,12.302
RFD-000372,ORD-0005257,2025-03-16,2025-01-04,T-04,STEAM,P-043948,accidental_purchase,44.9091,13.4727,31.4364
RFD-000373,ORD-0005277,2025-01-07,2025-01-04,T-04,STEAM,P-018559,partial_goodwill,2.4287,0.7286,1.7001
RFD-000374,ORD-0005354,2025-01-08,2025-01-06,T-01,STEAM,P-021691,accidental_purchase,117.5785,35.2735,82.3049
RFD-000375,ORD-0005361,2025-01-15,2025-01-06,T-01,PSN,P-031006,player_request,29.9671,8.9901,20.9769
RFD-000376,ORD-0005373,2025-02-04,2025-01-06,T-01,PSN,P-034569,price_adjustment,7.1854,2.1556,5.0298
RFD-000377,ORD-0005387,2025-02-16,2025-01-07,T-01,STEAM,P-026049,partial_goodwill,3.2971,0.9891,2.308
RFD-000378,ORD-0005413,2025-01-24,2025-01-07,T-04,PSN,P-004182,partial_goodwill,7.2657,2.1797,5.086
RFD-000379,ORD-0005434,2025-01-10,2025-01-07,T-04,XBOX,P-039675,price_adjustment,7.4765,2.2429,5.2335
RFD-000380,ORD-0005442,2025-01-12,2025-01-07,T-01,STEAM,P-019083,player_request,60.1014,18.0304,42.071
RFD-000381,ORD-0005471,2025-01-16,2025-01-08,T-01,XBOX,P-032863,partial_goodwill,8.7742,2.6323,6.1419
RFD-000382,ORD-0005481,2025-02-10,2025-01-08,T-01,XBOX,P-013350,platform_policy,96.7089,29.0127,67.6962
RFD-000383,ORD-0005482,2025-02-17,2025-01-08,T-01,XBOX,P-013791,price_adjustment,4.3821,1.3146,3.0675
RFD-000384,ORD-0005490,2025-01-16,2025-01-08,T-01,STEAM,P-042479,price_adjustment,33.0705,9.9211,23.1493
RFD-000385,ORD-0005495,2025-01-29,2025-01-08,T-01,XBOX,P-039500,player_request,9.6633,2.899,6.7643
RFD-000386,ORD-0005513,2025-02-17,2025-01-08,T-01,PSN,P-039623,partial_goodwill,16.5292,4.9588,11.5704
RFD-000387,ORD-0005533,2025-03-21,2025-01-09,T-01,XBOX,P-001592,accidental_purchase,9.6296,2.8889,6.7407
RFD-000388,ORD-0005538,2025-02-11,2025-01-09,T-01,XBOX,P-022973,player_request,10.0455,3.0137,7.0319
RFD-000389,ORD-0005540,2025-01-26,2025-01-09,T-01,STEAM,P-026398,price_adjustment,13.7709,4.1313,9.6396
RFD-000390,ORD-0005548,2025-01-18,2025-01-09,T-01,NSW,P-019508,platform_policy,105.5531,31.6659,73.8872
RFD-000391,ORD-0005552,2025-01-11,2025-01-09,T-01,STEAM,P-002518,platform_policy,65.117,19.5351,45.5819
RFD-000392,ORD-0005581,2025-01-13,2025-01-10,T-04,XBOX,P-014809,price_adjustment,20.1232,6.037,14.0863
RFD-000393,ORD-0005582,2025-02-08,2025-01-10,T-01,STEAM,P-009340,partial_goodwill,29.0557,8.7167,20.339
RFD-000394,ORD-0005585,2025-01-19,2025-01-10,T-01,STEAM,P-031822,platform_policy,101.4962,30.4489,71.0473
RFD-000395,ORD-0005600,2025-02-08,2025-01-10,T-01,EPIC,P-002908,partial_goodwill,9.0474,1.0857,7.9617
RFD-000396,ORD-0005623,2025-01-27,2025-01-10,T-01,STEAM,P-021388,partial_goodwill,4.9989,1.4997,3.4992
RFD-000397,ORD-0005635,2025-01-15,2025-01-10,T-04,XBOX,P-037545,player_request,29.8737,8.9621,20.9116
RFD-000398,ORD-0005646,2025-01-27,2025-01-10,T-04,PSN,P-000995,price_adjustment,6.735,2.0205,4.7145
RFD-000399,ORD-0005672,2025-01-14,2025-01-11,T-01,STEAM,P-033837,partial_goodwill,7.4335,2.23,5.2034
RFD-000400,ORD-0005680,2025-02-20,2025-01-11,T-01,NSW,P-043855,partial_goodwill,5.5959,1.6788,3.9171
RFD-000401,ORD-0005692,2025-02-01,2025-01-11,T-01,PSN,P-009751,platform_policy,49.8765,14.963,34.9136
RFD-000402,ORD-0005700,2025-01-14,2025-01-11,T-01,EPIC,P-031630,price_adjustment,18.0737,2.1688,15.9048
RFD-000403,ORD-0005706,2025-02-20,2025-01-11,T-01,STEAM,P-041501,partial_goodwill,4.9989,1.4997,3.4992
RFD-000404,ORD-0005707,2025-02-09,2025-01-11,T-04,XBOX,P-024141,partial_goodwill,7.3391,2.2017,5.1374
RFD-000405,ORD-0005718,2025-01-20,2025-01-11,T-01,STEAM,P-008389,accidental_purchase,96.8621,29.0586,67.8035
RFD-000406,ORD-0005724,2025-01-19,2025-01-11,T-01,STEAM,P-008223,price_adjustment,1.6463,0.4939,1.1524
RFD-000407,ORD-0005771,2025-01-20,2025-01-12,T-04,STEAM,P-013067,price_adjustment,8.7107,2.6132,6.0975
RFD-000408,ORD-0005780,2025-01-20,2025-01-12,T-04,STEAM,P-028710,partial_goodwill,2.4219,0.7266,1.6953
RFD-000409,ORD-0005790,2025-01-20,2025-01-12,T-04,STEAM,P-030606,price_adjustment,9.9929,2.9979,6.995
RFD-000410,ORD-0005806,2025-01-15,2025-01-12,T-01,STEAM,P-038199,partial_goodwill,25.0344,7.5103,17.5241
RFD-000411,ORD-0005811,2025-01-17,2025-01-12,T-04,NSW,P-041579,platform_policy,40.2464,12.0739,28.1725
RFD-000412,ORD-0005823,2025-03-25,2025-01-13,T-04,PSN,P-044119,player_request,29.9283,8.9785,20.9498
RFD-000413,ORD-0005824,2025-02-11,2025-01-13,T-01,PSN,P-007841,price_adjustment,5.008,1.5024,3.5056
RFD-000414,ORD-0005825,2025-01-30,2025-01-13,T-01,STEAM,P-029170,price_adjustment,3.296,0.9888,2.3072
RFD-000415,ORD-0005842,2025-03-02,2025-01-13,T-01,PSN,P-007992,accidental_purchase,72.4489,21.7347,50.7142
RFD-000416,ORD-0005881,2025-02-12,2025-01-14,T-01,NSW,P-028344,price_adjustment,1.6476,0.4943,1.1533
RFD-000417,ORD-0005902,2025-01-17,2025-01-14,T-01,PSN,P-020133,price_adjustment,5.7916,1.7375,4.0541
RFD-000418,ORD-0005919,2025-03-03,2025-01-14,T-01,STEAM,P-004074,accidental_purchase,50.1174,15.0352,35.0822
RFD-000419,ORD-0005920,2025-01-17,2025-01-14,T-01,XBOX,P-019949,partial_goodwill,3.2898,0.987,2.3029
RFD-000420,ORD-0005984,2025-02-17,2025-01-15,T-01,PSN,P-016554,player_request,50.1673,15.0502,35.1171
RFD-000421,ORD-0005998,2025-03-04,2025-01-15,T-01,STEAM,P-010747,player_request,4.9916,1.4975,3.4941
RFD-000422,ORD-0006005,2025-01-24,2025-01-16,T-01,STEAM,P-005818,partial_goodwill,12.55,3.765,8.785
RFD-000423,ORD-0006007,2025-03-05,2025-01-16,T-01,NSW,P-011242,platform_policy,65.23,19.569,45.661
RFD-000424,ORD-0006016,2025-01-25,2025-01-16,T-01,PSN,P-030625,player_request,9.9517,2.9855,6.9662
RFD-000425,ORD-0006028,2025-02-25,2025-01-16,T-04,EPIC,P-042479,partial_goodwill,4.93,0.5916,4.3384
RFD-000426,ORD-0006034,2025-01-18,2025-01-16,T-01,PSN,P-004305,accidental_purchase,50.19,15.057,35.133
RFD-000427,ORD-0006059,2025-01-25,2025-01-17,T-01,EPIC,P-040386,partial_goodwill,3.7716,0.4526,3.319
RFD-000428,ORD-0006130,2025-02-26,2025-01-17,T-01,STEAM,P-020392,price_adjustment,19.76,5.928,13.832
RFD-000429,ORD-0006138,2025-02-03,2025-01-17,T-01,XBOX,P-014998,partial_goodwill,16.4448,4.9334,11.5114
RFD-000430,ORD-0006161,2025-02-27,2025-01-18,T-04,PSN,P-044588,partial_goodwill,4.8017,1.4405,3.3612
RFD-000431,ORD-0006166,2025-02-08,2025-01-18,T-01,XBOX,P-035101,accidental_purchase,49.9278,14.9784,34.9495
RFD-000432,ORD-0006167,2025-01-20,2025-01-18,T-04,NSW,P-043850,accidental_purchase,40.5449,12.1635,28.3814
RFD-000433,ORD-0006178,2025-01-21,2025-01-18,T-01,STEAM,P-028527,partial_goodwill,3.3202,0.9961,2.3242
RFD-000434,ORD-0006190,2025-01-21,2025-01-18,T-01,XBOX,P-043163,price_adjustment,16.6112,4.9833,11.6278
RFD-000435,ORD-0006200,2025-02-01,2025-01-18,T-04,PSN,P-039863,platform_policy,29.4289,8.8287,20.6003
RFD-000436,ORD-0006210,2025-01-26,2025-01-18,T-01,STEAM,P-040214,price_adjustment,1.6551,0.4965,1.1586
RFD-000437,ORD-0006215,2025-02-20,2025-01-18,T-04,XBOX,P-031006,player_request,10.0008,3.0002,7.0006
RFD-000438,ORD-0006227,2025-03-30,2025-01-18,T-01,XBOX,P-042720,accidental_purchase,5.0522,1.5156,3.5365
RFD-000439,ORD-0006233,2025-01-26,2025-01-18,T-01,STEAM,P-026996,price_adjustment,5.0255,1.5076,3.5178
RFD-000440,ORD-0006236,2025-03-30,2025-01-18,T-01,STEAM,P-036280,accidental_purchase,50.6126,15.1838,35.4288
RFD-000441,ORD-0006247,2025-03-31,2025-01-19,T-01,STEAM,P-021163,player_request,50.345,15.1035,35.2415
RFD-000442,ORD-0006254,2025-02-21,2025-01-19,T-01,NSW,P-044344,player_request,50.345,15.1035,35.2415
RFD-000443,ORD-0006255,2025-02-05,2025-01-19,T-01,STEAM,P-011362,partial_goodwill,7.5432,2.263,5.2803
RFD-000444,ORD-0006261,2025-02-05,2025-01-19,T-01,STEAM,P-028270,partial_goodwill,5.8179,1.7454,4.0725
RFD-000445,ORD-0006265,2025-02-02,2025-01-19,T-01,STEAM,P-012606,player_request,117.3357,35.2007,82.135
RFD-000446,ORD-0006267,2025-03-08,2025-01-19,T-01,EPIC,P-000894,player_request,48.5021,5.8202,42.6818
RFD-000447,ORD-0006269,2025-02-09,2025-01-19,T-04,PSN,P-011492,platform_policy,30.0156,9.0047,21.0109
RFD-000448,ORD-0006277,2025-02-28,2025-01-19,T-04,XBOX,P-016985,price_adjustment,3.3002,0.99,2.3101
RFD-000449,ORD-0006291,2025-02-05,2025-01-19,T-01,EPIC,P-010260,partial_goodwill,27.6853,3.3222,24.363
RFD-000450,ORD-0006304,2025-03-31,2025-01-19,T-04,STEAM,P-042541,platform_policy,30.0667,9.02,21.0467
RFD-000451,ORD-0006307,2025-01-27,2025-01-19,T-01,XBOX,P-013826,price_adjustment,50.345,15.1035,35.2415
RFD-000452,ORD-0006308,2025-01-22,2025-01-19,T-04,STEAM,P-031704,partial_goodwill,3.3051,0.9915,2.3136
RFD-000453,ORD-0006340,2025-03-01,2025-01-20,T-01,STEAM,P-044392,price_adjustment,3.2638,0.9791,2.2847
RFD-000454,ORD-0006344,2025-01-23,2025-01-20,T-04,PSN,P-030314,partial_goodwill,3.3108,0.9932,2.3176
RFD-000455,ORD-0006361,2025-02-18,2025-01-20,T-01,PSN,P-022873,partial_goodwill,5.7116,1.7135,3.9981
RFD-000456,ORD-0006400,2025-02-19,2025-01-21,T-01,PSN,P-041148,partial_goodwill,1.6547,0.4964,1.1583
RFD-000457,ORD-0006402,2025-01-30,2025-01-21,T-04,STEAM,P-021351,player_request,30.0655,9.0197,21.0459
RFD-000458,ORD-0006406,2025-02-19,2025-01-21,T-01,XBOX,P-004975,price_adjustment,3.3239,0.9972,2.3267
RFD-000459,ORD-0006430,2025-02-19,2025-01-21,T-01,STEAM,P-026311,partial_goodwill,16.3022,4.8907,11.4116
RFD-000460,ORD-0006436,2025-01-31,2025-01-22,T-01,NSW,P-013300,player_request,49.4115,14.8235,34.5881
RFD-000461,ORD-0006442,2025-01-30,2025-01-22,T-04,STEAM,P-044241,price_adjustment,2.4843,0.7453,1.739
RFD-000462,ORD-0006447,2025-03-11,2025-01-22,T-04,XBOX,P-007889,player_request,29.0595,8.7178,20.3416
RFD-000463,ORD-0006456,2025-02-08,2025-01-22,T-01,STEAM,P-035603,partial_goodwill,16.6084,4.9825,11.6259
RFD-000464,ORD-0006460,2025-02-05,2025-01-22,T-01,XBOX,P-025211,accidental_purchase,20.1186,6.0356,14.083
RFD-000465,ORD-0006469,2025-01-27,2025-01-22,T-04,PSN,P-034871,player_request,60.055,18.0165,42.0385
RFD-000466,ORD-0006471,2025-03-03,2025-01-22,T-01,STEAM,P-018385,partial_goodwill,13.7847,4.1354,9.6493
RFD-000467,ORD-0006476,2025-03-03,2025-01-22,T-04,STEAM,P-035381,partial_goodwill,10.2499,3.075,7.1749
RFD-000468,ORD-0006484,2025-02-01,2025-01-23,T-01,EPIC,P-041411,platform_policy,50.1426,6.0171,44.1255
RFD-000469,ORD-0006486,2025-02-01,2025-01-23,T-04,STEAM,P-013766,accidental_purchase,4.8322,1.4496,3.3825
RFD-000470,ORD-0006489,2025-01-31,2025-01-23,T-01,PSN,P-029957,partial_goodwill,1.5904,0.4771,1.1133
RFD-000471,ORD-0006502,2025-03-04,2025-01-23,T-01,PSN,P-001447,partial_goodwill,30.0816,9.0245,21.0571
RFD-000472,ORD-0006519,2025-01-28,2025-01-23,T-01,EPIC,P-022177,accidental_purchase,10.0932,1.2112,8.882
RFD-000473,ORD-0006537,2025-02-10,2025-01-24,T-04,XBOX,P-031591,price_adjustment,3.1766,0.953,2.2236
RFD-000474,ORD-0006538,2025-02-22,2025-01-24,T-01,PSN,P-023933,partial_goodwill,25.0395,7.5119,17.5277
RFD-000475,ORD-0006555,2025-01-26,2025-01-24,T-01,XBOX,P-004433,platform_policy,4.9258,1.4777,3.448
RFD-000476,ORD-0006560,2025-01-29,2025-01-24,T-04,STEAM,P-038720,platform_policy,20.3605,6.1082,14.2524
RFD-000477,ORD-0006571,2025-02-10,2025-01-24,T-01,PSN,P-031476,price_adjustment,5.5519,1.6656,3.8863
RFD-000478,ORD-0006572,2025-03-13,2025-01-24,T-01,EPIC,P-034523,platform_policy,9.9998,1.2,8.7999
RFD-000479,ORD-0006602,2025-02-22,2025-01-24,T-01,STEAM,P-014601,price_adjustment,12.3353,3.7006,8.6347
RFD-000480,ORD-0006640,2025-02-08,2025-01-25,T-01,STEAM,P-032219,player_request,17.5347,5.2604,12.2743
RFD-000481,ORD-0006654,2025-03-14,2025-01-25,T-01,STEAM,P-033984,platform_policy,27.576,8.2728,19.3032
RFD-000482,ORD-0006678,2025-02-23,2025-01-25,T-04,STEAM,P-039557,partial_goodwill,3.2859,0.9858,2.3001
RFD-000483,ORD-0006693,2025-01-28,2025-01-25,T-01,STEAM,P-029929,price_adjustment,25.0395,7.5119,17.5277
RFD-000484,ORD-0006694,2025-02-23,2025-01-25,T-04,STEAM,P-036028,partial_goodwill,9.95,2.985,6.965
RFD-000485,ORD-0006696,2025-01-28,2025-01-25,T-01,STEAM,P-042570,price_adjustment,25.0395,7.5119,17.5277
RFD-000486,ORD-0006712,2025-03-06,2025-01-25,T-04,NSW,P-016200,partial_goodwill,16.9688,5.0907,11.8782
RFD-000487,ORD-0006732,2025-02-16,2025-01-26,T-01,STEAM,P-016537,accidental_purchase,48.0853,14.4256,33.6597
RFD-000488,ORD-0006747,2025-01-29,2025-01-26,T-04,XBOX,P-035215,price_adjustment,19.2021,5.7606,13.4415
RFD-000489,ORD-0006786,2025-02-25,2025-01-27,T-01,STEAM,P-025677,price_adjustment,1.242,0.3726,0.8694
RFD-000490,ORD-0006816,2025-02-10,2025-01-27,T-04,NSW,P-030446,player_request,29.5074,8.8522,20.6552
RFD-000491,ORD-0006875,2025-01-31,2025-01-28,T-01,PSN,P-014693,partial_goodwill,32.8686,9.8606,23.008
RFD-000492,ORD-0006899,2025-02-05,2025-01-28,T-01,STEAM,P-002024,price_adjustment,29.5968,8.8791,20.7178
RFD-000493,ORD-0006921,2025-02-27,2025-01-29,T-01,EPIC,P-004234,price_adjustment,12.4671,1.4961,10.9711
RFD-000494,ORD-0006923,2025-02-06,2025-01-29,T-01,XBOX,P-027154,partial_goodwill,18.0997,5.4299,12.6698
RFD-000495,ORD-0006928,2025-03-18,2025-01-29,T-01,PSN,P-031650,accidental_purchase,5.0368,1.511,3.5257
RFD-000496,ORD-0006972,2025-02-06,2025-01-29,T-01,EPIC,P-038644,partial_goodwill,30.2974,3.6357,26.6617
RFD-000497,ORD-0006980,2025-02-15,2025-01-29,T-01,XBOX,P-021153,price_adjustment,15.8988,4.7697,11.1292
RFD-000498,ORD-0006995,2025-02-28,2025-01-30,T-01,PSN,P-029389,price_adjustment,4.8171,1.4451,3.372
RFD-000499,ORD-0006998,2025-02-04,2025-01-30,T-04,EPIC,P-043055,player_request,20.3529,2.4424,17.9106
RFD-000500,ORD-0007000,2025-02-08,2025-01-30,T-01,XBOX,P-020253,player_request,49.5952,14.8786,34.7166
RFD-000501,ORD-0007001,2025-03-11,2025-01-30,T-01,PSN,P-008531,price_adjustment,24.9709,7.4913,17.4796
RFD-000502,ORD-0007034,2025-02-02,2025-01-30,T-01,PSN,P-040841,price_adjustment,7.3404,2.2021,5.1383
RFD-000503,ORD-0007047,2025-02-01,2025-01-30,T-01,PSN,P-011210,platform_policy,17.4866,5.246,12.2406
RFD-000504,ORD-0007059,2025-03-04,2025-01-30,T-01,STEAM,P-023343,accidental_purchase,9.9824,2.9947,6.9877
RFD-000505,ORD-0007063,2025-03-12,2025-01-31,T-01,XBOX,P-038900,price_adjustment,23.8939,7.1682,16.7257
RFD-000506,ORD-0007067,2025-02-09,2025-01-31,T-01,PSN,P-043630,player_request,19.7934,5.938,13.8554
RFD-000507,ORD-0007087,2025-02-08,2025-01-31,T-04,PSN,P-025502,partial_goodwill,16.388,4.9164,11.4716
RFD-000508,ORD-0007089,2025-02-08,2025-01-31,T-01,PSN,P-003214,partial_goodwill,3.2692,0.9808,2.2885
RFD-000509,ORD-0007097,2025-02-03,2025-01-31,T-01,EPIC,P-000082,price_adjustment,11.4527,1.3743,10.0784
RFD-000510,ORD-0007112,2025-02-08,2025-01-31,T-01,PSN,P-000598,price_adjustment,4.9858,1.4957,3.49
RFD-000511,ORD-0007113,2025-02-08,2025-01-31,T-01,STEAM,P-035107,partial_goodwill,16.7233,5.017,11.7063
RFD-000512,ORD-0007114,2025-02-03,2025-01-31,T-01,PSN,P-026335,partial_goodwill,8.676,2.6028,6.0732
RFD-000513,ORD-0007124,2025-04-12,2025-01-31,T-01,PSN,P-008860,platform_policy,9.9815,2.9944,6.987
RFD-000514,ORD-0007130,2025-03-12,2025-01-31,T-01,PSN,P-043581,price_adjustment,24.8963,7.4689,17.4274
RFD-000515,ORD-0007132,2025-02-17,2025-01-31,T-01,XBOX,P-012894,price_adjustment,5.7719,1.7316,4.0404
RFD-000516,ORD-0007134,2025-02-17,2025-01-31,T-04,PSN,P-026618,partial_goodwill,2.6073,0.7822,1.8251
RFD-000517,ORD-0007153,2025-03-20,2025-01-31,T-01,PSN,P-004806,player_request,67.4322,20.2297,47.2026
RFD-000518,ORD-0007168,2025-03-13,2025-02-01,T-04,STEAM,P-015731,price_adjustment,10.8499,3.255,7.5949
RFD-000519,ORD-0007186,2025-02-18,2025-02-01,T-01,STEAM,P-011767,price_adjustment,5.7719,1.7316,4.0404
RFD-000520,ORD-0007187,2025-02-09,2025-02-01,T-01,NSW,P-032586,partial_goodwill,4.9858,1.4957,3.49
RFD-000521,ORD-0007191,2025-02-04,2025-02-01,T-01,STEAM,P-022308,partial_goodwill,4.9457,1.4837,3.462
RFD-000522,ORD-0007217,2025-02-04,2025-02-01,T-04,STEAM,P-028938,price_adjustment,2.4609,0.7383,1.7226
RFD-000523,ORD-0007239,2025-02-09,2025-02-01,T-04,XBOX,P-028281,partial_goodwill,1.2155,0.3646,0.8508
RFD-000524,ORD-0007241,2025-02-04,2025-02-01,T-01,STEAM,P-013928,price_adjustment,24.9686,7.4906,17.478
RFD-000525,ORD-0007253,2025-02-18,2025-02-01,T-01,STEAM,P-013908,partial_goodwill,7.4186,2.2256,5.193
RFD-000526,ORD-0007257,2025-02-09,2025-02-01,T-01,STEAM,P-036515,price_adjustment,4.9239,1.4772,3.4467
RFD-000527,ORD-0007278,2025-03-14,2025-02-02,T-01,EPIC,P-023341,partial_goodwill,4.8111,0.5773,4.2338
RFD-000528,ORD-0007290,2025-02-10,2025-02-02,T-04,PSN,P-004059,price_adjustment,7.3033,2.191,5.1123
RFD-000529,ORD-0007313,2025-03-14,2025-02-02,T-01,STEAM,P-025234,partial_goodwill,22.2518,6.6756,15.5763
RFD-000530,ORD-0007317,2025-02-23,2025-02-02,T-01,STEAM,P-001286,player_request,59.9287,17.9786,41.9501
RFD-000531,ORD-0007328,2025-03-07,2025-02-02,T-04,EPIC,P-003002,accidental_purchase,29.5795,3.5495,26.03
RFD-000532,ORD-0007341,2025-02-05,2025-02-02,T-04,STEAM,P-033497,partial_goodwill,14.8976,4.4693,10.4283
RFD-000533,ORD-0007344,2025-02-10,2025-02-02,T-01,EPIC,P-019376,partial_goodwill,74.9159,8.9899,65.926
RFD-000534,ORD-0007376,2025-02-06,2025-02-03,T-01,STEAM,P-004528,partial_goodwill,5.6413,1.6924,3.9489
RFD-000535,ORD-0007379,2025-03-15,2025-02-03,T-01,STEAM,P-011320,price_adjustment,2.4744,0.7423,1.7321
RFD-000536,ORD-0007385,2025-03-08,2025-02-03,T-01,STEAM,P-011617,accidental_purchase,34.7804,10.4341,24.3463
RFD-000537,ORD-0007386,2025-03-04,2025-02-03,T-01,STEAM,P-024515,price_adjustment,4.3431,1.3029,3.0402
RFD-000538,ORD-0007392,2025-03-15,2025-02-03,T-04,NSW,P-014909,partial_goodwill,3.378,1.0134,2.3646
RFD-000539,ORD-0007394,2025-02-11,2025-02-03,T-01,STEAM,P-039673,price_adjustment,2.5303,0.7591,1.7712
RFD-000540,ORD-0007406,2025-02-05,2025-02-03,T-01,XBOX,P-016811,accidental_purchase,4.9587,1.4876,3.4711
RFD-000541,ORD-0007413,2025-03-15,2025-02-03,T-04,PSN,P-031853,price_adjustment,4.929,1.4787,3.4503
RFD-000542,ORD-0007421,2025-02-12,2025-02-04,T-04,STEAM,P-039794,partial_goodwill,2.6112,0.7834,1.8278
RFD-000543,ORD-0007424,2025-03-16,2025-02-04,T-01,PSN,P-024964,partial_goodwill,16.4147,4.9244,11.4903
RFD-000544,ORD-0007442,2025-03-24,2025-02-04,T-01,STEAM,P-001250,platform_policy,99.4767,29.843,69.6337
RFD-000545,ORD-0007443,2025-02-18,2025-02-04,T-04,STEAM,P-004182,platform_policy,33.5537,10.0661,23.4876
RFD-000546,ORD-0007445,2025-02-07,2025-02-04,T-04,PSN,P-022983,price_adjustment,7.3293,2.1988,5.1305
RFD-000547,ORD-0007448,2025-03-05,2025-02-04,T-01,STEAM,P-007900,price_adjustment,13.1605,3.9482,9.2124
RFD-000548,ORD-0007462,2025-04-16,2025-02-04,T-04,STEAM,P-027030,platform_policy,19.7157,5.9147,13.801
RFD-000549,ORD-0007465,2025-02-21,2025-02-04,T-01,STEAM,P-004805,partial_goodwill,5.0637,1.5191,3.5446
RFD-000550,ORD-0007472,2025-02-09,2025-02-04,T-04,PSN,P-027154,accidental_purchase,10.3621,3.1086,7.2535
RFD-000551,ORD-0007478,2025-03-05,2025-02-04,T-01,XBOX,P-031040,price_adjustment,13.6349,4.0905,9.5444
RFD-000552,ORD-0007480,2025-02-22,2025-02-05,T-04,XBOX,P-010555,partial_goodwill,3.4189,1.0257,2.3932
RFD-000553,ORD-0007482,2025-02-22,2025-02-05,T-01,PSN,P-013509,partial_goodwill,3.2707,0.9812,2.2895
RFD-000554,ORD-0007531,2025-02-10,2025-02-05,T-04,STEAM,P-016229,player_request,4.9208,1.4762,3.4446
RFD-000555,ORD-0007535,2025-02-19,2025-02-05,T-04,STEAM,P-005225,accidental_purchase,10.3555,3.1066,7.2488
RFD-000556,ORD-0007562,2025-02-14,2025-02-06,T-04,STEAM,P-024181,price_adjustment,2.461,0.7383,1.7227
RFD-000557,ORD-0007574,2025-02-14,2025-02-06,T-01,STEAM,P-026215,partial_goodwill,2.4709,0.7413,1.7296
RFD-000558,ORD-0007589,2025-02-27,2025-02-06,T-04,STEAM,P-006721,accidental_purchase,59.2673,17.7802,41.4871
RFD-000559,ORD-0007597,2025-04-18,2025-02-06,T-01,PSN,P-035695,platform_policy,10.1077,3.0323,7.0754
RFD-000560,ORD-0007602,2025-02-15,2025-02-06,T-01,XBOX,P-011158,platform_policy,9.8837,2.9651,6.9186
RFD-000561,ORD-0007609,2025-03-07,2025-02-06,T-04,XBOX,P-014635,partial_goodwill,14.8168,4.445,10.3718
RFD-000562,ORD-0007631,2025-03-19,2025-02-07,T-01,PSN,P-037791,partial_goodwill,4.9687,1.4906,3.4781
RFD-000563,ORD-0007632,2025-02-12,2025-02-07,T-04,STEAM,P-001250,player_request,10.2018,3.0605,7.1412
RFD-000564,ORD-0007645,2025-02-28,2025-02-07,T-01,XBOX,P-019118,player_request,15.005,4.5015,10.5035
RFD-000565,ORD-0007670,2025-02-10,2025-02-07,T-01,STEAM,P-038009,partial_goodwill,12.355,3.7065,8.6485
RFD-000566,ORD-0007674,2025-02-10,2025-02-07,T-01,XBOX,P-008708,price_adjustment,24.8832,7.465,17.4183
RFD-000567,ORD-0007677,2025-03-12,2025-02-07,T-04,STEAM,P-018506,platform_policy,38.4535,11.536,26.9174
RFD-000568,ORD-0007683,2025-04-19,2025-02-07,T-01,EPIC,P-000278,player_request,17.4252,2.091,15.3342
RFD-000569,ORD-0007691,2025-03-08,2025-02-07,T-01,EPIC,P-022106,partial_goodwill,16.4235,1.9708,14.4527
RFD-000570,ORD-0007692,2025-03-08,2025-02-07,T-04,STEAM,P-025678,price_adjustment,20.2463,6.0739,14.1724
RFD-000571,ORD-0007701,2025-02-10,2025-02-07,T-04,STEAM,P-007329,price_adjustment,7.2855,2.1856,5.0998
RFD-000572,ORD-0007702,2025-03-19,2025-02-07,T-01,STEAM,P-005663,partial_goodwill,16.4235,4.9271,11.4965
RFD-000573,ORD-0007709,2025-03-19,2025-02-07,T-04,XBOX,P-007204,partial_goodwill,14.4214,4.3264,10.095
RFD-000574,ORD-0007724,2025-03-20,2025-02-08,T-01,STEAM,P-027357,partial_goodwill,23.996,7.1988,16.7972
RFD-000575,ORD-0007751,2025-03-01,2025-02-08,T-01,STEAM,P-034508,player_request,50.0735,15.0221,35.0515
RFD-000576,ORD-0007766,2025-02-11,2025-02-08,T-04,EPIC,P-035355,partial_goodwill,5.1968,0.6236,4.5732
RFD-000577,ORD-0007781,2025-02-25,2025-02-08,T-04,NSW,P-006054,partial_goodwill,14.8466,4.454,10.3926
RFD-000578,ORD-0007798,2025-03-20,2025-02-08,T-01,PSN,P-001323,partial_goodwill,4.7945,1.4384,3.3562
RFD-000579,ORD-0007829,2025-02-26,2025-02-09,T-01,STEAM,P-023016,partial_goodwill,26.3905,7.9172,18.4734
RFD-000580,ORD-0007841,2025-02-26,2025-02-09,T-01,PSN,P-016957,price_adjustment,2.4668,0.74,1.7268
RFD-000581,ORD-0007843,2025-02-12,2025-02-09,T-04,XBOX,P-027200,partial_goodwill,1.6265,0.4879,1.1385
RFD-000582,ORD-0007871,2025-03-21,2025-02-09,T-04,STEAM,P-015516,partial_goodwill,9.6164,2.8849,6.7315
RFD-000583,ORD-0007878,2025-03-21,2025-02-09,T-04,XBOX,P-020552,partial_goodwill,14.8466,4.454,10.3926
RFD-000584,ORD-0007882,2025-02-23,2025-02-09,T-04,STEAM,P-003854,platform_policy,4.9845,1.4953,3.4891
RFD-000585,ORD-0007897,2025-03-10,2025-02-09,T-01,STEAM,P-008737,price_adjustment,16.3166,4.895,11.4216
RFD-000586,ORD-0007898,2025-03-14,2025-02-09,T-01,XBOX,P-044853,player_request,52.7828,15.8349,36.948
RFD-000587,ORD-0007922,2025-03-22,2025-02-10,T-01,EPIC,P-040008,price_adjustment,4.9654,0.5958,4.3695
RFD-000588,ORD-0007927,2025-03-11,2025-02-10,T-04,XBOX,P-006698,price_adjustment,3.3424,1.0027,2.3397
RFD-000589,ORD-0007929,2025-02-13,2025-02-10,T-01,STEAM,P-033808,price_adjustment,5.7807,1.7342,4.0465
RFD-000590,ORD-0007957,2025-02-19,2025-02-10,T-04,STEAM,P-026923,accidental_purchase,39.7773,11.9332,27.8441
RFD-000591,ORD-0008011,2025-02-20,2025-02-11,T-04,STEAM,P-000125,player_request,44.6833,13.405,31.2783
RFD-000592,ORD-0008017,2025-02-19,2025-02-11,T-04,STEAM,P-014450,price_adjustment,4.967,1.4901,3.4769
RFD-000593,ORD-0008036,2025-02-14,2025-02-12,T-01,STEAM,P-004083,platform_policy,49.6759,14.9028,34.7731
RFD-000594,ORD-0008038,2025-02-14,2025-02-12,T-04,PSN,P-029142,player_request,9.8952,2.9686,6.9266
RFD-000595,ORD-0008059,2025-02-14,2025-02-12,T-04,PSN,P-023295,platform_policy,29.7153,8.9146,20.8007
RFD-000596,ORD-0008061,2025-04-01,2025-02-12,T-01,STEAM,P-040095,player_request,9.9399,2.982,6.9579
RFD-000597,ORD-0008065,2025-04-01,2025-02-12,T-01,PSN,P-014436,player_request,19.9095,5.9728,13.9366
RFD-000598,ORD-0008089,2025-03-25,2025-02-13,T-01,STEAM,P-029554,price_adjustment,9.0304,2.7091,6.3213
RFD-000599,ORD-0008101,2025-02-15,2025-02-13,T-01,PSN,P-026436,player_request,9.6283,2.8885,6.7398
RFD-000600,ORD-0008112,2025-02-16,2025-02-13,T-04,STEAM,P-041246,price_adjustment,3.233,0.9699,2.2631
RFD-000601,ORD-0008116,2025-03-14,2025-02-13,T-04,STEAM,P-004187,partial_goodwill,13.072,3.9216,9.1504
RFD-000602,ORD-0008132,2025-02-21,2025-02-13,T-01,STEAM,P-002940,price_adjustment,16.1769,4.8531,11.3238
RFD-000603,ORD-0008143,2025-03-18,2025-02-13,T-01,EPIC,P-026658,player_request,4.9876,0.5985,4.3891
RFD-000604,ORD-0008154,2025-04-03,2025-02-14,T-01,STEAM,P-026002,platform_policy,113.4492,34.0348,79.4144
RFD-000605,ORD-0008175,2025-02-22,2025-02-14,T-04,PSN,P-039776,partial_goodwill,2.4848,0.7454,1.7393
RFD-000606,ORD-0008176,2025-03-07,2025-02-14,T-01,EPIC,P-031678,platform_policy,15.0083,1.801,13.2073
RFD-000607,ORD-0008177,2025-04-03,2025-02-14,T-04,PSN,P-013440,platform_policy,49.5315,14.8595,34.6721
RFD-000608,ORD-0008220,2025-03-26,2025-02-14,T-01,PSN,P-005825,partial_goodwill,16.4753,4.9426,11.5327
RFD-000609,ORD-0008233,2025-02-23,2025-02-14,T-01,XBOX,P-034635,player_request,60.0931,18.0279,42.0652
RFD-000610,ORD-0008239,2025-03-27,2025-02-15,T-04,PSN,P-018092,price_adjustment,8.74,2.622,6.118
RFD-000611,ORD-0008259,2025-03-27,2025-02-15,T-04,PSN,P-025289,partial_goodwill,4.9795,1.4938,3.4856
RFD-000612,ORD-0008264,2025-03-04,2025-02-15,T-04,STEAM,P-043783,partial_goodwill,1.6148,0.4844,1.1304
RFD-000613,ORD-0008272,2025-02-23,2025-02-15,T-01,XBOX,P-015747,price_adjustment,50.0842,15.0253,35.059
RFD-000614,ORD-0008323,2025-03-21,2025-02-16,T-04,STEAM,P-000998,player_request,29.4713,8.8414,20.6299
RFD-000615,ORD-0008327,2025-03-09,2025-02-16,T-01,STEAM,P-000842,platform_policy,152.346,45.7038,106.6422
RFD-000616,ORD-0008341,2025-02-19,2025-02-16,T-04,STEAM,P-014824,partial_goodwill,4.9795,1.4938,3.4856
RFD-000617,ORD-0008382,2025-03-05,2025-02-16,T-04,EPIC,P-018612,partial_goodwill,19.1493,2.2979,16.8514
RFD-000618,ORD-0008391,2025-04-28,2025-02-16,T-01,PSN,P-033542,player_request,4.9994,1.4998,3.4996
RFD-000619,ORD-0008395,2025-02-19,2025-02-16,T-01,STEAM,P-002626,partial_goodwill,25.0371,7.5111,17.526
RFD-000620,ORD-0008410,2025-03-02,2025-02-16,T-01,XBOX,P-024021,player_request,4.9994,1.4998,3.4996
RFD-000621,ORD-0008435,2025-03-29,2025-02-17,T-01,STEAM,P-029472,partial_goodwill,12.6438,3.7931,8.8506
RFD-000622,ORD-0008471,2025-02-20,2025-02-17,T-01,STEAM,P-019001,partial_goodwill,4.9864,1.4959,3.4905
RFD-000623,ORD-0008473,2025-02-19,2025-02-17,T-01,NSW,P-031958,platform_policy,9.9827,2.9948,6.9879
RFD-000624,ORD-0008476,2025-02-25,2025-02-17,T-01,STEAM,P-002969,partial_goodwill,8.4042,2.5213,5.8829
RFD-000625,ORD-0008486,2025-03-07,2025-02-18,T-04,EPIC,P-008082,partial_goodwill,14.9406,1.7929,13.1477
RFD-000626,ORD-0008492,2025-03-23,2025-02-18,T-01,EPIC,P-007627,platform_policy,55.0916,6.611,48.4806
RFD-000627,ORD-0008512,2025-03-07,2025-02-18,T-04,PSN,P-017647,partial_goodwill,13.0215,3.9064,9.115
RFD-000628,ORD-0008514,2025-04-07,2025-02-18,T-01,STEAM,P-000029,platform_policy,10.0003,3.0001,7.0002
RFD-000629,ORD-0008528,2025-03-23,2025-02-18,T-01,EPIC,P-020624,player_request,5.0002,0.6,4.4001
RFD-000630,ORD-0008537,2025-03-19,2025-02-18,T-01,STEAM,P-026713,price_adjustment,11.5149,3.4545,8.0604
RFD-000631,ORD-0008549,2025-04-07,2025-02-18,T-01,NSW,P-010084,accidental_purchase,5.0002,1.5,3.5001
RFD-000632,ORD-0008551,2025-02-20,2025-02-18,T-01,STEAM,P-024326,player_request,50.2,15.06,35.14
RFD-000633,ORD-0008563,2025-02-26,2025-02-18,T-01,STEAM,P-019573,price_adjustment,8.7876,2.6363,6.1514
RFD-000634,ORD-0008585,2025-02-27,2025-02-19,T-01,STEAM,P-031066,price_adjustment,32.9884,9.8965,23.0919
RFD-000635,ORD-0008611,2025-03-24,2025-02-19,T-04,XBOX,P-036968,platform_policy,9.8908,2.9672,6.9236
RFD-000636,ORD-0008614,2025-03-31,2025-02-19,T-01,STEAM,P-016134,partial_goodwill,16.5172,4.9552,11.562
RFD-000637,ORD-0008616,2025-02-22,2025-02-19,T-04,STEAM,P-040359,price_adjustment,14.7453,4.4236,10.3217
RFD-000638,ORD-0008618,2025-02-28,2025-02-19,T-01,STEAM,P-015199,platform_policy,50.0603,15.0181,35.0422
RFD-000639,ORD-0008623,2025-03-31,2025-02-19,T-01,STEAM,P-036220,price_adjustment,3.2962,0.9889,2.3073
RFD-000640,ORD-0008638,2025-02-28,2025-02-20,T-04,NSW,P-043259,price_adjustment,3.2773,0.9832,2.2941
RFD-000641,ORD-0008642,2025-02-23,2025-02-20,T-04,PSN,P-043283,price_adjustment,14.9397,4.4819,10.4578
RFD-000642,ORD-0008647,2025-03-25,2025-02-20,T-04,STEAM,P-018071,platform_policy,19.9379,5.9814,13.9565
RFD-000643,ORD-0008669,2025-05-02,2025-02-20,T-01,EPIC,P-041142,player_request,49.7926,5.9751,43.8175
RFD-000644,ORD-0008701,2025-03-14,2025-02-21,T-01,EPIC,P-019718,accidental_purchase,50.0293,6.0035,44.0258
RFD-000645,ORD-0008703,2025-03-02,2025-02-21,T-01,STEAM,P-026901,platform_policy,4.9559,1.4868,3.4691
RFD-000646,ORD-0008708,2025-02-26,2025-02-21,T-01,STEAM,P-043815,accidental_purchase,60.0173,18.0052,42.0121
RFD-000647,ORD-0008739,2025-03-02,2025-02-21,T-01,XBOX,P-037747,accidental_purchase,4.994,1.4982,3.4958
RFD-000648,ORD-0008769,2025-04-02,2025-02-21,T-01,STEAM,P-002590,price_adjustment,24.8241,7.4472,17.3769
RFD-000649,ORD-0008786,2025-03-22,2025-02-21,T-01,NSW,P-021672,partial_goodwill,7.4959,2.2488,5.2471
RFD-000650,ORD-0008799,2025-03-23,2025-02-22,T-01,EPIC,P-021978,price_adjustment,13.9121,1.6694,12.2426
RFD-000651,ORD-0008801,2025-03-27,2025-02-22,T-01,STEAM,P-030698,player_request,9.9879,2.9964,6.9915
RFD-000652,ORD-0008803,2025-03-23,2025-02-22,T-01,PSN,P-009242,price_adjustment,16.507,4.9521,11.5549
RFD-000653,ORD-0008804,2025-04-03,2025-02-22,T-01,STEAM,P-030503,partial_goodwill,7.4688,2.2406,5.2282
RFD-000654,ORD-0008806,2025-05-04,2025-02-22,T-01,PSN,P-013090,player_request,48.034,14.4102,33.6238
RFD-000655,ORD-0008809,2025-02-25,2025-02-22,T-01,STEAM,P-030966,partial_goodwill,22.1195,6.6358,15.4836
RFD-000656,ORD-0008856,2025-02-27,2025-02-22,T-01,PSN,P-030908,platform_policy,50.0293,15.0088,35.0205
RFD-000657,ORD-0008890,2025-03-09,2025-02-23,T-01,STEAM,P-020752,platform_policy,9.5902,2.8771,6.7131
RFD-000658,ORD-0008895,2025-03-03,2025-02-23,T-01,NSW,P-040176,price_adjustment,4.3673,1.3102,3.0571
RFD-000659,ORD-0008903,2025-03-12,2025-02-23,T-01,STEAM,P-021586,partial_goodwill,15.0018,4.5005,10.5013
RFD-000660,ORD-0008904,2025-04-04,2025-02-23,T-01,XBOX,P-042478,partial_goodwill,33.024,9.9072,23.1168
RFD-000661,ORD-0008910,2025-03-03,2025-02-23,T-01,XBOX,P-039303,price_adjustment,2.4003,0.7201,1.6802
RFD-000662,ORD-0008918,2025-04-04,2025-02-23,T-01,STEAM,P-035616,price_adjustment,50.0293,15.0088,35.0205
RFD-000663,ORD-0008924,2025-04-04,2025-02-23,T-01,STEAM,P-035033,price_adjustment,12.4691,3.7407,8.7284
RFD-000664,ORD-0008932,2025-04-04,2025-02-23,T-01,XBOX,P-039832,price_adjustment,33.7716,10.1315,23.6401
RFD-000665,ORD-0008954,2025-03-09,2025-02-23,T-01,STEAM,P-038325,platform_policy,64.8502,19.4551,45.3951
RFD-000666,ORD-0008975,2025-03-04,2025-02-24,T-04,STEAM,P-025273,price_adjustment,2.5163,0.7549,1.7614
RFD-000667,ORD-0008976,2025-03-10,2025-02-24,T-01,PSN,P-025858,accidental_purchase,4.9885,1.4965,3.4919
RFD-000668,ORD-0008981,2025-03-04,2025-02-24,T-04,PSN,P-044032,price_adjustment,15.81,4.743,11.067
RFD-000669,ORD-0009011,2025-03-13,2025-02-24,T-01,PSN,P-039636,price_adjustment,11.9591,3.5877,8.3714
RFD-000670,ORD-0009025,2025-03-25,2025-02-24,T-01,PSN,P-034590,partial_goodwill,30.1177,9.0353,21.0824
RFD-000671,ORD-0009027,2025-03-14,2025-02-25,T-01,PSN,P-015231,price_adjustment,4.3837,1.3151,3.0686
RFD-000672,ORD-0009035,2025-03-14,2025-02-25,T-04,XBOX,P-033055,partial_goodwill,10.1263,3.0379,7.0884
RFD-000673,ORD-0009071,2025-03-05,2025-02-25,T-01,XBOX,P-000218,price_adjustment,27.6491,8.2947,19.3544
RFD-000674,ORD-0009088,2025-03-05,2025-02-25,T-01,NSW,P-013680,price_adjustment,11.9561,3.5868,8.3693
RFD-000675,ORD-0009092,2025-04-06,2025-02-25,T-01,XBOX,P-005083,partial_goodwill,25.4214,7.6264,17.795
RFD-000676,ORD-0009098,2025-03-26,2025-02-25,T-04,PSN,P-000613,price_adjustment,5.2493,1.5748,3.6745
RFD-000677,ORD-0009104,2025-02-28,2025-02-25,T-04,STEAM,P-025541,partial_goodwill,3.2959,0.9888,2.3071
RFD-000678,ORD-0009174,2025-04-15,2025-02-26,T-01,STEAM,P-029881,accidental_purchase,10.1312,3.0393,7.0918
RFD-000679,ORD-0009202,2025-03-07,2025-02-27,T-01,XBOX,P-024039,price_adjustment,52.8801,15.864,37.0161
RFD-000680,ORD-0009203,2025-03-08,2025-02-27,T-01,STEAM,P-015568,accidental_purchase,50.3615,15.1085,35.2531
RFD-000681,ORD-0009206,2025-03-04,2025-02-27,T-04,PSN,P-029060,accidental_purchase,30.0423,9.0127,21.0296
RFD-000682,ORD-0009210,2025-05-09,2025-02-27,T-01,PSN,P-041671,accidental_purchase,60.4258,18.1277,42.2981
RFD-000683,ORD-0009213,2025-03-01,2025-02-27,T-01,EPIC,P-002480,player_request,4.7859,0.5743,4.2116
RFD-000684,ORD-0009221,2025-03-28,2025-02-27,T-01,XBOX,P-019988,price_adjustment,31.6409,9.4923,22.1486
RFD-000685,ORD-0009225,2025-03-02,2025-02-27,T-01,EPIC,P-030524,price_adjustment,3.3213,0.3986,2.9228
RFD-000686,ORD-0009263,2025-03-17,2025-02-28,T-01,STEAM,P-028545,partial_goodwill,2.5494,0.7648,1.7846
RFD-000687,ORD-0009265,2025-03-03,2025-02-28,T-04,STEAM,P-024829,price_adjustment,14.9941,4.4982,10.4959
RFD-000688,ORD-0009266,2025-03-14,2025-02-28,T-04,STEAM,P-031226,accidental_purchase,39.3606,11.8082,27.5524
RFD-000689,ORD-0009267,2025-03-14,2025-02-28,T-01,XBOX,P-029207,accidental_purchase,95.8275,28.7483,67.0793
RFD-000690,ORD-0009276,2025-03-21,2025-02-28,T-01,STEAM,P-027307,platform_policy,100.5416,30.1625,70.3791
RFD-000691,ORD-0009295,2025-04-02,2025-02-28,T-04,PSN,P-013442,accidental_purchase,4.988,1.4964,3.4916
RFD-000692,ORD-0009298,2025-04-09,2025-02-28,T-01,XBOX,P-042159,price_adjustment,3.2776,0.9833,2.2944
RFD-000693,ORD-0009311,2025-03-14,2025-02-28,T-01,PSN,P-001512,accidental_purchase,22.3602,6.7081,15.6522
RFD-000694,ORD-0009316,2025-03-17,2025-02-28,T-01,XBOX,P-039389,price_adjustment,4.194,1.2582,2.9358
RFD-000695,ORD-0009339,2025-03-06,2025-03-01,T-01,EPIC,P-004406,platform_policy,5.0181,0.6022,4.4159
RFD-000696,ORD-0009379,2025-03-10,2025-03-01,T-04,STEAM,P-034783,player_request,29.3006,8.7902,20.5104
RFD-000697,ORD-0009399,2025-03-22,2025-03-01,T-01,PSN,P-037889,player_request,17.399,5.2197,12.1793
RFD-000698,ORD-0009415,2025-03-30,2025-03-01,T-04,STEAM,P-028411,partial_goodwill,5.0407,1.5122,3.5285
RFD-000699,ORD-0009420,2025-03-04,2025-03-01,T-04,STEAM,P-029196,partial_goodwill,3.4656,1.0397,2.4259
RFD-000700,ORD-0009447,2025-03-31,2025-03-02,T-04,XBOX,P-017514,partial_goodwill,29.9882,8.9965,20.9917
RFD-000701,ORD-0009452,2025-03-31,2025-03-02,T-01,EPIC,P-024076,price_adjustment,4.9612,0.5953,4.3659
RFD-000702,ORD-0009463,2025-03-31,2025-03-02,T-01,XBOX,P-012263,price_adjustment,3.7661,1.1298,2.6362
RFD-000703,ORD-0009473,2025-03-16,2025-03-02,T-01,STEAM,P-008598,platform_policy,50.2708,15.0812,35.1896
RFD-000704,ORD-0009476,2025-05-12,2025-03-02,T-01,XBOX,P-000959,player_request,9.5752,2.8726,6.7026
RFD-000705,ORD-0009494,2025-03-07,2025-03-02,T-04,STEAM,P-031191,player_request,30.0522,9.0157,21.0366
RFD-000706,ORD-0009499,2025-03-05,2025-03-02,T-04,STEAM,P-044896,partial_goodwill,7.482,2.2446,5.2374
RFD-000707,ORD-0009500,2025-04-11,2025-03-02,T-04,STEAM,P-013113,partial_goodwill,7.5021,2.2506,5.2514
RFD-000708,ORD-0009503,2025-03-07,2025-03-02,T-01,STEAM,P-012550,accidental_purchase,4.7831,1.4349,3.3482
RFD-000709,ORD-0009512,2025-03-19,2025-03-02,T-01,STEAM,P-020673,price_adjustment,4.3509,1.3053,3.0457
RFD-000710,ORD-0009515,2025-04-12,2025-03-03,T-01,STEAM,P-020273,price_adjustment,11.3775,3.4132,7.9642
RFD-000711,ORD-0009527,2025-03-20,2025-03-03,T-01,PSN,P-028962,partial_goodwill,19.6938,5.9081,13.7857
RFD-000712,ORD-0009539,2025-04-12,2025-03-03,T-01,EPIC,P-004697,price_adjustment,18.3612,2.2033,16.1579
RFD-000713,ORD-0009568,2025-03-20,2025-03-03,T-01,STEAM,P-035609,partial_goodwill,3.3502,1.0051,2.3451
RFD-000714,ORD-0009574,2025-04-01,2025-03-03,T-01,NSW,P-024965,partial_goodwill,18.3612,5.5084,12.8528
RFD-000715,ORD-0009621,2025-03-18,2025-03-04,T-01,STEAM,P-030459,accidental_purchase,50.4153,15.1246,35.2907
RFD-000716,ORD-0009648,2025-03-18,2025-03-04,T-01,XBOX,P-000173,player_request,14.8836,4.4651,10.4185
RFD-000717,ORD-0009661,2025-03-10,2025-03-05,T-03,PSN,P-044066,player_request,14.9944,4.4983,10.496
RFD-000718,ORD-0009670,2025-04-03,2025-03-05,T-03,STEAM,P-019476,price_adjustment,6.3037,1.8911,4.4126
RFD-000719,ORD-0009679,2025-03-08,2025-03-05,T-04,STEAM,P-017200,partial_goodwill,11.6143,3.4843,8.13
RFD-000720,ORD-0009717,2025-04-15,2025-03-06,T-03,NSW,P-005993,partial_goodwill,15.1132,4.534,10.5793
RFD-000721,ORD-0009723,2025-03-15,2025-03-06,T-01,STEAM,P-018165,platform_policy,20.2148,6.0644,14.1504
RFD-000722,ORD-0009762,2025-03-09,2025-03-06,T-03,EPIC,P-026438,price_adjustment,6.2897,0.7548,5.5349
RFD-000723,ORD-0009790,2025-03-15,2025-03-07,T-04,STEAM,P-012294,partial_goodwill,5.1339,1.5402,3.5938
RFD-000724,ORD-0009795,2025-04-05,2025-03-07,T-03,STEAM,P-005449,price_adjustment,5.0003,1.5001,3.5002
RFD-000725,ORD-0009805,2025-03-09,2025-03-07,T-04,XBOX,P-010505,accidental_purchase,9.7627,2.9288,6.8339
RFD-000726,ORD-0009831,2025-04-09,2025-03-07,T-03,XBOX,P-027149,player_request,24.8961,7.4688,17.4273
RFD-000727,ORD-0009833,2025-03-24,2025-03-07,T-03,STEAM,P-035695,price_adjustment,12.505,3.7515,8.7535
RFD-000728,ORD-0009847,2025-03-24,2025-03-07,T-03,EPIC,P-003968,partial_goodwill,1.6446,0.1974,1.4473
RFD-000729,ORD-0009861,2025-04-24,2025-03-07,T-01,EPIC,P-006757,player_request,10.174,1.2209,8.9531
RFD-000730,ORD-0009865,2025-03-28,2025-03-07,T-03,STEAM,P-010064,accidental_purchase,15.0034,4.501,10.5024
RFD-000731,ORD-0009867,2025-03-12,2025-03-07,T-04,PSN,P-008576,accidental_purchase,35.0836,10.5251,24.5585
RFD-000732,ORD-0009872,2025-05-17,2025-03-07,T-01,XBOX,P-027151,accidental_purchase,50.4252,15.1276,35.2976
RFD-000733,ORD-0009873,2025-04-05,2025-03-07,T-01,XBOX,P-033377,partial_goodwill,72.2588,21.6776,50.5812
RFD-000734,ORD-0009925,2025-03-16,2025-03-08,T-01,STEAM,P-037530,partial_goodwill,24.8802,7.4641,17.4162
RFD-000735,ORD-0009930,2025-03-16,2025-03-08,T-01,PSN,P-003178,partial_goodwill,4.3524,1.3057,3.0467
RFD-000736,ORD-0009944,2025-03-17,2025-03-08,T-03,NSW,P-027072,accidental_purchase,4.9732,1.492,3.4812
RFD-000737,ORD-0009947,2025-03-16,2025-03-08,T-01,STEAM,P-022325,price_adjustment,15.8975,4.7693,11.1283
RFD-000738,ORD-0009965,2025-03-11,2025-03-08,T-01,STEAM,P-013653,price_adjustment,3.7776,1.1333,2.6443
RFD-000739,ORD-0009968,2025-03-25,2025-03-08,T-03,STEAM,P-013654,price_adjustment,2.6278,0.7883,1.8395
RFD-000740,ORD-0009970,2025-03-29,2025-03-08,T-04,XBOX,P-034123,player_request,29.3303,8.7991,20.5312
RFD-000741,ORD-0009972,2025-04-17,2025-03-08,T-01,STEAM,P-036776,partial_goodwill,25.2076,7.5623,17.6453
RFD-000742,ORD-0009976,2025-03-16,2025-03-08,T-01,PSN,P-011357,price_adjustment,16.422,4.9266,11.4954
RFD-000743,ORD-0009988,2025-03-23,2025-03-09,T-03,EPIC,P-013647,platform_policy,4.9732,0.5968,4.3764
RFD-000744,ORD-0009991,2025-04-26,2025-03-09,T-03,PSN,P-023094,player_request,10.0152,3.0046,7.0107
RFD-000745,ORD-0009997,2025-04-18,2025-03-09,T-03,EPIC,P-031134,price_adjustment,3.7374,0.4485,3.2889
RFD-000746,ORD-0010002,2025-04-18,2025-03-09,T-03,NSW,P-016274,price_adjustment,15.0034,4.501,10.5024
RFD-000747,ORD-0010009,2025-04-11,2025-03-09,T-01,STEAM,P-030524,accidental_purchase,78.1545,23.4464,54.7082
RFD-000748,ORD-0010012,2025-05-19,2025-03-09,T-01,EPIC,P-036422,platform_policy,14.9026,1.7883,13.1143
RFD-000749,ORD-0010041,2025-04-11,2025-03-09,T-01,XBOX,P-041424,player_request,55.9568,16.787,39.1698
RFD-000750,ORD-0010053,2025-03-17,2025-03-09,T-03,STEAM,P-026626,price_adjustment,5.0076,1.5023,3.5053
RFD-000751,ORD-0010058,2025-04-18,2025-03-09,T-03,STEAM,P-021084,partial_goodwill,4.9655,1.4897,3.4759
RFD-000752,ORD-0010059,2025-03-17,2025-03-09,T-03,STEAM,P-028166,partial_goodwill,3.7557,1.1267,2.629
RFD-000753,ORD-0010061,2025-03-26,2025-03-09,T-03,PSN,P-010024,partial_goodwill,2.63,0.789,1.841
RFD-000754,ORD-0010068,2025-04-27,2025-03-10,T-03,XBOX,P-027701,player_request,10.0144,3.0043,7.0101
RFD-000755,ORD-0010089,2025-03-24,2025-03-10,T-03,STEAM,P-040548,accidental_purchase,15.0797,4.5239,10.5558
RFD-000756,ORD-0010097,2025-03-27,2025-03-10,T-03,XBOX,P-029250,partial_goodwill,1.2454,0.3736,0.8718
RFD-000757,ORD-0010117,2025-03-18,2025-03-10,T-03,PSN,P-037349,partial_goodwill,12.4595,3.7378,8.7216
RFD-000758,ORD-0010138,2025-03-14,2025-03-11,T-04,PSN,P-012921,price_adjustment,1.2691,0.3807,0.8884
RFD-000759,ORD-0010173,2025-04-09,2025-03-11,T-01,XBOX,P-039970,partial_goodwill,24.8241,7.4472,17.3769
RFD-000760,ORD-0010209,2025-04-14,2025-03-12,T-03,STEAM,P-021041,platform_policy,10.0561,3.0168,7.0393
RFD-000761,ORD-0010225,2025-04-02,2025-03-12,T-03,STEAM,P-034769,accidental_purchase,20.3263,6.0979,14.2284
RFD-000762,ORD-0010245,2025-04-21,2025-03-12,T-03,STEAM,P-043016,partial_goodwill,6.6978,2.0093,4.6885
RFD-000763,ORD-0010261,2025-03-21,2025-03-12,T-01,STEAM,P-028658,platform_policy,48.4146,14.5244,33.8902
RFD-000764,ORD-0010295,2025-04-22,2025-03-13,T-04,STEAM,P-003771,price_adjustment,23.4905,7.0471,16.4433
RFD-000765,ORD-0010323,2025-03-30,2025-03-13,T-04,PSN,P-016213,partial_goodwill,2.4333,0.73,1.7033
RFD-000766,ORD-0010329,2025-04-11,2025-03-13,T-03,STEAM,P-043619,partial_goodwill,14.9881,4.4964,10.4916
RFD-000767,ORD-0010341,2025-03-16,2025-03-13,T-01,STEAM,P-021974,price_adjustment,3.2724,0.9817,2.2907
RFD-000768,ORD-0010346,2025-03-22,2025-03-13,T-03,STEAM,P-027045,player_request,4.9925,1.4978,3.4948
RFD-000769,ORD-0010360,2025-04-12,2025-03-14,T-03,XBOX,P-009330,partial_goodwill,6.7228,2.0168,4.7059
RFD-000770,ORD-0010372,2025-03-22,2025-03-14,T-01,STEAM,P-010081,price_adjustment,16.4333,4.93,11.5033
RFD-000771,ORD-0010386,2025-04-16,2025-03-14,T-01,STEAM,P-001795,accidental_purchase,54.9466,16.484,38.4626
RFD-000772,ORD-0010389,2025-04-16,2025-03-14,T-01,NSW,P-030099,player_request,9.6065,2.8819,6.7245
RFD-000773,ORD-0010395,2025-03-22,2025-03-14,T-04,STEAM,P-027672,price_adjustment,3.336,1.0008,2.3352
RFD-000774,ORD-0010442,2025-03-18,2025-03-15,T-04,EPIC,P-029223,price_adjustment,15.1795,1.8215,13.358
RFD-000775,ORD-0010445,2025-04-01,2025-03-15,T-04,PSN,P-002492,partial_goodwill,1.2019,0.3606,0.8414
RFD-000776,ORD-0010470,2025-03-18,2025-03-15,T-01,STEAM,P-009077,partial_goodwill,12.6634,3.799,8.8644
RFD-000777,ORD-0010478,2025-03-17,2025-03-15,T-01,STEAM,P-005782,accidental_purchase,10.1704,3.0511,7.1193
RFD-000778,ORD-0010488,2025-04-24,2025-03-15,T-03,STEAM,P-041967,price_adjustment,5.0294,1.5088,3.5206
RFD-000779,ORD-0010491,2025-04-13,2025-03-15,T-03,STEAM,P-029911,partial_goodwill,12.4455,3.7337,8.7119
RFD-000780,ORD-0010500,2025-05-02,2025-03-15,T-03,STEAM,P-035429,accidental_purchase,14.9474,4.4842,10.4632
RFD-000781,ORD-0010514,2025-04-01,2025-03-15,T-04,STEAM,P-043110,price_adjustment,14.445,4.3335,10.1115
RFD-000782,ORD-0010516,2025-03-23,2025-03-15,T-03,STEAM,P-019978,price_adjustment,3.2812,0.9844,2.2968
RFD-000783,ORD-0010518,2025-04-17,2025-03-15,T-03,PSN,P-039876,platform_policy,15.0781,4.5234,10.5547
RFD-000784,ORD-0010546,2025-04-17,2025-03-15,T-03,NSW,P-019956,platform_policy,30.146,9.0438,21.1022
RFD-000785,ORD-0010555,2025-04-25,2025-03-16,T-01,STEAM,P-014285,price_adjustment,13.9931,4.1979,9.7952
RFD-000786,ORD-0010580,2025-04-14,2025-03-16,T-03,EPIC,P-019041,price_adjustment,6.5754,0.7891,5.7864
RFD-000787,ORD-0010590,2025-04-25,2025-03-16,T-03,XBOX,P-017167,price_adjustment,1.7441,0.5232,1.2208
RFD-000788,ORD-0010616,2025-03-20,2025-03-17,T-01,XBOX,P-031226,partial_goodwill,4.9824,1.4947,3.4877
RFD-000789,ORD-0010638,2025-05-04,2025-03-17,T-03,STEAM,P-035427,accidental_purchase,5.2141,1.5642,3.6498
RFD-000790,ORD-0010641,2025-04-03,2025-03-17,T-01,NSW,P-040196,partial_goodwill,18.1158,5.4348,12.6811
RFD-000791,ORD-0010644,2025-03-25,2025-03-17,T-01,XBOX,P-037797,price_adjustment,4.4217,1.3265,3.0952
RFD-000792,ORD-0010663,2025-04-15,2025-03-17,T-03,EPIC,P-004153,partial_goodwill,5.1617,0.6194,4.5423
RFD-000793,ORD-0010686,2025-05-28,2025-03-18,T-01,STEAM,P-040706,accidental_purchase,5.0522,1.5157,3.5366
RFD-000794,ORD-0010694,2025-05-28,2025-03-18,T-03,STEAM,P-014945,player_request,4.9753,1.4926,3.4827
RFD-000795,ORD-0010711,2025-03-21,2025-03-18,T-03,PSN,P-010822,price_adjustment,3.7583,1.1275,2.6308
RFD-000796,ORD-0010716,2025-04-08,2025-03-18,T-04,STEAM,P-014742,player_request,21.335,6.4005,14.9345
RFD-000797,ORD-0010724,2025-04-27,2025-03-18,T-01,STEAM,P-028521,partial_goodwill,25.5389,7.6617,17.8772
RFD-000798,ORD-0010726,2025-04-27,2025-03-18,T-01,STEAM,P-015639,price_adjustment,8.7167,2.615,6.1017
RFD-000799,ORD-0010739,2025-03-20,2025-03-18,T-01,STEAM,P-040637,accidental_purchase,54.7636,16.4291,38.3345
RFD-000800,ORD-0010747,2025-04-16,2025-03-18,T-01,STEAM,P-031785,partial_goodwill,16.4333,4.93,11.5033
RFD-000801,ORD-0010750,2025-04-08,2025-03-18,T-03,PSN,P-011347,accidental_purchase,25.0658,7.5197,17.5461
RFD-000802,ORD-0010754,2025-04-27,2025-03-18,T-01,STEAM,P-039599,price_adjustment,24.8973,7.4692,17.4281
RFD-000803,ORD-0010757,2025-04-01,2025-03-18,T-01,STEAM,P-040736,player_request,56.1875,16.8563,39.3313
RFD-000804,ORD-0010766,2025-03-26,2025-03-18,T-04,NSW,P-028120,partial_goodwill,3.1784,0.9535,2.2249
RFD-000805,ORD-0010775,2025-03-22,2025-03-19,T-01,NSW,P-019758,partial_goodwill,16.8858,5.0658,11.8201
RFD-000806,ORD-0010778,2025-04-28,2025-03-19,T-01,STEAM,P-029869,partial_goodwill,8.963,2.6889,6.2741
RFD-000807,ORD-0010804,2025-04-28,2025-03-19,T-03,PSN,P-013596,partial_goodwill,12.6236,3.7871,8.8365
RFD-000808,ORD-0010824,2025-03-22,2025-03-19,T-04,STEAM,P-006357,price_adjustment,9.8824,2.9647,6.9177
RFD-000809,ORD-0010832,2025-03-22,2025-03-19,T-01,STEAM,P-006298,partial_goodwill,34.5466,10.364,24.1826
RFD-000810,ORD-0010840,2025-04-17,2025-03-19,T-03,NSW,P-012251,partial_goodwill,7.4654,2.2396,5.2258
RFD-000811,ORD-0010844,2025-03-24,2025-03-19,T-03,PSN,P-010418,player_request,15.1626,4.5488,10.6138
RFD-000812,ORD-0010852,2025-04-21,2025-03-19,T-04,STEAM,P-036843,accidental_purchase,30.5291,9.1587,21.3704
RFD-000813,ORD-0010854,2025-04-28,2025-03-19,T-03,EPIC,P-004028,partial_goodwill,3.7932,0.4552,3.338
RFD-000814,ORD-0010858,2025-04-09,2025-03-19,T-03,PSN,P-037928,accidental_purchase,30.3252,9.0975,21.2276
RFD-000815,ORD-0010862,2025-03-27,2025-03-19,T-01,STEAM,P-039536,partial_goodwill,25.3476,7.6043,17.7433
RFD-000816,ORD-0010869,2025-04-06,2025-03-20,T-01,STEAM,P-018598,partial_goodwill,1.2437,0.3731,0.8706
RFD-000817,ORD-0010879,2025-03-28,2025-03-20,T-01,PSN,P-013175,partial_goodwill,33.6425,10.0928,23.5498
RFD-000818,ORD-0010885,2025-03-23,2025-03-20,T-04,STEAM,P-005075,partial_goodwill,9.6704,2.9011,6.7693
RFD-000819,ORD-0010896,2025-03-23,2025-03-20,T-01,STEAM,P-022861,partial_goodwill,12.8167,3.845,8.9717
RFD-000820,ORD-0010933,2025-04-11,2025-03-21,T-01,EPIC,P-024754,platform_policy,4.9597,0.5952,4.3645
RFD-000821,ORD-0010949,2025-03-29,2025-03-21,T-03,STEAM,P-005450,price_adjustment,3.781,1.1343,2.6467
RFD-000822,ORD-0010950,2025-04-30,2025-03-21,T-03,PSN,P-017123,partial_goodwill,7.5721,2.2716,5.3005
RFD-000823,ORD-0010955,2025-03-24,2025-03-21,T-01,STEAM,P-011024,price_adjustment,7.6223,2.2867,5.3356
RFD-000824,ORD-0010962,2025-04-04,2025-03-21,T-01,EPIC,P-020403,player_request,10.2218,1.2266,8.9952
RFD-000825,ORD-0010977,2025-04-19,2025-03-21,T-03,XBOX,P-033667,price_adjustment,5.0447,1.5134,3.5313
RFD-000826,ORD-0010985,2025-04-07,2025-03-21,T-04,NSW,P-043259,price_adjustment,7.5064,2.2519,5.2545
RFD-000827,ORD-0011016,2025-03-23,2025-03-21,T-01,PSN,P-027857,player_request,81.5877,24.4763,57.1114
RFD-000828,ORD-0011030,2025-03-26,2025-03-21,T-01,XBOX,P-003788,platform_policy,9.9194,2.9758,6.9436
RFD-000829,ORD-0011055,2025-04-04,2025-03-21,T-04,STEAM,P-042688,platform_policy,10.1607,3.0482,7.1125
RFD-000830,ORD-0011083,2025-04-05,2025-03-22,T-01,STEAM,P-013452,platform_policy,10.2218,3.0665,7.1553
RFD-000831,ORD-0011116,2025-03-30,2025-03-22,T-03,XBOX,P-042694,partial_goodwill,17.6716,5.3015,12.3701
RFD-000832,ORD-0011117,2025-04-20,2025-03-22,T-03,STEAM,P-012484,price_adjustment,8.3364,2.5009,5.8355
RFD-000833,ORD-0011128,2025-06-01,2025-03-22,T-01,XBOX,P-005288,player_request,51.1498,15.345,35.8049
RFD-000834,ORD-0011129,2025-03-25,2025-03-22,T-04,STEAM,P-031631,partial_goodwill,3.2961,0.9888,2.3073
RFD-000835,ORD-0011155,2025-05-09,2025-03-22,T-03,XBOX,P-028665,platform_policy,15.1544,4.5463,10.6081
RFD-000836,ORD-0011167,2025-03-26,2025-03-23,T-03,PSN,P-002844,price_adjustment,5.116,1.5348,3.5812
RFD-000837,ORD-0011172,2025-03-26,2025-03-23,T-01,EPIC,P-044818,price_adjustment,2.4798,0.2976,2.1823
RFD-000838,ORD-0011180,2025-03-31,2025-03-23,T-03,PSN,P-006451,price_adjustment,7.5721,2.2716,5.3005
RFD-000839,ORD-0011188,2025-03-31,2025-03-23,T-03,PSN,P-034007,partial_goodwill,4.9611,1.4883,3.4728
RFD-000840,ORD-0011196,2025-05-02,2025-03-23,T-03,STEAM,P-033435,price_adjustment,3.7911,1.1373,2.6538
RFD-000841,ORD-0011199,2025-04-09,2025-03-23,T-03,PSN,P-005263,price_adjustment,1.2637,0.3791,0.8846
RFD-000842,ORD-0011213,2025-03-28,2025-03-23,T-01,XBOX,P-032170,player_request,17.906,5.3718,12.5342
RFD-000843,ORD-0011219,2025-05-02,2025-03-23,T-01,STEAM,P-007755,partial_goodwill,2.3979,0.7194,1.6786
RFD-000844,ORD-0011228,2025-03-26,2025-03-23,T-03,STEAM,P-008588,price_adjustment,4.9442,1.4833,3.4609
RFD-000845,ORD-0011252,2025-04-21,2025-03-23,T-04,PSN,P-034020,price_adjustment,30.2068,9.0621,21.1448
RFD-000846,ORD-0011267,2025-04-09,2025-03-23,T-03,XBOX,P-022741,partial_goodwill,7.5721,2.2716,5.3005
RFD-000847,ORD-0011269,2025-05-10,2025-03-23,T-03,NSW,P-008751,platform_policy,10.0995,3.0299,7.0697
RFD-000848,ORD-0011270,2025-03-31,2025-03-23,T-04,STEAM,P-024806,price_adjustment,7.326,2.1978,5.1282
RFD-000849,ORD-0011279,2025-04-13,2025-03-23,T-01,PSN,P-008598,platform_policy,5.1058,1.5317,3.5741
RFD-000850,ORD-0011282,2025-04-25,2025-03-23,T-03,STEAM,P-019434,platform_policy,20.2753,6.0826,14.1927
RFD-000851,ORD-0011287,2025-05-10,2025-03-23,T-03,EPIC,P-007958,platform_policy,20.2753,2.433,17.8423
RFD-000852,ORD-0011293,2025-03-26,2025-03-23,T-01,XBOX,P-022531,partial_goodwill,16.4073,4.9222,11.4851
RFD-000853,ORD-0011300,2025-03-27,2025-03-24,T-01,XBOX,P-020940,partial_goodwill,5.7627,1.7288,4.0339
RFD-000854,ORD-0011304,2025-04-07,2025-03-24,T-04,PSN,P-018826,accidental_purchase,30.0719,9.0216,21.0503
RFD-000855,ORD-0011318,2025-04-10,2025-03-24,T-01,EPIC,P-010949,price_adjustment,12.4512,1.4941,10.9571
RFD-000856,ORD-0011330,2025-04-22,2025-03-24,T-01,STEAM,P-035971,price_adjustment,14.9373,4.4812,10.4561
RFD-000857,ORD-0011377,2025-04-02,2025-03-25,T-03,PSN,P-022579,price_adjustment,7.6142,2.2843,5.3299
RFD-000858,ORD-0011395,2025-06-04,2025-03-25,T-01,XBOX,P-009832,player_request,61.7025,18.5107,43.1917
RFD-000859,ORD-0011403,2025-04-03,2025-03-25,T-03,STEAM,P-040644,platform_policy,15.2379,4.5714,10.6665
RFD-000860,ORD-0011404,2025-04-23,2025-03-25,T-01,STEAM,P-006100,price_adjustment,11.8875,3.5663,8.3213
RFD-000861,ORD-0011405,2025-04-03,2025-03-25,T-01,STEAM,P-008206,player_request,28.2739,8.4822,19.7917
RFD-000862,ORD-0011408,2025-04-15,2025-03-25,T-03,STEAM,P-026545,platform_policy,24.9872,7.4962,17.491
RFD-000863,ORD-0011466,2025-04-24,2025-03-26,T-01,EPIC,P-013365,price_adjustment,1.5758,0.1891,1.3867
RFD-000864,ORD-0011480,2025-04-04,2025-03-26,T-03,STEAM,P-027710,player_request,20.2945,6.0883,14.2061
RFD-000865,ORD-0011482,2025-04-16,2025-03-26,T-04,XBOX,P-004904,accidental_purchase,5.0992,1.5298,3.5695
RFD-000866,ORD-0011486,2025-05-13,2025-03-26,T-04,PSN,P-006653,accidental_purchase,15.2977,4.5893,10.7084
RFD-000867,ORD-0011514,2025-04-12,2025-03-26,T-01,STEAM,P-011838,price_adjustment,1.2799,0.384,0.8959
RFD-000868,ORD-0011516,2025-03-28,2025-03-26,T-03,STEAM,P-032726,player_request,15.226,4.5678,10.6582
RFD-000869,ORD-0011522,2025-03-29,2025-03-27,T-03,EPIC,P-006302,platform_policy,25.2825,3.0339,22.2486
RFD-000870,ORD-0011554,2025-04-13,2025-03-27,T-01,PSN,P-013473,price_adjustment,3.3785,1.0135,2.3649
RFD-000871,ORD-0011555,2025-03-30,2025-03-27,T-01,PSN,P-012161,price_adjustment,5.8965,1.7689,4.1275
RFD-000872,ORD-0011590,2025-03-31,2025-03-28,T-04,XBOX,P-002480,partial_goodwill,2.5174,0.7552,1.7622
RFD-000873,ORD-0011632,2025-04-26,2025-03-28,T-01,STEAM,P-031399,price_adjustment,47.8571,14.3571,33.5
RFD-000874,ORD-0011633,2025-04-02,2025-03-28,T-04,STEAM,P-014441,accidental_purchase,10.1854,3.0556,7.1298
RFD-000875,ORD-0011645,2025-06-07,2025-03-28,T-03,EPIC,P-003726,accidental_purchase,5.3279,0.6394,4.6886
RFD-000876,ORD-0011685,2025-04-02,2025-03-28,T-03,EPIC,P-027873,accidental_purchase,5.062,0.6074,4.4546
RFD-000877,ORD-0011690,2025-04-05,2025-03-28,T-01,STEAM,P-000201,partial_goodwill,25.6579,7.6974,17.9605
RFD-000878,ORD-0011691,2025-03-30,2025-03-28,T-01,STEAM,P-003041,accidental_purchase,17.9677,5.3903,12.5774
RFD-000879,ORD-0011693,2025-05-07,2025-03-28,T-01,STEAM,P-038081,price_adjustment,8.9889,2.6967,6.2923
RFD-000880,ORD-0011694,2025-04-01,2025-03-29,T-04,STEAM,P-003952,partial_goodwill,12.6535,3.796,8.8574
RFD-000881,ORD-0011707,2025-05-01,2025-03-29,T-04,NSW,P-041987,accidental_purchase,15.2781,4.5834,10.6947
RFD-000882,ORD-0011724,2025-04-01,2025-03-29,T-01,STEAM,P-011858,partial_goodwill,28.7114,8.6134,20.098
RFD-000883,ORD-0011729,2025-04-19,2025-03-29,T-03,XBOX,P-023512,player_request,15.1963,4.5589,10.6374
RFD-000884,ORD-0011734,2025-04-15,2025-03-29,T-01,PSN,P-021250,partial_goodwill,1.6873,0.5062,1.1811
RFD-000885,ORD-0011744,2025-03-31,2025-03-29,T-01,STEAM,P-009052,accidental_purchase,56.1889,16.8567,39.3323
RFD-000886,ORD-0011746,2025-04-27,2025-03-29,T-01,PSN,P-018930,partial_goodwill,2.3914,0.7174,1.674
RFD-000887,ORD-0011748,2025-04-15,2025-03-29,T-04,PSN,P-004576,partial_goodwill,9.6607,2.8982,6.7625
RFD-000888,ORD-0011764,2025-04-15,2025-03-29,T-04,EPIC,P-005206,partial_goodwill,4.79,0.5748,4.2152
RFD-000889,ORD-0011768,2025-04-01,2025-03-29,T-01,STEAM,P-038817,partial_goodwill,16.9348,5.0804,11.8544
RFD-000890,ORD-0011769,2025-03-31,2025-03-29,T-01,XBOX,P-036263,player_request,5.1234,1.537,3.5864
RFD-000891,ORD-0011778,2025-04-19,2025-03-29,T-03,STEAM,P-033710,platform_policy,15.2066,4.562,10.6446
RFD-000892,ORD-0011781,2025-04-01,2025-03-29,T-04,PSN,P-025932,price_adjustment,7.6595,2.2979,5.3617
RFD-000893,ORD-0011792,2025-04-16,2025-03-30,T-01,XBOX,P-006121,partial_goodwill,12.834,3.8502,8.9838
RFD-000894,ORD-0011794,2025-05-02,2025-03-30,T-04,EPIC,P-024818,platform_policy,10.1854,1.2223,8.9632
RFD-000895,ORD-0011797,2025-06-09,2025-03-30,T-01,STEAM,P-038644,player_request,5.0952,1.5285,3.5666
RFD-000896,ORD-0011800,2025-04-13,2025-03-30,T-01,XBOX,P-030751,player_request,149.0065,44.7019,104.3045
RFD-000897,ORD-0011813,2025-04-02,2025-03-30,T-03,PSN,P-016412,price_adjustment,10.1343,3.0403,7.094
RFD-000898,ORD-0011820,2025-04-08,2025-03-30,T-01,NSW,P-010327,player_request,51.0938,15.3281,35.7656
RFD-000899,ORD-0011870,2025-04-02,2025-03-30,T-01,XBOX,P-008843,partial_goodwill,29.8013,8.9404,20.8609
RFD-000900,ORD-0011876,2025-04-28,2025-03-30,T-01,EPIC,P-044010,price_adjustment,1.2395,0.1487,1.0908
RFD-000901,ORD-0011892,2025-04-21,2025-03-31,T-01,STEAM,P-025416,platform_policy,69.2356,20.7707,48.4649
RFD-000902,ORD-0011915,2025-05-10,2025-03-31,T-01,STEAM,P-042050,price_adjustment,7.3827,2.2148,5.1679
RFD-000903,ORD-0011925,2025-04-03,2025-03-31,T-04,EPIC,P-020193,partial_goodwill,3.2286,0.3874,2.8412
RFD-000904,ORD-0011928,2025-04-08,2025-03-31,T-01,STEAM,P-001672,price_adjustment,17.9526,5.3858,12.5668
RFD-000905,ORD-0011945,2025-06-10,2025-03-31,T-01,STEAM,P-023530,player_request,17.9526,5.3858,12.5668
RFD-000906,ORD-0011953,2025-05-10,2025-03-31,T-01,STEAM,P-003496,price_adjustment,12.8233,3.847,8.9763
RFD-000907,ORD-0011995,2025-06-11,2025-04-01,T-01,NSW,P-008275,player_request,10.2634,3.079,7.1844
RFD-000908,ORD-0011998,2025-05-11,2025-04-01,T-01,NSW,P-014229,partial_goodwill,4.3549,1.3065,3.0484
RFD-000909,ORD-0012013,2025-04-04,2025-04-01,T-01,STEAM,P-019236,price_adjustment,4.965,1.4895,3.4755
RFD-000910,ORD-0012018,2025-04-09,2025-04-01,T-03,EPIC,P-003461,partial_goodwill,5.0652,0.6078,4.4574
RFD-000911,ORD-0012019,2025-04-15,2025-04-01,T-03,XBOX,P-042372,accidental_purchase,5.2595,1.5779,3.6817
RFD-000912,ORD-0012023,2025-04-18,2025-04-01,T-01,XBOX,P-041033,price_adjustment,11.87,3.561,8.309
RFD-000913,ORD-0012027,2025-04-03,2025-04-01,T-01,STEAM,P-015748,player_request,9.4993,2.8498,6.6495
RFD-000914,ORD-0012034,2025-05-11,2025-04-01,T-04,PSN,P-031689,price_adjustment,2.4404,0.7321,1.7083
RFD-000915,ORD-0012054,2025-04-09,2025-04-01,T-04,EPIC,P-026922,partial_goodwill,9.6775,1.1613,8.5162
RFD-000916,ORD-0012058,2025-04-09,2025-04-01,T-03,STEAM,P-033302,partial_goodwill,1.6679,0.5004,1.1676
RFD-000917,ORD-0012077,2025-05-01,2025-04-02,T-03,XBOX,P-038885,partial_goodwill,1.727,0.5181,1.2089
RFD-000918,ORD-0012093,2025-04-04,2025-04-02,T-01,STEAM,P-024943,accidental_purchase,69.1738,20.7521,48.4217
RFD-000919,ORD-0012106,2025-04-16,2025-04-02,T-03,EPIC,P-017477,player_request,15.009,1.8011,13.2079
RFD-000920,ORD-0012137,2025-04-08,2025-04-03,T-03,XBOX,P-011303,player_request,5.1712,1.5513,3.6198
RFD-000921,ORD-0012160,2025-05-13,2025-04-03,T-01,EPIC,P-042678,partial_goodwill,16.9539,2.0345,14.9194
RFD-000922,ORD-0012166,2025-04-11,2025-04-03,T-03,NSW,P-027115,partial_goodwill,1.7609,0.5283,1.2326
RFD-000923,ORD-0012179,2025-04-05,2025-04-03,T-01,STEAM,P-003255,player_request,77.3483,23.2045,54.1438
RFD-000924,ORD-0012184,2025-05-13,2025-04-03,T-03,EPIC,P-011484,partial_goodwill,3.248,0.3898,2.8583
RFD-000925,ORD-0012189,2025-04-05,2025-04-03,T-01,XBOX,P-034888,accidental_purchase,10.2686,3.0806,7.188
RFD-000926,ORD-0012205,2025-04-09,2025-04-04,T-04,STEAM,P-007858,platform_policy,71.5094,21.4528,50.0566
RFD-000927,ORD-0012208,2025-05-03,2025-04-04,T-04,EPIC,P-035881,partial_goodwill,7.3822,0.8859,6.4963
RFD-000928,ORD-0012222,2025-05-14,2025-04-04,T-04,STEAM,P-020905,partial_goodwill,20.6931,6.2079,14.4852
RFD-000929,ORD-0012245,2025-04-25,2025-04-04,T-01,STEAM,P-043709,player_request,56.5194,16.9558,39.5636
RFD-000930,ORD-0012258,2025-04-09,2025-04-04,T-01,STEAM,P-044478,player_request,102.7794,30.8338,71.9456
RFD-000931,ORD-0012286,2025-05-03,2025-04-04,T-03,STEAM,P-007122,partial_goodwill,2.5211,0.7563,1.7648
RFD-000932,ORD-0012290,2025-06-14,2025-04-04,T-01,PSN,P-025526,accidental_purchase,49.5041,14.8512,34.6529
RFD-000933,ORD-0012293,2025-04-25,2025-04-04,T-03,STEAM,P-028153,platform_policy,45.6763,13.7029,31.9734
RFD-000934,ORD-0012300,2025-04-18,2025-04-04,T-01,STEAM,P-034897,accidental_purchase,10.2697,3.0809,7.1888
RFD-000935,ORD-0012315,2025-05-08,2025-04-05,T-03,NSW,P-014080,accidental_purchase,15.1245,4.5374,10.5872
RFD-000936,ORD-0012348,2025-05-15,2025-04-05,T-01,PSN,P-037997,partial_goodwill,1.6523,0.4957,1.1566
RFD-000937,ORD-0012351,2025-04-14,2025-04-05,T-01,EPIC,P-042167,accidental_purchase,17.99,2.1588,15.8312
RFD-000938,ORD-0012353,2025-04-08,2025-04-05,T-01,XBOX,P-007425,partial_goodwill,5.1298,1.5389,3.5908
RFD-000939,ORD-0012365,2025-05-04,2025-04-05,T-01,STEAM,P-015901,partial_goodwill,12.85,3.855,8.995
RFD-000940,ORD-0012380,2025-04-08,2025-04-05,T-01,XBOX,P-000774,partial_goodwill,51.3897,15.4169,35.9728
RFD-000941,ORD-0012382,2025-04-22,2025-04-05,T-01,XBOX,P-023308,price_adjustment,20.345,6.1035,14.2415
RFD-000942,ORD-0012383,2025-04-14,2025-04-05,T-01,STEAM,P-009070,player_request,5.1298,1.5389,3.5908
RFD-000943,ORD-0012399,2025-04-13,2025-04-05,T-03,STEAM,P-016866,partial_goodwill,3.8089,1.1427,2.6662
RFD-000944,ORD-0012402,2025-04-26,2025-04-05,T-03,STEAM,P-036618,platform_policy,15.2254,4.5676,10.6578
RFD-000945,ORD-0012408,2025-05-15,2025-04-05,T-04,STEAM,P-005915,partial_goodwill,23.775,7.1325,16.6425
RFD-000946,ORD-0012418,2025-05-23,2025-04-05,T-03,PSN,P-014610,platform_policy,5.3345,1.6004,3.7342
RFD-000947,ORD-0012432,2025-05-05,2025-04-06,T-04,STEAM,P-029985,partial_goodwill,8.9387,2.6816,6.2571
RFD-000948,ORD-0012447,2025-04-23,2025-04-06,T-03,XBOX,P-024226,price_adjustment,1.3311,0.3993,0.9318
RFD-000949,ORD-0012480,2025-04-09,2025-04-06,T-01,EPIC,P-027480,partial_goodwill,16.9558,2.0347,14.9211
RFD-000950,ORD-0012481,2025-05-24,2025-04-06,T-01,STEAM,P-027516,player_request,4.9991,1.4997,3.4994
RFD-000951,ORD-0012486,2025-04-23,2025-04-06,T-01,STEAM,P-021828,partial_goodwill,5.4852,1.6456,3.8396
RFD-000952,ORD-0012507,2025-04-23,2025-04-06,T-01,XBOX,P-037373,price_adjustment,55.0964,16.5289,38.5675
RFD-000953,ORD-0012511,2025-04-23,2025-04-06,T-01,EPIC,P-032464,partial_goodwill,23.7364,2.8484,20.888
RFD-000954,ORD-0012535,2025-05-09,2025-04-06,T-03,STEAM,P-039814,player_request,5.2315,1.5695,3.6621
RFD-000955,ORD-0012539,2025-05-16,2025-04-06,T-04,XBOX,P-026860,price_adjustment,17.8773,5.3632,12.5141
RFD-000956,ORD-0012544,2025-04-23,2025-04-06,T-03,PSN,P-006908,partial_goodwill,3.3482,1.0044,2.3437
RFD-000957,ORD-0012556,2025-06-16,2025-04-06,T-03,NSW,P-044424,accidental_purchase,10.0832,3.025,7.0583
RFD-000958,ORD-0012565,2025-05-06,2025-04-07,T-01,STEAM,P-032798,price_adjustment,12.8166,3.845,8.9716
RFD-000959,ORD-0012567,2025-04-12,2025-04-07,T-03,STEAM,P-029094,accidental_purchase,20.2411,6.0723,14.1688
RFD-000960,ORD-0012569,2025-05-10,2025-04-07,T-01,XBOX,P-023967,platform_policy,10.0877,3.0263,7.0614
RFD-000961,ORD-0012583,2025-04-15,2025-04-07,T-01,STEAM,P-020503,partial_goodwill,17.2999,5.19,12.1099
RFD-000962,ORD-0012584,2025-04-24,2025-04-07,T-03,STEAM,P-014379,partial_goodwill,2.5344,0.7603,1.7741
RFD-000963,ORD-0012585,2025-05-17,2025-04-07,T-01,XBOX,P-011733,price_adjustment,16.9118,5.0735,11.8383
RFD-000964,ORD-0012615,2025-04-16,2025-04-07,T-01,STEAM,P-040439,platform_policy,51.2563,15.3769,35.8794
RFD-000965,ORD-0012644,2025-04-28,2025-04-07,T-04,XBOX,P-009131,player_request,9.9885,2.9965,6.9919
RFD-000966,ORD-0012645,2025-04-21,2025-04-07,T-03,STEAM,P-036023,platform_policy,5.0812,1.5244,3.5569
RFD-000967,ORD-0012654,2025-04-21,2025-04-07,T-01,XBOX,P-037247,platform_policy,16.6165,4.985,11.6316
RFD-000968,ORD-0012679,2025-05-11,2025-04-08,T-01,STEAM,P-035045,platform_policy,16.6175,4.9853,11.6323
RFD-000969,ORD-0012690,2025-06-18,2025-04-08,T-03,EPIC,P-019524,accidental_purchase,25.5944,3.0713,22.5231
RFD-000970,ORD-0012695,2025-05-26,2025-04-08,T-04,STEAM,P-009708,player_request,9.9224,2.9767,6.9457
RFD-000971,ORD-0012713,2025-04-25,2025-04-08,T-03,XBOX,P-039430,partial_goodwill,17.731,5.3193,12.4117
RFD-000972,ORD-0012738,2025-04-16,2025-04-08,T-03,PSN,P-029736,partial_goodwill,1.6205,0.4862,1.1344
RFD-000973,ORD-0012745,2025-05-18,2025-04-08,T-03,PSN,P-024556,price_adjustment,3.8039,1.1412,2.6627
RFD-000974,ORD-0012794,2025-05-19,2025-04-09,T-03,PSN,P-020317,partial_goodwill,2.6631,0.7989,1.8642
RFD-000975,ORD-0012799,2025-04-12,2025-04-09,T-03,STEAM,P-018214,partial_goodwill,3.7406,1.1222,2.6184
RFD-000976,ORD-0012800,2025-04-17,2025-04-09,T-04,PSN,P-043453,price_adjustment,4.9427,1.4828,3.4599
RFD-000977,ORD-0012813,2025-05-27,2025-04-09,T-03,STEAM,P-009055,accidental_purchase,30.5385,9.1615,21.3769
RFD-000978,ORD-0012819,2025-05-01,2025-04-10,T-03,PSN,P-036910,player_request,15.274,4.5822,10.6918
RFD-000979,ORD-0012839,2025-04-18,2025-04-10,T-03,PSN,P-007499,price_adjustment,7.6319,2.2896,5.3423
RFD-000980,ORD-0012845,2025-05-20,2025-04-10,T-01,PSN,P-012242,price_adjustment,34.0301,10.209,23.8211
RFD-000981,ORD-0012851,2025-06-20,2025-04-10,T-03,STEAM,P-019243,platform_policy,15.274,4.5822,10.6918
RFD-000982,ORD-0012872,2025-04-13,2025-04-10,T-03,NSW,P-022035,partial_goodwill,3.8092,1.1428,2.6664
RFD-000983,ORD-0012893,2025-04-13,2025-04-10,T-03,XBOX,P-040841,partial_goodwill,3.8092,1.1428,2.6664
RFD-000984,ORD-0012912,2025-05-10,2025-04-11,T-03,PSN,P-001505,price_adjustment,1.3101,0.393,0.917
RFD-000985,ORD-0012932,2025-04-19,2025-04-11,T-03,EPIC,P-024630,partial_goodwill,1.2306,0.1477,1.0829
RFD-000986,ORD-0012965,2025-05-02,2025-04-11,T-01,EPIC,P-030329,accidental_purchase,61.6112,7.3933,54.2179
RFD-000987,ORD-0012985,2025-05-21,2025-04-11,T-03,STEAM,P-003110,price_adjustment,22.4438,6.7331,15.7106
RFD-000988,ORD-0013002,2025-04-19,2025-04-11,T-04,EPIC,P-011502,price_adjustment,5.3619,0.6434,4.7185
RFD-000989,ORD-0013040,2025-06-22,2025-04-12,T-01,STEAM,P-025688,player_request,57.0776,17.1233,39.9543
RFD-000990,ORD-0013042,2025-04-26,2025-04-12,T-04,XBOX,P-008667,platform_policy,15.2979,4.5894,10.7085
RFD-000991,ORD-0013046,2025-04-29,2025-04-12,T-04,XBOX,P-039625,partial_goodwill,7.4165,2.2249,5.1915
RFD-000992,ORD-0013047,2025-04-14,2025-04-12,T-04,NSW,P-010860,platform_policy,10.1985,3.0595,7.1389
RFD-000993,ORD-0013072,2025-04-20,2025-04-12,T-03,EPIC,P-003771,partial_goodwill,7.6029,0.9123,6.6906
RFD-000994,ORD-0013084,2025-06-22,2025-04-12,T-03,EPIC,P-020917,player_request,39.4326,4.7319,34.7007
RFD-000995,ORD-0013102,2025-04-20,2025-04-12,T-03,STEAM,P-013633,partial_goodwill,11.3848,3.4154,7.9693
RFD-000996,ORD-0013105,2025-05-30,2025-04-12,T-01,PSN,P-044049,player_request,59.4971,17.8491,41.648
RFD-000997,ORD-0013120,2025-05-31,2025-04-13,T-01,EPIC,P-014544,player_request,112.9692,13.5563,99.4129
RFD-000998,ORD-0013130,2025-04-21,2025-04-13,T-04,EPIC,P-017625,partial_goodwill,2.4686,0.2962,2.1724
RFD-000999,ORD-0013141,2025-05-16,2025-04-13,T-03,XBOX,P-010289,platform_policy,10.3964,3.1189,7.2775
RFD-001000,ORD-0013149,2025-05-31,2025-04-13,T-01,PSN,P-015090,player_request,51.358,15.4074,35.9506
RFD-001001,ORD-0013151,2025-04-16,2025-04-13,T-04,PSN,P-004286,partial_goodwill,7.1474,2.1442,5.0032
RFD-001002,ORD-0013154,2025-04-27,2025-04-13,T-03,PSN,P-038000,player_request,10.1304,3.0391,7.0913
RFD-001003,ORD-0013162,2025-04-21,2025-04-13,T-04,EPIC,P-013868,price_adjustment,3.3644,0.4037,2.9607
RFD-001004,ORD-0013172,2025-04-16,2025-04-13,T-04,EPIC,P-003744,price_adjustment,1.2791,0.1535,1.1256
RFD-001005,ORD-0013178,2025-05-12,2025-04-13,T-03,EPIC,P-001010,price_adjustment,1.3303,0.1596,1.1706
RFD-001006,ORD-0013188,2025-04-16,2025-04-13,T-04,STEAM,P-031131,price_adjustment,14.833,4.4499,10.3831
RFD-001007,ORD-0013196,2025-05-23,2025-04-13,T-01,STEAM,P-008596,partial_goodwill,23.7855,7.1356,16.6498
RFD-001008,ORD-0013210,2025-04-16,2025-04-13,T-03,STEAM,P-015651,partial_goodwill,5.0754,1.5226,3.5528
RFD-001009,ORD-0013220,2025-04-22,2025-04-14,T-04,NSW,P-000571,partial_goodwill,3.7106,1.1132,2.5974
RFD-001010,ORD-0013260,2025-05-01,2025-04-14,T-01,STEAM,P-031707,price_adjustment,27.8159,8.3448,19.4711
RFD-001011,ORD-0013268,2025-04-22,2025-04-14,T-01,STEAM,P-032216,partial_goodwill,25.8037,7.7411,18.0626
RFD-001012,ORD-0013310,2025-04-22,2025-04-14,T-01,PSN,P-042474,price_adjustment,4.4712,1.3414,3.1299
RFD-001013,ORD-0013313,2025-04-23,2025-04-14,T-04,STEAM,P-001041,accidental_purchase,9.935,2.9805,6.9545
RFD-001014,ORD-0013327,2025-04-23,2025-04-15,T-04,STEAM,P-024758,partial_goodwill,5.3116,1.5935,3.7181
RFD-001015,ORD-0013330,2025-05-25,2025-04-15,T-03,EPIC,P-026735,partial_goodwill,7.5271,0.9032,6.6238
RFD-001016,ORD-0013339,2025-04-20,2025-04-15,T-04,NSW,P-022503,player_request,5.0874,1.5262,3.5612
RFD-001017,ORD-0013344,2025-05-14,2025-04-15,T-03,PSN,P-012281,price_adjustment,3.3405,1.0022,2.3384
RFD-001018,ORD-0013351,2025-06-25,2025-04-15,T-04,STEAM,P-002869,player_request,10.1154,3.0346,7.0808
RFD-001019,ORD-0013352,2025-05-18,2025-04-15,T-03,EPIC,P-014885,platform_policy,4.9238,0.5909,4.3329
RFD-001020,ORD-0013355,2025-04-18,2025-04-15,T-03,PSN,P-026655,price_adjustment,3.3405,1.0022,2.3384
RFD-001021,ORD-0013393,2025-05-25,2025-04-15,T-03,PSN,P-026723,price_adjustment,8.3565,2.5069,5.8495
RFD-001022,ORD-0013399,2025-04-17,2025-04-15,T-01,XBOX,P-027950,accidental_purchase,50.4045,15.1213,35.2831
RFD-001023,ORD-0013400,2025-04-18,2025-04-15,T-01,PSN,P-009068,price_adjustment,12.8208,3.8462,8.9745
RFD-001024,ORD-0013407,2025-04-24,2025-04-16,T-04,XBOX,P-036226,partial_goodwill,35.554,10.6662,24.8878
RFD-001025,ORD-0013429,2025-05-15,2025-04-16,T-01,PSN,P-002722,price_adjustment,18.0993,5.4298,12.6695
RFD-001026,ORD-0013434,2025-04-25,2025-04-16,T-03,STEAM,P-005300,accidental_purchase,15.14,4.542,10.598
RFD-001027,ORD-0013475,2025-06-04,2025-04-17,T-01,STEAM,P-016982,player_request,10.0464,3.0139,7.0324
RFD-001028,ORD-0013490,2025-04-19,2025-04-17,T-04,NSW,P-043639,platform_policy,9.8867,2.966,6.9207
RFD-001029,ORD-0013505,2025-05-27,2025-04-17,T-03,STEAM,P-035140,partial_goodwill,5.0489,1.5147,3.5342
RFD-001030,ORD-0013518,2025-05-27,2025-04-17,T-01,STEAM,P-039010,partial_goodwill,1.2724,0.3817,0.8907
RFD-001031,ORD-0013528,2025-05-04,2025-04-17,T-01,STEAM,P-011583,partial_goodwill,16.8568,5.057,11.7997
RFD-001032,ORD-0013530,2025-04-25,2025-04-17,T-01,PSN,P-021912,price_adjustment,3.3693,1.0108,2.3585
RFD-001033,ORD-0013532,2025-05-27,2025-04-17,T-01,EPIC,P-003930,partial_goodwill,15.7624,1.8915,13.8709
RFD-001034,ORD-0013543,2025-05-04,2025-04-17,T-01,PSN,P-025846,price_adjustment,25.1691,7.5507,17.6184
RFD-001035,ORD-0013545,2025-05-27,2025-04-17,T-03,EPIC,P-018103,price_adjustment,1.756,0.2107,1.5453
RFD-001036,ORD-0013561,2025-04-27,2025-04-18,T-01,EPIC,P-042817,platform_policy,10.2589,1.2311,9.0279
RFD-001037,ORD-0013574,2025-05-28,2025-04-18,T-04,PSN,P-006922,price_adjustment,10.0683,3.0205,7.0478
RFD-001038,ORD-0013576,2025-05-05,2025-04-18,T-03,PSN,P-026696,price_adjustment,5.0545,1.5164,3.5382
RFD-001039,ORD-0013606,2025-05-17,2025-04-18,T-01,XBOX,P-021954,partial_goodwill,17.2629,5.1789,12.084
RFD-001040,ORD-0013615,2025-04-21,2025-04-18,T-03,EPIC,P-017731,price_adjustment,3.7909,0.4549,3.336
RFD-001041,ORD-0013619,2025-05-17,2025-04-18,T-04,EPIC,P-031287,partial_goodwill,14.8894,1.7867,13.1027
RFD-001042,ORD-0013638,2025-06-28,2025-04-18,T-04,XBOX,P-010235,accidental_purchase,51.3505,15.4052,35.9454
RFD-001043,ORD-0013663,2025-05-05,2025-04-18,T-04,EPIC,P-038808,price_adjustment,10.0683,1.2082,8.8601
RFD-001044,ORD-0013701,2025-04-27,2025-04-19,T-01,PSN,P-035308,partial_goodwill,2.5207,0.7562,1.7645
RFD-001045,ORD-0013709,2025-04-28,2025-04-19,T-01,NSW,P-007933,accidental_purchase,50.5214,15.1564,35.365
RFD-001046,ORD-0013729,2025-05-22,2025-04-19,T-04,STEAM,P-001365,accidental_purchase,10.6798,3.2039,7.4758
RFD-001047,ORD-0013730,2025-05-18,2025-04-19,T-01,PSN,P-007079,partial_goodwill,34.5258,10.3577,24.1681
RFD-001048,ORD-0013733,2025-05-29,2025-04-19,T-01,STEAM,P-010651,partial_goodwill,2.5207,0.7562,1.7645
RFD-001049,ORD-0013734,2025-05-10,2025-04-19,T-04,EPIC,P-024231,player_request,4.956,0.5947,4.3613
RFD-001050,ORD-0013740,2025-04-27,2025-04-19,T-03,STEAM,P-031660,partial_goodwill,3.7909,1.1373,2.6536
RFD-001051,ORD-0013768,2025-04-24,2025-04-19,T-01,NSW,P-039171,platform_policy,15.1351,4.5405,10.5945
RFD-001052,ORD-0013772,2025-05-29,2025-04-19,T-04,STEAM,P-026007,price_adjustment,5.0851,1.5255,3.5596
RFD-001053,ORD-0013775,2025-06-29,2025-04-19,T-01,STEAM,P-017855,player_request,50.5214,15.1564,35.365
RFD-001054,ORD-0013777,2025-04-22,2025-04-19,T-01,XBOX,P-042845,partial_goodwill,17.9049,5.3715,12.5334
RFD-001055,ORD-0013779,2025-05-10,2025-04-19,T-03,EPIC,P-038173,player_request,5.2989,0.6359,4.663
RFD-001056,ORD-0013783,2025-06-06,2025-04-19,T-04,NSW,P-010958,platform_policy,10.6798,3.2039,7.4758
RFD-001057,ORD-0013796,2025-04-21,2025-04-19,T-03,STEAM,P-006450,platform_policy,10.0901,3.027,7.0631
RFD-001058,ORD-0013806,2025-05-18,2025-04-19,T-04,STEAM,P-038370,price_adjustment,17.6739,5.3022,12.3718
RFD-001059,ORD-0013815,2025-05-29,2025-04-19,T-04,STEAM,P-031860,price_adjustment,1.2738,0.3821,0.8917
RFD-001060,ORD-0013822,2025-04-22,2025-04-19,T-04,STEAM,P-043378,partial_goodwill,13.2659,3.9798,9.2861
RFD-001061,ORD-0013831,2025-05-30,2025-04-20,T-03,EPIC,P-025664,partial_goodwill,8.3359,1.0003,7.3356
RFD-001062,ORD-0013875,2025-06-30,2025-04-20,T-01,STEAM,P-041011,player_request,10.2212,3.0664,7.1548
RFD-001063,ORD-0013894,2025-04-22,2025-04-20,T-01,PSN,P-003663,platform_policy,17.9596,5.3879,12.5717
RFD-001064,ORD-0013896,2025-05-23,2025-04-20,T-01,PSN,P-023581,player_request,5.1055,1.5317,3.5739
RFD-001065,ORD-0013923,2025-04-25,2025-04-20,T-04,STEAM,P-038024,platform_policy,9.6002,2.8801,6.7201
RFD-001066,ORD-0013932,2025-05-19,2025-04-20,T-01,STEAM,P-029717,price_adjustment,23.9743,7.1923,16.782
RFD-001067,ORD-0013956,2025-04-26,2025-04-21,T-01,STEAM,P-001606,platform_policy,64.8656,19.4597,45.4059
RFD-001068,ORD-0013957,2025-05-08,2025-04-21,T-03,PSN,P-009382,partial_goodwill,5.0691,1.5207,3.5483
RFD-001069,ORD-0013962,2025-05-05,2025-04-21,T-03,PSN,P-013490,player_request,15.2178,4.5653,10.6525
RFD-001070,ORD-0013964,2025-05-05,2025-04-21,T-01,STEAM,P-021351,platform_policy,17.7042,5.3113,12.3929
RFD-001071,ORD-0013967,2025-05-12,2025-04-21,T-04,STEAM,P-020201,player_request,30.1687,9.0506,21.1181
RFD-001072,ORD-0013974,2025-04-24,2025-04-21,T-03,XBOX,P-037064,partial_goodwill,1.6424,0.4927,1.1497
RFD-001073,ORD-0013979,2025-05-20,2025-04-21,T-01,XBOX,P-009912,price_adjustment,15.1649,4.5495,10.6155
RFD-001074,ORD-0013995,2025-05-05,2025-04-21,T-01,STEAM,P-019694,player_request,15.0794,4.5238,10.5556
RFD-001075,ORD-0013999,2025-04-29,2025-04-21,T-03,XBOX,P-002514,partial_goodwill,12.8741,3.8622,9.0118
RFD-001076,ORD-0014018,2025-05-21,2025-04-22,T-01,EPIC,P-003250,price_adjustment,16.5777,1.9893,14.5884
RFD-001077,ORD-0014029,2025-06-01,2025-04-22,T-01,EPIC,P-011335,price_adjustment,4.4169,0.53,3.8868
RFD-001078,ORD-0014047,2025-05-21,2025-04-22,T-01,STEAM,P-025937,price_adjustment,5.8355,1.7506,4.0848
RFD-001079,ORD-0014062,2025-04-25,2025-04-22,T-04,PSN,P-031187,price_adjustment,7.5358,2.2608,5.2751
RFD-001080,ORD-0014070,2025-04-25,2025-04-22,T-03,STEAM,P-022547,price_adjustment,9.9606,2.9882,6.9724
RFD-001081,ORD-0014074,2025-05-01,2025-04-22,T-01,PSN,P-044770,player_request,16.7497,5.0249,11.7248
RFD-001082,ORD-0014089,2025-06-02,2025-04-23,T-01,XBOX,P-006908,partial_goodwill,33.4595,10.0378,23.4216
RFD-001083,ORD-0014123,2025-04-26,2025-04-23,T-03,PSN,P-014101,partial_goodwill,3.3833,1.015,2.3683
RFD-001084,ORD-0014160,2025-04-26,2025-04-24,T-01,STEAM,P-039862,player_request,51.5825,15.4748,36.1078
RFD-001085,ORD-0014172,2025-05-02,2025-04-24,T-01,XBOX,P-015742,price_adjustment,30.44,9.132,21.308
RFD-001086,ORD-0014173,2025-06-03,2025-04-24,T-03,STEAM,P-006615,price_adjustment,7.5114,2.2534,5.258
RFD-001087,ORD-0014175,2025-05-11,2025-04-24,T-03,STEAM,P-022373,partial_goodwill,7.4441,2.2332,5.2109
RFD-001088,ORD-0014181,2025-05-11,2025-04-24,T-03,NSW,P-011009,price_adjustment,6.2412,1.8724,4.3688
RFD-001089,ORD-0014192,2025-05-23,2025-04-24,T-01,STEAM,P-038555,price_adjustment,2.5069,0.7521,1.7549
RFD-001090,ORD-0014228,2025-06-12,2025-04-25,T-04,PSN,P-016929,accidental_purchase,28.8369,8.6511,20.1859
RFD-001091,ORD-0014251,2025-05-03,2025-04-25,T-01,PSN,P-034700,price_adjustment,9.079,2.7237,6.3553
RFD-001092,ORD-0014275,2025-05-12,2025-04-25,T-03,STEAM,P-014039,partial_goodwill,3.7722,1.1316,2.6405
RFD-001093,ORD-0014310,2025-05-16,2025-04-25,T-04,EPIC,P-029196,player_request,10.627,1.2752,9.3517
RFD-001094,ORD-0014332,2025-04-28,2025-04-26,T-03,PSN,P-029066,player_request,15.0785,4.5236,10.555
RFD-001095,ORD-0014335,2025-06-05,2025-04-26,T-03,EPIC,P-014489,price_adjustment,2.6122,0.3135,2.2987
RFD-001096,ORD-0014337,2025-05-25,2025-04-26,T-04,STEAM,P-024473,price_adjustment,1.619,0.4857,1.1333
RFD-001097,ORD-0014346,2025-05-04,2025-04-26,T-03,EPIC,P-037053,partial_goodwill,1.6529,0.1983,1.4545
RFD-001098,ORD-0014362,2025-06-13,2025-04-26,T-03,PSN,P-030624,platform_policy,5.2831,1.5849,3.6981
RFD-001099,ORD-0014388,2025-06-05,2025-04-26,T-04,STEAM,P-030394,price_adjustment,1.2242,0.3673,0.857
RFD-001100,ORD-0014394,2025-05-04,2025-04-26,T-01,STEAM,P-000681,price_adjustment,12.726,3.8178,8.9082
RFD-001101,ORD-0014397,2025-06-13,2025-04-26,T-03,XBOX,P-044891,platform_policy,5.2831,1.5849,3.6981
RFD-001102,ORD-0014398,2025-05-04,2025-04-26,T-04,STEAM,P-024086,price_adjustment,10.0185,3.0056,7.013
RFD-001103,ORD-0014413,2025-06-05,2025-04-26,T-03,PSN,P-041819,partial_goodwill,5.0904,1.5271,3.5633
RFD-001104,ORD-0014421,2025-05-05,2025-04-26,T-04,STEAM,P-015932,player_request,19.7033,5.911,13.7923
RFD-001105,ORD-0014423,2025-06-05,2025-04-26,T-04,XBOX,P-028372,partial_goodwill,3.7907,1.1372,2.6535
RFD-001106,ORD-0014431,2025-04-28,2025-04-26,T-01,PSN,P-029865,accidental_purchase,18.0156,5.4047,12.6109
RFD-001107,ORD-0014436,2025-05-17,2025-04-26,T-01,STEAM,P-031687,player_request,22.8966,6.869,16.0276
RFD-001108,ORD-0014460,2025-04-29,2025-04-26,T-01,XBOX,P-038906,partial_goodwill,7.4179,2.2254,5.1926
RFD-001109,ORD-0014473,2025-04-29,2025-04-26,T-01,EPIC,P-039189,price_adjustment,11.7627,1.4115,10.3511
RFD-001110,ORD-0014475,2025-04-29,2025-04-26,T-04,STEAM,P-012247,partial_goodwill,10.0185,3.0056,7.013
RFD-001111,ORD-0014479,2025-05-04,2025-04-26,T-01,STEAM,P-022771,partial_goodwill,1.2675,0.3803,0.8873
RFD-001112,ORD-0014499,2025-06-06,2025-04-27,T-03,PSN,P-015444,partial_goodwill,1.746,0.5238,1.2222
RFD-001113,ORD-0014512,2025-04-29,2025-04-27,T-03,PSN,P-004662,platform_policy,24.8519,7.4556,17.3963
RFD-001114,ORD-0014513,2025-05-05,2025-04-27,T-04,STEAM,P-028925,price_adjustment,2.5249,0.7575,1.7674
RFD-001115,ORD-0014527,2025-05-11,2025-04-27,T-03,XBOX,P-014686,player_request,15.0785,4.5236,10.555
RFD-001116,ORD-0014546,2025-05-14,2025-04-27,T-03,STEAM,P-005490,price_adjustment,1.7278,0.5183,1.2094
RFD-001117,ORD-0014562,2025-05-06,2025-04-27,T-01,PSN,P-003783,platform_policy,9.9996,2.9999,6.9997
RFD-001118,ORD-0014569,2025-05-26,2025-04-27,T-01,PSN,P-019654,price_adjustment,16.7922,5.0377,11.7546
RFD-001119,ORD-0014572,2025-06-06,2025-04-27,T-03,NSW,P-035090,price_adjustment,3.7722,1.1316,2.6405
RFD-001120,ORD-0014587,2025-04-29,2025-04-27,T-03,XBOX,P-020404,accidental_purchase,30.242,9.0726,21.1694
RFD-001121,ORD-0014597,2025-05-26,2025-04-27,T-01,XBOX,P-034662,partial_goodwill,16.3488,4.9047,11.4442
RFD-001122,ORD-0014605,2025-05-18,2025-04-27,T-04,STEAM,P-023587,platform_policy,10.6426,3.1928,7.4498
RFD-001123,ORD-0014627,2025-05-31,2025-04-28,T-01,STEAM,P-008535,accidental_purchase,56.1138,16.8342,39.2797
RFD-001124,ORD-0014637,2025-04-30,2025-04-28,T-03,STEAM,P-014346,player_request,25.1902,7.5571,17.6332
RFD-001125,ORD-0014668,2025-06-07,2025-04-28,T-01,STEAM,P-034775,price_adjustment,2.4804,0.7441,1.7363
RFD-001126,ORD-0014672,2025-05-27,2025-04-28,T-04,NSW,P-040787,price_adjustment,7.3256,2.1977,5.1279
RFD-001127,ORD-0014692,2025-06-15,2025-04-28,T-01,XBOX,P-029349,accidental_purchase,10.1859,3.0558,7.1301
RFD-001128,ORD-0014699,2025-05-12,2025-04-28,T-03,STEAM,P-024183,platform_policy,15.1162,4.5349,10.5813
RFD-001129,ORD-0014704,2025-05-27,2025-04-28,T-03,STEAM,P-022212,price_adjustment,5.1031,1.5309,3.5722
RFD-001130,ORD-0014714,2025-05-03,2025-04-28,T-03,XBOX,P-013798,accidental_purchase,15.0191,4.5057,10.5134
RFD-001131,ORD-0014767,2025-05-02,2025-04-29,T-01,EPIC,P-017634,price_adjustment,2.4785,0.2974,2.1811
RFD-001132,ORD-0014768,2025-05-02,2025-04-29,T-04,STEAM,P-034234,partial_goodwill,3.6225,1.0868,2.5358
RFD-001133,ORD-0014778,2025-05-02,2025-04-29,T-04,PSN,P-034514,partial_goodwill,7.5992,2.2798,5.3195
RFD-001134,ORD-0014795,2025-05-01,2025-04-29,T-04,EPIC,P-033306,platform_policy,49.2858,5.9143,43.3715
RFD-001135,ORD-0014807,2025-05-02,2025-04-29,T-01,PSN,P-016556,partial_goodwill,5.0967,1.529,3.5677
RFD-001136,ORD-0014817,2025-07-09,2025-04-29,T-01,STEAM,P-024418,accidental_purchase,10.1934,3.058,7.1354
RFD-001137,ORD-0014827,2025-05-17,2025-04-30,T-01,STEAM,P-017715,partial_goodwill,5.717,1.7151,4.0019
RFD-001138,ORD-0014830,2025-05-17,2025-04-30,T-04,STEAM,P-004602,price_adjustment,12.1801,3.654,8.5261
RFD-001139,ORD-0014843,2025-05-08,2025-04-30,T-01,PSN,P-029938,price_adjustment,16.6905,5.0072,11.6834
RFD-001140,ORD-0014847,2025-05-03,2025-04-30,T-04,XBOX,P-023264,partial_goodwill,20.1572,6.0472,14.1101
RFD-001141,ORD-0014867,2025-05-14,2025-04-30,T-03,NSW,P-041157,player_request,20.1472,6.0442,14.103
RFD-001142,ORD-0014872,2025-05-08,2025-04-30,T-03,EPIC,P-015857,partial_goodwill,4.924,0.5909,4.3331
RFD-001143,ORD-0014878,2025-06-09,2025-04-30,T-03,PSN,P-032235,partial_goodwill,1.7546,0.5264,1.2282
RFD-001144,ORD-0014893,2025-06-09,2025-04-30,T-03,XBOX,P-004805,price_adjustment,1.2607,0.3782,0.8825
RFD-001145,ORD-0014917,2025-05-03,2025-05-01,T-01,PSN,P-041904,accidental_purchase,17.2951,5.1885,12.1066
RFD-001146,ORD-0014925,2025-07-11,2025-05-01,T-01,PSN,P-009320,player_request,56.3711,16.9113,39.4598
RFD-001147,ORD-0014953,2025-06-18,2025-05-01,T-01,PSN,P-007903,player_request,56.2559,16.8768,39.3791
RFD-001148,ORD-0014963,2025-05-10,2025-05-01,T-01,PSN,P-006140,player_request,51.15,15.345,35.805
RFD-001149,ORD-0014967,2025-05-18,2025-05-01,T-04,STEAM,P-007842,partial_goodwill,16.9054,5.0716,11.8337
RFD-001150,ORD-0015016,2025-05-19,2025-05-02,T-01,PSN,P-018898,partial_goodwill,12.7933,3.838,8.9553
RFD-001151,ORD-0015038,2025-05-05,2025-05-02,T-01,XBOX,P-036951,partial_goodwill,1.682,0.5046,1.1774
RFD-001152,ORD-0015039,2025-06-11,2025-05-02,T-04,XBOX,P-021329,partial_goodwill,3.7881,1.1364,2.6516
RFD-001153,ORD-0015063,2025-05-19,2025-05-02,T-03,PSN,P-010494,partial_goodwill,7.574,2.2722,5.3018
RFD-001154,ORD-0015076,2025-05-16,2025-05-02,T-01,NSW,P-043215,accidental_purchase,5.1071,1.5321,3.575
RFD-001155,ORD-0015083,2025-07-12,2025-05-02,T-03,XBOX,P-012757,platform_policy,15.1582,4.5475,10.6108
RFD-001156,ORD-0015087,2025-05-19,2025-05-02,T-01,NSW,P-034336,partial_goodwill,11.4341,3.4302,8.0038
RFD-001157,ORD-0015104,2025-05-31,2025-05-02,T-03,STEAM,P-012146,price_adjustment,5.0509,1.5153,3.5356
RFD-001158,ORD-0015122,2025-05-20,2025-05-03,T-03,STEAM,P-025521,partial_goodwill,3.7921,1.1376,2.6545
RFD-001159,ORD-0015139,2025-06-12,2025-05-03,T-03,STEAM,P-009346,price_adjustment,3.7499,1.125,2.6249
RFD-001160,ORD-0015141,2025-06-20,2025-05-03,T-04,XBOX,P-004777,platform_policy,10.6831,3.2049,7.4782
RFD-001161,ORD-0015153,2025-05-06,2025-05-03,T-01,STEAM,P-002853,partial_goodwill,14.0675,4.2202,9.8472
RFD-001162,ORD-0015164,2025-06-01,2025-05-03,T-04,PSN,P-043091,partial_goodwill,1.2742,0.3823,0.892
RFD-001163,ORD-0015171,2025-06-12,2025-05-03,T-04,EPIC,P-030343,price_adjustment,29.0134,3.4816,25.5318
RFD-001164,ORD-0015180,2025-06-12,2025-05-03,T-01,STEAM,P-032697,price_adjustment,30.6936,9.2081,21.4855
RFD-001165,ORD-0015188,2025-06-12,2025-05-03,T-01,PSN,P-044600,partial_goodwill,1.59,0.477,1.113
RFD-001166,ORD-0015198,2025-05-06,2025-05-03,T-01,PSN,P-040995,price_adjustment,1.2052,0.3616,0.8436
RFD-001167,ORD-0015208,2025-05-24,2025-05-03,T-04,STEAM,P-009836,player_request,30.5203,9.1561,21.3642
RFD-001168,ORD-0015212,2025-05-20,2025-05-03,T-01,XBOX,P-018938,price_adjustment,17.2683,5.1805,12.0878
RFD-001169,ORD-0015219,2025-05-08,2025-05-03,T-01,STEAM,P-020536,player_request,57.9197,17.3759,40.5438
RFD-001170,ORD-0015279,2025-05-07,2025-05-04,T-01,EPIC,P-033243,partial_goodwill,16.2962,1.9555,14.3407
RFD-001171,ORD-0015295,2025-06-06,2025-05-04,T-01,STEAM,P-039873,player_request,9.6469,2.8941,6.7529
RFD-001172,ORD-0015297,2025-06-06,2025-05-04,T-01,STEAM,P-009936,player_request,79.2978,23.7893,55.5085
RFD-001173,ORD-0015299,2025-06-13,2025-05-04,T-03,PSN,P-035377,partial_goodwill,5.1173,1.5352,3.5821
RFD-001174,ORD-0015316,2025-05-13,2025-05-04,T-04,PSN,P-037432,player_request,40.6836,12.2051,28.4785
RFD-001175,ORD-0015319,2025-05-07,2025-05-04,T-03,STEAM,P-030783,price_adjustment,2.5011,0.7503,1.7508
RFD-001176,ORD-0015323,2025-05-07,2025-05-04,T-03,STEAM,P-039328,price_adjustment,1.3076,0.3923,0.9154
RFD-001177,ORD-0015335,2025-05-21,2025-05-04,T-03,PSN,P-041501,partial_goodwill,3.5067,1.052,2.4547
RFD-001178,ORD-0015339,2025-05-25,2025-05-04,T-03,XBOX,P-026159,platform_policy,25.7802,7.7341,18.0461
RFD-001179,ORD-0015343,2025-05-21,2025-05-04,T-04,NSW,P-000982,price_adjustment,3.5271,1.0581,2.4689
RFD-001180,ORD-0015365,2025-06-03,2025-05-05,T-01,XBOX,P-002075,partial_goodwill,1.2756,0.3827,0.8929
RFD-001181,ORD-0015392,2025-07-15,2025-05-05,T-01,XBOX,P-033194,player_request,61.4413,18.4324,43.0089
RFD-001182,ORD-0015397,2025-05-10,2025-05-05,T-01,XBOX,P-030196,player_request,9.5899,2.877,6.7129
RFD-001183,ORD-0015411,2025-05-26,2025-05-05,T-03,PSN,P-024181,player_request,15.1741,4.5522,10.6219
RFD-001184,ORD-0015420,2025-06-03,2025-05-05,T-01,STEAM,P-033243,price_adjustment,12.4519,3.7356,8.7164
RFD-001185,ORD-0015431,2025-05-13,2025-05-05,T-03,STEAM,P-028988,partial_goodwill,3.7313,1.1194,2.6119
RFD-001186,ORD-0015437,2025-06-03,2025-05-05,T-04,STEAM,P-015674,price_adjustment,5.092,1.5276,3.5644
RFD-001187,ORD-0015448,2025-05-08,2025-05-05,T-04,STEAM,P-000068,partial_goodwill,10.082,3.0246,7.0574
RFD-001188,ORD-0015469,2025-05-09,2025-05-06,T-03,EPIC,P-007908,price_adjustment,2.4951,0.2994,2.1957
RFD-001189,ORD-0015473,2025-07-16,2025-05-06,T-04,STEAM,P-044978,accidental_purchase,10.1981,3.0594,7.1386
RFD-001190,ORD-0015474,2025-06-23,2025-05-06,T-03,STEAM,P-041188,player_request,5.0632,1.519,3.5443
RFD-001191,ORD-0015523,2025-05-14,2025-05-06,T-01,PSN,P-012144,price_adjustment,8.7061,2.6118,6.0943
RFD-001192,ORD-0015529,2025-05-20,2025-05-06,T-04,STEAM,P-018086,platform_policy,10.7197,3.2159,7.5038
RFD-001193,ORD-0015531,2025-05-10,2025-05-07,T-01,XBOX,P-009171,price_adjustment,7.6108,2.2833,5.3276
RFD-001194,ORD-0015553,2025-05-10,2025-05-07,T-04,PSN,P-037474,price_adjustment,2.5438,0.7631,1.7806
RFD-001195,ORD-0015562,2025-05-15,2025-05-07,T-01,PSN,P-009743,price_adjustment,29.649,8.8947,20.7543
RFD-001196,ORD-0015599,2025-06-16,2025-05-07,T-01,PSN,P-011497,partial_goodwill,3.2595,0.9779,2.2817
RFD-001197,ORD-0015610,2025-05-25,2025-05-08,T-01,XBOX,P-019627,price_adjustment,21.9533,6.586,15.3673
RFD-001198,ORD-0015627,2025-06-17,2025-05-08,T-04,STEAM,P-023933,price_adjustment,5.0806,1.5242,3.5565
RFD-001199,ORD-0015633,2025-05-25,2025-05-08,T-01,EPIC,P-032707,partial_goodwill,19.5152,2.3418,17.1734
RFD-001200,ORD-0015642,2025-05-13,2025-05-08,T-04,XBOX,P-002416,accidental_purchase,30.4839,9.1452,21.3387
RFD-001201,ORD-0015664,2025-05-22,2025-05-08,T-01,EPIC,P-022379,player_request,51.1018,6.1322,44.9695
RFD-001202,ORD-0015702,2025-06-26,2025-05-09,T-01,XBOX,P-027101,accidental_purchase,4.962,1.4886,3.4734
RFD-001203,ORD-0015704,2025-05-11,2025-05-09,T-04,EPIC,P-009457,platform_policy,29.1424,3.4971,25.6453
RFD-001204,ORD-0015714,2025-06-18,2025-05-09,T-04,NSW,P-013290,price_adjustment,9.7449,2.9235,6.8214
RFD-001205,ORD-0015765,2025-05-30,2025-05-09,T-01,PSN,P-044390,platform_policy,61.2467,18.374,42.8727
RFD-001206,ORD-0015776,2025-07-19,2025-05-09,T-04,STEAM,P-024283,player_request,44.1944,13.2583,30.936
RFD-001207,ORD-0015779,2025-05-17,2025-05-09,T-04,XBOX,P-000121,partial_goodwill,15.2252,4.5676,10.6577
RFD-001208,ORD-0015781,2025-06-07,2025-05-09,T-01,STEAM,P-028943,partial_goodwill,1.2713,0.3814,0.8899
RFD-001209,ORD-0015785,2025-05-12,2025-05-09,T-03,STEAM,P-041279,price_adjustment,2.486,0.7458,1.7402
RFD-001210,ORD-0015821,2025-05-18,2025-05-10,T-01,STEAM,P-018908,partial_goodwill,34.4576,10.3373,24.1203
RFD-001211,ORD-0015834,2025-06-08,2025-05-10,T-03,STEAM,P-006650,partial_goodwill,3.7834,1.135,2.6484
RFD-001212,ORD-0015839,2025-06-19,2025-05-10,T-01,EPIC,P-006828,partial_goodwill,48.9504,5.874,43.0763
RFD-001213,ORD-0015854,2025-05-13,2025-05-10,T-03,PSN,P-029337,partial_goodwill,10.079,3.0237,7.0553
RFD-001214,ORD-0015897,2025-06-08,2025-05-10,T-04,NSW,P-020498,price_adjustment,8.8788,2.6637,6.2152
RFD-001215,ORD-0015910,2025-06-19,2025-05-10,T-01,STEAM,P-015055,partial_goodwill,28.7851,8.6355,20.1496
RFD-001216,ORD-0015912,2025-05-13,2025-05-10,T-04,PSN,P-016444,partial_goodwill,3.519,1.0557,2.4633
RFD-001217,ORD-0015920,2025-05-27,2025-05-10,T-01,STEAM,P-025999,partial_goodwill,29.8215,8.9464,20.875
RFD-001218,ORD-0015929,2025-05-14,2025-05-11,T-01,STEAM,P-007512,partial_goodwill,26.4448,7.9334,18.5114
RFD-001219,ORD-0015930,2025-06-28,2025-05-11,T-01,PSN,P-040695,accidental_purchase,59.3195,17.7959,41.5237
RFD-001220,ORD-0015946,2025-05-20,2025-05-11,T-01,STEAM,P-007641,platform_policy,10.201,3.0603,7.1407
RFD-001221,ORD-0016004,2025-05-19,2025-05-11,T-03,NSW,P-014835,partial_goodwill,15.2456,4.5737,10.6719
RFD-001222,ORD-0016046,2025-05-28,2025-05-11,T-01,STEAM,P-020214,price_adjustment,11.995,3.5985,8.3965
RFD-001223,ORD-0016049,2025-05-14,2025-05-11,T-04,NSW,P-011074,price_adjustment,8.8788,2.6637,6.2152
RFD-001224,ORD-0016052,2025-05-14,2025-05-11,T-04,EPIC,P-011062,partial_goodwill,7.2856,0.8743,6.4113
RFD-001225,ORD-0016056,2025-05-25,2025-05-11,T-01,EPIC,P-014441,platform_policy,56.1411,6.7369,49.4042
RFD-001226,ORD-0016079,2025-05-15,2025-05-12,T-03,PSN,P-016671,partial_goodwill,4.8797,1.4639,3.4158
RFD-001227,ORD-0016105,2025-06-10,2025-05-12,T-03,STEAM,P-044793,price_adjustment,7.6599,2.298,5.3619
RFD-001228,ORD-0016122,2025-05-29,2025-05-12,T-01,PSN,P-040589,price_adjustment,3.3537,1.0061,2.3476
RFD-001229,ORD-0016124,2025-05-26,2025-05-12,T-01,EPIC,P-004206,accidental_purchase,49.6256,5.9551,43.6705
RFD-001230,ORD-0016126,2025-06-14,2025-05-12,T-04,EPIC,P-000128,platform_policy,9.594,1.1513,8.4427
RFD-001231,ORD-0016133,2025-06-21,2025-05-12,T-03,XBOX,P-005856,partial_goodwill,1.3111,0.3933,0.9177
RFD-001232,ORD-0016140,2025-05-20,2025-05-12,T-03,PSN,P-002835,price_adjustment,2.5128,0.7538,1.7589
RFD-001233,ORD-0016149,2025-05-29,2025-05-12,T-03,PSN,P-044615,partial_goodwill,6.6264,1.9879,4.6385
RFD-001234,ORD-0016163,2025-05-21,2025-05-13,T-01,NSW,P-012007,price_adjustment,16.7801,5.034,11.7461
RFD-001235,ORD-0016171,2025-05-16,2025-05-13,T-03,STEAM,P-018388,price_adjustment,4.9275,1.4783,3.4493
RFD-001236,ORD-0016196,2025-05-16,2025-05-13,T-01,PSN,P-020628,partial_goodwill,2.4766,0.743,1.7337
RFD-001237,ORD-0016214,2025-05-22,2025-05-13,T-01,XBOX,P-002115,platform_policy,50.8571,15.2571,35.6
RFD-001238,ORD-0016216,2025-05-21,2025-05-13,T-01,EPIC,P-000139,price_adjustment,5.715,0.6858,5.0292
RFD-001239,ORD-0016223,2025-05-16,2025-05-13,T-04,STEAM,P-040706,partial_goodwill,23.6472,7.0941,16.553
RFD-001240,ORD-0016251,2025-05-21,2025-05-13,T-01,STEAM,P-005566,price_adjustment,2.4059,0.7218,1.6841
RFD-001241,ORD-0016289,2025-05-17,2025-05-14,T-04,PSN,P-020428,partial_goodwill,23.1311,6.9393,16.1918
RFD-001242,ORD-0016319,2025-06-23,2025-05-14,T-03,STEAM,P-009137,price_adjustment,3.2968,0.989,2.3077
RFD-001243,ORD-0016335,2025-05-18,2025-05-15,T-03,XBOX,P-006176,price_adjustment,3.7024,1.1107,2.5917
RFD-001244,ORD-0016339,2025-06-01,2025-05-15,T-01,EPIC,P-037481,partial_goodwill,16.7209,2.0065,14.7144
RFD-001245,ORD-0016342,2025-05-18,2025-05-15,T-01,STEAM,P-000713,price_adjustment,20.1788,6.0537,14.1252
RFD-001246,ORD-0016344,2025-05-17,2025-05-15,T-04,PSN,P-014850,player_request,10.125,3.0375,7.0875
RFD-001247,ORD-0016356,2025-05-18,2025-05-15,T-01,STEAM,P-006184,price_adjustment,2.4475,0.7343,1.7133
RFD-001248,ORD-0016361,2025-07-02,2025-05-15,T-04,EPIC,P-017391,accidental_purchase,40.513,4.8616,35.6514
RFD-001249,ORD-0016419,2025-05-20,2025-05-15,T-01,STEAM,P-032255,platform_policy,96.6031,28.9809,67.6221
RFD-001250,ORD-0016426,2025-06-24,2025-05-15,T-01,EPIC,P-013583,partial_goodwill,12.0754,1.449,10.6263
RFD-001251,ORD-0016431,2025-06-06,2025-05-16,T-01,STEAM,P-008956,player_request,71.094,21.3282,49.7658
RFD-001252,ORD-0016434,2025-06-25,2025-05-16,T-01,XBOX,P-041401,partial_goodwill,5.8697,1.7609,4.1088
RFD-001253,ORD-0016438,2025-06-25,2025-05-16,T-03,XBOX,P-016633,price_adjustment,1.6717,0.5015,1.1702
RFD-001254,ORD-0016444,2025-05-30,2025-05-16,T-03,EPIC,P-025327,platform_policy,20.2466,2.4296,17.817
RFD-001255,ORD-0016451,2025-05-24,2025-05-16,T-03,XBOX,P-034601,price_adjustment,6.2745,1.8823,4.3921
RFD-001256,ORD-0016474,2025-06-02,2025-05-16,T-04,STEAM,P-016375,price_adjustment,10.0999,3.03,7.0699
RFD-001257,ORD-0016488,2025-05-19,2025-05-16,T-01,EPIC,P-030209,partial_goodwill,13.9658,1.6759,12.2899
RFD-001258,ORD-0016507,2025-05-30,2025-05-16,T-04,PSN,P-007535,platform_policy,10.0898,3.0269,7.0628
RFD-001259,ORD-0016523,2025-07-03,2025-05-16,T-01,XBOX,P-021865,accidental_purchase,68.5741,20.5722,48.0018
RFD-001260,ORD-0016539,2025-07-03,2025-05-16,T-03,STEAM,P-004136,accidental_purchase,25.0777,7.5233,17.5544
RFD-001261,ORD-0016555,2025-07-04,2025-05-17,T-01,NSW,P-033842,player_request,9.8747,2.9624,6.9123
RFD-001262,ORD-0016558,2025-07-04,2025-05-17,T-01,NSW,P-018176,player_request,54.006,16.2018,37.8042
RFD-001263,ORD-0016559,2025-05-25,2025-05-17,T-03,STEAM,P-035486,partial_goodwill,2.5337,0.7601,1.7736
RFD-001264,ORD-0016563,2025-07-04,2025-05-17,T-01,STEAM,P-002873,accidental_purchase,10.1505,3.0452,7.1054
RFD-001265,ORD-0016574,2025-05-31,2025-05-17,T-01,PSN,P-037044,player_request,16.8831,5.0649,11.8182
RFD-001266,ORD-0016595,2025-07-04,2025-05-17,T-01,STEAM,P-039303,platform_policy,16.8831,5.0649,11.8182
RFD-001267,ORD-0016599,2025-05-31,2025-05-17,T-01,PSN,P-015553,player_request,54.006,16.2018,37.8042
RFD-001268,ORD-0016626,2025-05-25,2025-05-17,T-04,XBOX,P-023530,partial_goodwill,2.5199,0.756,1.7639
RFD-001269,ORD-0016637,2025-05-19,2025-05-17,T-04,STEAM,P-032013,player_request,10.0898,3.0269,7.0628
RFD-001270,ORD-0016644,2025-05-26,2025-05-17,T-01,NSW,P-030538,accidental_purchase,55.8632,16.759,39.1042
RFD-001271,ORD-0016676,2025-06-01,2025-05-18,T-01,EPIC,P-021942,platform_policy,58.9165,7.07,51.8466
RFD-001272,ORD-0016683,2025-05-26,2025-05-18,T-01,EPIC,P-028176,price_adjustment,11.5977,1.3917,10.206
RFD-001273,ORD-0016690,2025-05-26,2025-05-18,T-04,EPIC,P-010199,price_adjustment,2.5199,0.3024,2.2175
RFD-001274,ORD-0016697,2025-06-01,2025-05-18,T-04,STEAM,P-036789,platform_policy,10.0898,3.0269,7.0628
RFD-001275,ORD-0016701,2025-06-04,2025-05-18,T-01,STEAM,P-036937,partial_goodwill,16.759,5.0277,11.7313
RFD-001276,ORD-0016721,2025-05-26,2025-05-18,T-03,STEAM,P-033028,partial_goodwill,3.2983,0.9895,2.3088
RFD-001277,ORD-0016722,2025-06-04,2025-05-18,T-04,STEAM,P-002646,price_adjustment,7.58,2.274,5.306
RFD-001278,ORD-0016733,2025-06-04,2025-05-18,T-04,STEAM,P-005802,partial_goodwill,15.2416,4.5725,10.6691
RFD-001279,ORD-0016742,2025-05-20,2025-05-18,T-03,STEAM,P-031292,player_request,14.9098,4.4729,10.4369
RFD-001280,ORD-0016776,2025-05-22,2025-05-19,T-03,STEAM,P-031099,price_adjustment,3.2997,0.9899,2.3098
RFD-001281,ORD-0016785,2025-06-17,2025-05-19,T-01,STEAM,P-028183,partial_goodwill,37.571,11.2713,26.2997
RFD-001282,ORD-0016815,2025-06-29,2025-05-20,T-04,STEAM,P-029877,partial_goodwill,7.6151,2.2845,5.3305
RFD-001283,ORD-0016828,2025-07-30,2025-05-20,T-01,XBOX,P-001252,player_request,54.4628,16.3388,38.1239
RFD-001284,ORD-0016834,2025-06-29,2025-05-20,T-01,STEAM,P-011107,price_adjustment,25.4797,7.6439,17.8358
RFD-001285,ORD-0016850,2025-05-28,2025-05-20,T-01,STEAM,P-037972,price_adjustment,12.7595,3.8279,8.9317
RFD-001286,ORD-0016854,2025-05-23,2025-05-20,T-01,NSW,P-026179,price_adjustment,2.5519,0.7656,1.7863
RFD-001287,ORD-0016868,2025-06-06,2025-05-20,T-01,STEAM,P-020669,partial_goodwill,1.2709,0.3813,0.8896
RFD-001288,ORD-0016886,2025-06-30,2025-05-21,T-01,STEAM,P-003352,price_adjustment,12.7349,3.8205,8.9144
RFD-001289,ORD-0016888,2025-06-07,2025-05-21,T-03,XBOX,P-001802,partial_goodwill,2.5165,0.755,1.7616
RFD-001290,ORD-0016912,2025-05-30,2025-05-21,T-01,PSN,P-018451,accidental_purchase,17.8289,5.3487,12.4802
RFD-001291,ORD-0016922,2025-05-29,2025-05-21,T-01,EPIC,P-010694,partial_goodwill,10.1778,1.2213,8.9564
RFD-001292,ORD-0016926,2025-05-24,2025-05-21,T-03,STEAM,P-018908,partial_goodwill,5.094,1.5282,3.5658
RFD-001293,ORD-0016993,2025-05-30,2025-05-22,T-04,STEAM,P-042948,price_adjustment,10.0779,3.0234,7.0545
RFD-001294,ORD-0017022,2025-05-30,2025-05-22,T-01,EPIC,P-018393,price_adjustment,12.771,1.5325,11.2385
RFD-001295,ORD-0017026,2025-06-20,2025-05-22,T-01,PSN,P-016162,price_adjustment,5.9682,1.7905,4.1777
RFD-001296,ORD-0017036,2025-05-30,2025-05-22,T-01,XBOX,P-005621,price_adjustment,17.0669,5.1201,11.9468
RFD-001297,ORD-0017041,2025-05-30,2025-05-22,T-01,STEAM,P-016796,partial_goodwill,13.7033,4.111,9.5923
RFD-001298,ORD-0017043,2025-06-20,2025-05-22,T-03,STEAM,P-012827,price_adjustment,8.2666,2.48,5.7866
RFD-001299,ORD-0017045,2025-05-30,2025-05-22,T-03,EPIC,P-029881,partial_goodwill,1.7669,0.212,1.5549
RFD-001300,ORD-0017057,2025-05-30,2025-05-22,T-01,NSW,P-019692,partial_goodwill,14.5502,4.3651,10.1851
RFD-001301,ORD-0017072,2025-06-06,2025-05-23,T-01,XBOX,P-040549,player_request,10.2387,3.0716,7.1671
RFD-001302,ORD-0017162,2025-06-01,2025-05-23,T-01,XBOX,P-015504,platform_policy,49.4116,14.8235,34.5881
RFD-001303,ORD-0017183,2025-08-02,2025-05-23,T-01,XBOX,P-028935,platform_policy,10.2387,3.0716,7.1671
RFD-001304,ORD-0017205,2025-05-27,2025-05-24,T-01,STEAM,P-022865,partial_goodwill,3.3789,1.0137,2.3652
RFD-001305,ORD-0017212,2025-05-27,2025-05-24,T-03,STEAM,P-035281,partial_goodwill,2.5316,0.7595,1.7721
RFD-001306,ORD-0017215,2025-07-03,2025-05-24,T-04,EPIC,P-003926,price_adjustment,17.1652,2.0598,15.1054
RFD-001307,ORD-0017233,2025-06-22,2025-05-24,T-04,PSN,P-024895,price_adjustment,3.8207,1.1462,2.6745
RFD-001308,ORD-0017268,2025-07-03,2025-05-24,T-03,PSN,P-029472,price_adjustment,1.7691,0.5307,1.2384
RFD-001309,ORD-0017272,2025-07-03,2025-05-24,T-03,STEAM,P-009159,partial_goodwill,3.2802,0.9841,2.2961
RFD-001310,ORD-0017291,2025-06-07,2025-05-24,T-03,STEAM,P-026378,accidental_purchase,20.0319,6.0096,14.0224
RFD-001311,ORD-0017310,2025-07-03,2025-05-24,T-04,STEAM,P-009927,partial_goodwill,5.0938,1.5281,3.5657
RFD-001312,ORD-0017321,2025-06-03,2025-05-25,T-04,XBOX,P-008595,player_request,10.1957,3.0587,7.137
RFD-001313,ORD-0017356,2025-06-02,2025-05-25,T-03,STEAM,P-015356,partial_goodwill,1.6639,0.4992,1.1647
RFD-001314,ORD-0017357,2025-08-04,2025-05-25,T-01,XBOX,P-036676,platform_policy,49.4116,14.8235,34.5881
RFD-001315,ORD-0017385,2025-06-02,2025-05-25,T-03,PSN,P-010466,partial_goodwill,10.0141,3.0042,7.0099
RFD-001316,ORD-0017391,2025-05-27,2025-05-25,T-04,PSN,P-015845,player_request,14.7795,4.4338,10.3456
RFD-001317,ORD-0017397,2025-05-30,2025-05-25,T-01,EPIC,P-038626,platform_policy,77.1976,9.2637,67.9338
RFD-001318,ORD-0017400,2025-05-28,2025-05-25,T-01,EPIC,P-041773,partial_goodwill,8.9729,1.0767,7.8961
RFD-001319,ORD-0017418,2025-07-12,2025-05-25,T-01,PSN,P-007758,platform_policy,48.6079,14.5824,34.0255
RFD-001320,ORD-0017425,2025-06-23,2025-05-25,T-01,PSN,P-011204,price_adjustment,11.5249,3.4575,8.0674
RFD-001321,ORD-0017457,2025-07-12,2025-05-25,T-01,STEAM,P-028665,accidental_purchase,61.4728,18.4418,43.031
RFD-001322,ORD-0017470,2025-06-24,2025-05-26,T-01,STEAM,P-032291,partial_goodwill,28.1499,8.445,19.7049
RFD-001323,ORD-0017489,2025-08-05,2025-05-26,T-03,EPIC,P-029036,platform_policy,20.4699,2.4564,18.0135
RFD-001324,ORD-0017511,2025-06-24,2025-05-26,T-01,EPIC,P-042630,partial_goodwill,1.2749,0.153,1.1219
RFD-001325,ORD-0017513,2025-05-29,2025-05-26,T-03,PSN,P-040505,partial_goodwill,5.0588,1.5176,3.5412
RFD-001326,ORD-0017533,2025-05-31,2025-05-26,T-01,PSN,P-043751,accidental_purchase,10.2298,3.0689,7.1609
RFD-001327,ORD-0017556,2025-06-24,2025-05-26,T-03,PSN,P-000399,partial_goodwill,3.8553,1.1566,2.6987
RFD-001328,ORD-0017561,2025-06-01,2025-05-27,T-04,XBOX,P-044552,player_request,40.8276,12.2483,28.5793
RFD-001329,ORD-0017568,2025-07-06,2025-05-27,T-01,STEAM,P-027833,price_adjustment,8.9921,2.6976,6.2945
RFD-001330,ORD-0017570,2025-07-06,2025-05-27,T-01,PSN,P-018978,price_adjustment,8.6158,2.5847,6.031
RFD-001331,ORD-0017592,2025-05-30,2025-05-27,T-03,PSN,P-032580,price_adjustment,2.4746,0.7424,1.7322
RFD-001332,ORD-0017595,2025-07-06,2025-05-27,T-01,EPIC,P-019172,partial_goodwill,4.9334,0.592,4.3414
RFD-001333,ORD-0017598,2025-05-30,2025-05-27,T-03,PSN,P-037044,price_adjustment,3.3479,1.0044,2.3435
RFD-001334,ORD-0017619,2025-06-25,2025-05-27,T-04,STEAM,P-016083,partial_goodwill,5.1047,1.5314,3.5733
RFD-001335,ORD-0017640,2025-06-29,2025-05-27,T-04,STEAM,P-006181,accidental_purchase,41.3003,12.3901,28.9102
RFD-001336,ORD-0017650,2025-06-05,2025-05-28,T-04,XBOX,P-021759,price_adjustment,2.4324,0.7297,1.7027
RFD-001337,ORD-0017658,2025-06-02,2025-05-28,T-04,NSW,P-024287,player_request,29.2058,8.7617,20.444
RFD-001338,ORD-0017665,2025-06-14,2025-05-28,T-03,PSN,P-043643,partial_goodwill,10.3084,3.0925,7.2159
RFD-001339,ORD-0017666,2025-06-11,2025-05-28,T-04,PSN,P-002040,platform_policy,5.0912,1.5274,3.5638
RFD-001340,ORD-0017667,2025-07-07,2025-05-28,T-04,STEAM,P-005192,price_adjustment,3.378,1.0134,2.3646
RFD-001341,ORD-0017676,2025-06-05,2025-05-28,T-03,STEAM,P-018190,price_adjustment,12.4659,3.7398,8.7261
RFD-001342,ORD-0017684,2025-07-07,2025-05-28,T-03,STEAM,P-030528,price_adjustment,4.9484,1.4845,3.4639
RFD-001343,ORD-0017698,2025-06-05,2025-05-28,T-01,NSW,P-003769,partial_goodwill,25.6502,7.695,17.9551
RFD-001344,ORD-0017739,2025-06-27,2025-05-29,T-04,STEAM,P-003404,price_adjustment,13.6554,4.0966,9.5588
RFD-001345,ORD-0017743,2025-08-08,2025-05-29,T-04,STEAM,P-026922,player_request,29.1335,8.74,20.3934
RFD-001346,ORD-0017755,2025-07-01,2025-05-29,T-01,STEAM,P-005991,platform_policy,4.9322,1.4797,3.4525
RFD-001347,ORD-0017757,2025-07-16,2025-05-29,T-04,NSW,P-031212,platform_policy,10.7278,3.2183,7.5094
RFD-001348,ORD-0017759,2025-06-06,2025-05-29,T-01,XBOX,P-026151,price_adjustment,2.5591,0.7677,1.7914
RFD-001349,ORD-0017766,2025-06-19,2025-05-29,T-04,XBOX,P-017154,accidental_purchase,10.6867,3.206,7.4807
RFD-001350,ORD-0017771,2025-07-16,2025-05-29,T-03,STEAM,P-008105,accidental_purchase,20.5547,6.1664,14.3883
RFD-001351,ORD-0017782,2025-06-15,2025-05-29,T-01,PSN,P-017130,partial_goodwill,1.615,0.4845,1.1305
RFD-001352,ORD-0017798,2025-06-01,2025-05-29,T-03,NSW,P-001291,partial_goodwill,2.5386,0.7616,1.777
RFD-001353,ORD-0017799,2025-06-12,2025-05-29,T-04,STEAM,P-037794,player_request,29.1335,8.74,20.3934
RFD-001354,ORD-0017825,2025-06-04,2025-05-30,T-01,XBOX,P-038669,player_request,10.2331,3.0699,7.1632
RFD-001355,ORD-0017864,2025-06-04,2025-05-30,T-01,EPIC,P-034568,player_request,48.9802,5.8776,43.1026
RFD-001356,ORD-0017865,2025-07-17,2025-05-30,T-03,XBOX,P-020907,accidental_purchase,15.0795,4.5239,10.5557
RFD-001357,ORD-0017870,2025-06-16,2025-05-30,T-01,XBOX,P-025535,partial_goodwill,5.6863,1.7059,3.9804
RFD-001358,ORD-0017876,2025-06-16,2025-05-30,T-04,PSN,P-028270,price_adjustment,15.2884,4.5865,10.7019
RFD-001359,ORD-0017880,2025-06-16,2025-05-30,T-03,XBOX,P-015015,price_adjustment,7.436,2.2308,5.2052
RFD-001360,ORD-0017887,2025-06-02,2025-05-30,T-01,XBOX,P-013607,price_adjustment,17.1117,5.1335,11.9782
RFD-001361,ORD-0017905,2025-06-02,2025-05-30,T-04,EPIC,P-006620,price_adjustment,20.6399,2.4768,18.1631
RFD-001362,ORD-0017922,2025-07-17,2025-05-30,T-01,EPIC,P-031782,accidental_purchase,9.8313,1.1798,8.6516
RFD-001363,ORD-0017923,2025-06-16,2025-05-30,T-01,STEAM,P-026598,price_adjustment,32.5142,9.7543,22.76
RFD-001364,ORD-0017935,2025-07-17,2025-05-30,T-04,XBOX,P-014193,platform_policy,10.1962,3.0589,7.1373
RFD-001365,ORD-0017940,2025-06-07,2025-05-30,T-01,EPIC,P-020326,partial_goodwill,19.5065,2.3408,17.1657
RFD-001366,ORD-0017942,2025-06-01,2025-05-30,T-04,STEAM,P-010667,accidental_purchase,33.9973,10.1992,23.7981
RFD-001367,ORD-0017972,2025-06-16,2025-05-30,T-01,XBOX,P-020334,partial_goodwill,16.9123,5.0737,11.8386
RFD-001368,ORD-0017976,2025-06-04,2025-05-30,T-01,STEAM,P-010428,platform_policy,51.2576,15.3773,35.8803
RFD-001369,ORD-0017991,2025-06-29,2025-05-31,T-01,STEAM,P-013104,price_adjustment,12.1238,3.6371,8.4867
RFD-001370,ORD-0017996,2025-06-29,2025-05-31,T-01,XBOX,P-027598,partial_goodwill,16.004,4.8012,11.2028
RFD-001371,ORD-0017997,2025-07-10,2025-05-31,T-01,XBOX,P-004653,price_adjustment,17.1117,5.1335,11.9782
RFD-001372,ORD-0017998,2025-06-08,2025-05-31,T-03,XBOX,P-043588,price_adjustment,5.039,1.5117,3.5273
RFD-001373,ORD-0018000,2025-06-14,2025-05-31,T-04,XBOX,P-040058,player_request,9.6751,2.9025,6.7726
RFD-001374,ORD-0018011,2025-07-10,2025-05-31,T-04,STEAM,P-003840,price_adjustment,4.9595,1.4878,3.4716
RFD-001375,ORD-0018018,2025-07-10,2025-05-31,T-04,XBOX,P-008804,partial_goodwill,1.5934,0.478,1.1154
RFD-001376,ORD-0018020,2025-06-29,2025-05-31,T-04,STEAM,P-011577,partial_goodwill,2.5458,0.7637,1.782
RFD-001377,ORD-0018025,2025-07-03,2025-05-31,T-01,PSN,P-023726,platform_policy,51.2576,15.3773,35.8803
RFD-001378,ORD-0018027,2025-06-08,2025-05-31,T-01,PSN,P-003182,partial_goodwill,16.9123,5.0737,11.8386
RFD-001379,ORD-0018031,2025-06-17,2025-05-31,T-04,NSW,P-015680,partial_goodwill,5.3515,1.6054,3.746
RFD-001380,ORD-0018094,2025-06-09,2025-05-31,T-01,PSN,P-000185,platform_policy,22.0357,6.6107,15.425
RFD-001381,ORD-0018099,2025-06-03,2025-05-31,T-01,STEAM,P-030679,price_adjustment,4.4834,1.345,3.1384
RFD-001382,ORD-0018111,2025-06-30,2025-06-01,T-04,STEAM,P-015786,partial_goodwill,2.543,0.7629,1.7801
RFD-001383,ORD-0018113,2025-06-10,2025-06-01,T-03,PSN,P-001542,accidental_purchase,15.1863,4.5559,10.6304
RFD-001384,ORD-0018128,2025-06-18,2025-06-01,T-01,STEAM,P-020810,price_adjustment,4.8435,1.4531,3.3905
RFD-001385,ORD-0018135,2025-06-04,2025-06-01,T-03,PSN,P-001442,partial_goodwill,5.0553,1.5166,3.5387
RFD-001386,ORD-0018181,2025-06-03,2025-06-01,T-04,XBOX,P-044798,accidental_purchase,38.7005,11.6101,27.0903
RFD-001387,ORD-0018182,2025-07-11,2025-06-01,T-03,NSW,P-039261,partial_goodwill,3.6948,1.1084,2.5864
RFD-001388,ORD-0018185,2025-06-04,2025-06-01,T-01,STEAM,P-016882,price_adjustment,12.31,3.693,8.617
RFD-001389,ORD-0018210,2025-06-04,2025-06-01,T-03,STEAM,P-026991,price_adjustment,8.354,2.5062,5.8478
RFD-001390,ORD-0018216,2025-06-22,2025-06-01,T-01,STEAM,P-007903,accidental_purchase,51.2576,15.3773,35.8803
RFD-001391,ORD-0018221,2025-07-19,2025-06-01,T-04,STEAM,P-027875,accidental_purchase,51.9827,15.5948,36.3879
RFD-001392,ORD-0018239,2025-06-09,2025-06-01,T-03,PSN,P-030390,partial_goodwill,1.3277,0.3983,0.9294
RFD-001393,ORD-0018245,2025-06-04,2025-06-01,T-03,STEAM,P-020577,partial_goodwill,1.7432,0.523,1.2202
RFD-001394,ORD-0018248,2025-07-11,2025-06-01,T-01,STEAM,P-031289,partial_goodwill,2.5851,0.7755,1.8096
RFD-001395,ORD-0018249,2025-07-11,2025-06-01,T-04,EPIC,P-028486,partial_goodwill,3.3535,0.4024,2.9511
RFD-001396,ORD-0018256,2025-06-18,2025-06-01,T-01,STEAM,P-028393,partial_goodwill,8.4879,2.5464,5.9415
RFD-001397,ORD-0018299,2025-06-10,2025-06-02,T-01,XBOX,P-028541,partial_goodwill,19.8607,5.9582,13.9025
RFD-001398,ORD-0018315,2025-07-01,2025-06-02,T-04,EPIC,P-036868,partial_goodwill,16.9455,2.0335,14.912
RFD-001399,ORD-0018319,2025-07-12,2025-06-02,T-01,PSN,P-006243,price_adjustment,8.9756,2.6927,6.2829
RFD-001400,ORD-0018355,2025-06-04,2025-06-02,T-03,STEAM,P-031657,platform_policy,5.329,1.5987,3.7303
RFD-001401,ORD-0018364,2025-06-07,2025-06-02,T-04,EPIC,P-016791,accidental_purchase,29.0563,3.4868,25.5696
RFD-001402,ORD-0018395,2025-06-05,2025-06-03,T-01,STEAM,P-006365,platform_policy,17.9983,5.3995,12.5988
RFD-001403,ORD-0018405,2025-06-24,2025-06-03,T-04,XBOX,P-004556,player_request,48.5391,14.5617,33.9774
RFD-001404,ORD-0018409,2025-07-21,2025-06-03,T-01,PSN,P-036959,platform_policy,26.9764,8.0929,18.8835
RFD-001405,ORD-0018435,2025-06-05,2025-06-03,T-01,PSN,P-010475,platform_policy,48.468,14.5404,33.9276
RFD-001406,ORD-0018448,2025-06-20,2025-06-03,T-03,EPIC,P-039736,partial_goodwill,3.8107,0.4573,3.3534
RFD-001407,ORD-0018467,2025-07-06,2025-06-03,T-01,STEAM,P-016032,accidental_purchase,22.1268,6.6381,15.4888
RFD-001408,ORD-0018471,2025-07-06,2025-06-03,T-03,STEAM,P-037532,accidental_purchase,15.2325,4.5698,10.6628
RFD-001409,ORD-0018473,2025-06-17,2025-06-03,T-01,EPIC,P-043816,accidental_purchase,4.8384,0.5806,4.2578
RFD-001410,ORD-0018481,2025-07-03,2025-06-04,T-03,XBOX,P-027679,price_adjustment,3.7963,1.1389,2.6574
RFD-001411,ORD-0018482,2025-07-03,2025-06-04,T-01,XBOX,P-010746,partial_goodwill,8.6375,2.5912,6.0462
RFD-001412,ORD-0018491,2025-06-12,2025-06-04,T-01,XBOX,P-021098,partial_goodwill,2.5513,0.7654,1.7859
RFD-001413,ORD-0018533,2025-06-21,2025-06-04,T-01,XBOX,P-041408,partial_goodwill,17.2875,5.1863,12.1013
RFD-001414,ORD-0018535,2025-07-07,2025-06-04,T-01,XBOX,P-006057,accidental_purchase,153.6591,46.0977,107.5614
RFD-001415,ORD-0018538,2025-06-06,2025-06-04,T-03,STEAM,P-017735,platform_policy,15.1751,4.5525,10.6226
RFD-001416,ORD-0018541,2025-06-09,2025-06-04,T-04,XBOX,P-018336,platform_policy,19.8609,5.9583,13.9026
RFD-001417,ORD-0018544,2025-08-14,2025-06-04,T-01,EPIC,P-015441,player_request,10.2256,1.2271,8.9985
RFD-001418,ORD-0018555,2025-07-22,2025-06-04,T-04,STEAM,P-042135,accidental_purchase,15.2037,4.5611,10.6426
RFD-001419,ORD-0018562,2025-06-21,2025-06-04,T-01,NSW,P-031062,partial_goodwill,16.8997,5.0699,11.8298
RFD-001420,ORD-0018575,2025-07-03,2025-06-04,T-03,XBOX,P-022636,price_adjustment,7.4483,2.2345,5.2138
RFD-001421,ORD-0018593,2025-07-04,2025-06-05,T-03,PSN,P-007083,price_adjustment,3.7895,1.1369,2.6527
RFD-001422,ORD-0018626,2025-07-15,2025-06-05,T-01,PSN,P-017529,partial_goodwill,25.7192,7.7158,18.0035
RFD-001423,ORD-0018627,2025-06-10,2025-06-05,T-04,PSN,P-039627,player_request,71.9821,21.5946,50.3875
RFD-001424,ORD-0018643,2025-07-15,2025-06-05,T-03,EPIC,P-010841,partial_goodwill,5.0232,0.6028,4.4204
RFD-001425,ORD-0018668,2025-07-04,2025-06-05,T-03,STEAM,P-015953,partial_goodwill,15.2128,4.5638,10.649
RFD-001426,ORD-0018687,2025-06-19,2025-06-05,T-03,STEAM,P-005806,accidental_purchase,15.2128,4.5638,10.649
RFD-001427,ORD-0018716,2025-07-16,2025-06-06,T-01,PSN,P-011504,partial_goodwill,5.1219,1.5366,3.5853
RFD-001428,ORD-0018758,2025-07-24,2025-06-06,T-01,PSN,P-013113,player_request,5.1219,1.5366,3.5853
RFD-001429,ORD-0018801,2025-06-11,2025-06-06,T-04,EPIC,P-032255,player_request,34.0469,4.0856,29.9613
RFD-001430,ORD-0018815,2025-07-16,2025-06-06,T-04,NSW,P-025597,price_adjustment,9.6492,2.8948,6.7545
RFD-001431,ORD-0018833,2025-06-10,2025-06-07,T-01,STEAM,P-013067,price_adjustment,5.1219,1.5366,3.5853
RFD-001432,ORD-0018845,2025-06-09,2025-06-07,T-04,PSN,P-000992,platform_policy,4.8573,1.4572,3.4001
RFD-001433,ORD-0018846,2025-07-17,2025-06-07,T-03,PSN,P-001292,partial_goodwill,2.5163,0.7549,1.7614
RFD-001434,ORD-0018855,2025-06-15,2025-06-07,T-04,XBOX,P-005851,price_adjustment,2.4333,0.73,1.7033
RFD-001435,ORD-0018866,2025-06-21,2025-06-07,T-01,PSN,P-010825,player_request,51.3106,15.3932,35.9174
RFD-001436,ORD-0018874,2025-06-15,2025-06-07,T-01,EPIC,P-022505,partial_goodwill,12.8302,1.5396,11.2906
RFD-001437,ORD-0018894,2025-08-17,2025-06-07,T-04,EPIC,P-001592,player_request,29.1896,3.5027,25.6868
RFD-001438,ORD-0018937,2025-06-10,2025-06-07,T-03,PSN,P-033427,price_adjustment,5.0196,1.5059,3.5137
RFD-001439,ORD-0018941,2025-07-06,2025-06-07,T-04,PSN,P-034619,partial_goodwill,20.3954,6.1186,14.2768
RFD-001440,ORD-0018943,2025-06-10,2025-06-07,T-04,EPIC,P-031007,price_adjustment,3.2084,0.385,2.8234
RFD-001441,ORD-0018945,2025-06-21,2025-06-07,T-03,XBOX,P-012154,player_request,14.6807,4.4042,10.2765
RFD-001442,ORD-0018956,2025-06-24,2025-06-07,T-01,STEAM,P-038489,price_adjustment,7.6879,2.3064,5.3815
RFD-001443,ORD-0018958,2025-07-17,2025-06-07,T-03,STEAM,P-005821,partial_goodwill,15.0487,4.5146,10.5341
RFD-001444,ORD-0018962,2025-06-15,2025-06-07,T-01,PSN,P-005112,partial_goodwill,14.1081,4.2324,9.8757
RFD-001445,ORD-0018967,2025-06-15,2025-06-07,T-01,STEAM,P-035210,partial_goodwill,25.6502,7.6951,17.9551
RFD-001446,ORD-0018981,2025-08-18,2025-06-08,T-01,STEAM,P-006355,accidental_purchase,49.6096,14.8829,34.7267
RFD-001447,ORD-0018988,2025-06-16,2025-06-08,T-03,STEAM,P-007570,partial_goodwill,15.1015,4.5305,10.5711
RFD-001448,ORD-0019013,2025-07-07,2025-06-08,T-04,XBOX,P-028117,price_adjustment,1.2023,0.3607,0.8416
RFD-001449,ORD-0019014,2025-07-07,2025-06-08,T-01,PSN,P-012528,price_adjustment,7.0541,2.1162,4.9378
RFD-001450,ORD-0019016,2025-06-22,2025-06-08,T-03,NSW,P-041528,platform_policy,5.3263,1.5979,3.7284
RFD-001451,ORD-0019019,2025-06-16,2025-06-08,T-01,PSN,P-037374,price_adjustment,23.8417,7.1525,16.6892
RFD-001452,ORD-0019035,2025-08-18,2025-06-08,T-04,XBOX,P-016263,accidental_purchase,58.3791,17.5137,40.8654
RFD-001453,ORD-0019036,2025-07-26,2025-06-08,T-03,XBOX,P-014297,player_request,10.1376,3.0413,7.0963
RFD-001454,ORD-0019045,2025-06-13,2025-06-08,T-03,STEAM,P-020467,player_request,5.2883,1.5865,3.7018
RFD-001455,ORD-0019057,2025-06-29,2025-06-08,T-01,XBOX,P-027532,player_request,14.8619,4.4586,10.4033
RFD-001456,ORD-0019074,2025-07-07,2025-06-08,T-04,PSN,P-024010,partial_goodwill,2.5591,0.7677,1.7914
RFD-001457,ORD-0019075,2025-06-16,2025-06-08,T-01,PSN,P-033219,partial_goodwill,15.779,4.7337,11.0453
RFD-001458,ORD-0019142,2025-06-11,2025-06-08,T-01,PSN,P-005483,price_adjustment,5.7266,1.718,4.0086
RFD-001459,ORD-0019152,2025-06-22,2025-06-08,T-04,EPIC,P-044662,player_request,48.7286,5.8474,42.8812
RFD-001460,ORD-0019158,2025-07-18,2025-06-08,T-01,STEAM,P-040872,partial_goodwill,2.5558,0.7667,1.7891
RFD-001461,ORD-0019159,2025-07-26,2025-06-08,T-03,STEAM,P-042311,accidental_purchase,20.2883,6.0865,14.2018
RFD-001462,ORD-0019172,2025-07-08,2025-06-09,T-01,STEAM,P-040632,partial_goodwill,4.9663,1.4899,3.4764
RFD-001463,ORD-0019188,2025-06-12,2025-06-09,T-03,EPIC,P-012526,price_adjustment,1.7551,0.2106,1.5445
RFD-001464,ORD-0019202,2025-07-27,2025-06-09,T-01,XBOX,P-042780,platform_policy,10.2349,3.0705,7.1644
RFD-001465,ORD-0019207,2025-08-19,2025-06-09,T-01,EPIC,P-013888,player_request,48.3638,5.8037,42.5601
RFD-001466,ORD-0019219,2025-06-30,2025-06-09,T-01,STEAM,P-019076,accidental_purchase,28.1637,8.4491,19.7146
RFD-001467,ORD-0019224,2025-07-27,2025-06-09,T-01,NSW,P-028208,platform_policy,17.9289,5.3787,12.5502
RFD-001468,ORD-0019228,2025-06-30,2025-06-09,T-01,PSN,P-018885,platform_policy,16.9317,5.0795,11.8522
RFD-001469,ORD-0019239,2025-06-17,2025-06-09,T-01,STEAM,P-024294,partial_goodwill,16.4244,4.9273,11.4971
RFD-001470,ORD-0019262,2025-08-19,2025-06-09,T-01,NSW,P-012517,player_request,10.2247,3.0674,7.1573
RFD-001471,ORD-0019273,2025-07-13,2025-06-10,T-01,PSN,P-031207,accidental_purchase,54.8678,16.4603,38.4074
RFD-001472,ORD-0019286,2025-07-20,2025-06-10,T-01,STEAM,P-015363,partial_goodwill,1.2775,0.3833,0.8943
RFD-001473,ORD-0019341,2025-07-13,2025-06-10,T-04,PSN,P-004328,accidental_purchase,10.1897,3.0569,7.1328
RFD-001474,ORD-0019345,2025-06-13,2025-06-10,T-01,STEAM,P-014993,price_adjustment,20.4141,6.1242,14.2899
RFD-001475,ORD-0019363,2025-06-24,2025-06-10,T-01,PSN,P-017311,accidental_purchase,14.4821,4.3446,10.1375
RFD-001476,ORD-0019391,2025-06-15,2025-06-10,T-01,PSN,P-003531,accidental_purchase,28.2081,8.4624,19.7457
RFD-001477,ORD-0019403,2025-06-24,2025-06-10,T-01,STEAM,P-014551,accidental_purchase,5.1204,1.5361,3.5843
RFD-001478,ORD-0019411,2025-06-16,2025-06-11,T-01,EPIC,P-020853,accidental_purchase,9.6859,1.1623,8.5236
RFD-001479,ORD-0019413,2025-07-14,2025-06-11,T-01,XBOX,P-026089,accidental_purchase,56.4969,16.9491,39.5478
RFD-001480,ORD-0019430,2025-06-28,2025-06-11,T-01,XBOX,P-003071,price_adjustment,24.8441,7.4532,17.3909
RFD-001481,ORD-0019434,2025-07-10,2025-06-11,T-03,EPIC,P-029050,partial_goodwill,7.6046,0.9125,6.692
RFD-001482,ORD-0019454,2025-06-25,2025-06-11,T-01,STEAM,P-025068,player_request,72.0426,21.6128,50.4298
RFD-001483,ORD-0019457,2025-07-29,2025-06-11,T-01,XBOX,P-001535,platform_policy,17.0269,5.1081,11.9188
RFD-001484,ORD-0019493,2025-06-16,2025-06-11,T-01,XBOX,P-017429,accidental_purchase,5.1277,1.5383,3.5894
RFD-001485,ORD-0019507,2025-08-21,2025-06-11,T-03,XBOX,P-038038,player_request,25.5164,7.6549,17.8615
RFD-001486,ORD-0019529,2025-06-29,2025-06-12,T-03,STEAM,P-008334,partial_goodwill,7.6241,2.2872,5.3368
RFD-001487,ORD-0019553,2025-06-15,2025-06-12,T-01,STEAM,P-021975,partial_goodwill,32.6423,9.7927,22.8496
RFD-001488,ORD-0019561,2025-06-20,2025-06-12,T-01,STEAM,P-041090,partial_goodwill,3.2797,0.9839,2.2958
RFD-001489,ORD-0019578,2025-06-20,2025-06-12,T-04,STEAM,P-002700,partial_goodwill,7.5826,2.2748,5.3079
RFD-001490,ORD-0019604,2025-07-30,2025-06-12,T-03,STEAM,P-039448,accidental_purchase,30.0426,9.0128,21.0298
RFD-001491,ORD-0019620,2025-06-20,2025-06-12,T-04,STEAM,P-027097,partial_goodwill,17.916,5.3748,12.5412
RFD-001492,ORD-0019621,2025-06-21,2025-06-12,T-01,PSN,P-024210,platform_policy,51.5009,15.4503,36.0506
RFD-001493,ORD-0019638,2025-07-22,2025-06-12,T-01,STEAM,P-012792,partial_goodwill,15.4431,4.6329,10.8102
RFD-001494,ORD-0019639,2025-06-15,2025-06-12,T-03,STEAM,P-002014,price_adjustment,1.2172,0.3652,0.852
RFD-001495,ORD-0019653,2025-06-21,2025-06-12,T-01,XBOX,P-027796,accidental_purchase,56.6418,16.9925,39.6492
RFD-001496,ORD-0019664,2025-06-20,2025-06-12,T-03,XBOX,P-016417,partial_goodwill,7.5183,2.2555,5.2628
RFD-001497,ORD-0019674,2025-07-12,2025-06-13,T-01,PSN,P-043382,price_adjustment,26.6006,7.9802,18.6205
RFD-001498,ORD-0019682,2025-07-12,2025-06-13,T-04,STEAM,P-017485,price_adjustment,14.5721,4.3716,10.2005
RFD-001499,ORD-0019699,2025-06-16,2025-06-13,T-03,EPIC,P-013087,partial_goodwill,10.1613,1.2194,8.942
RFD-001500,ORD-0019730,2025-06-30,2025-06-13,T-03,PSN,P-007929,partial_goodwill,1.6447,0.4934,1.1513
RFD-001501,ORD-0019736,2025-06-21,2025-06-13,T-01,STEAM,P-018838,price_adjustment,24.1864,7.2559,16.9304
RFD-001502,ORD-0019760,2025-06-18,2025-06-13,T-04,STEAM,P-016391,platform_policy,30.6992,9.2098,21.4895
RFD-001503,ORD-0019773,2025-08-23,2025-06-13,T-01,PSN,P-004381,player_request,69.4783,20.8435,48.6348
RFD-001504,ORD-0019784,2025-06-21,2025-06-13,T-03,STEAM,P-032615,partial_goodwill,8.0267,2.408,5.6187
RFD-001505,ORD-0019808,2025-06-21,2025-06-13,T-01,STEAM,P-024976,partial_goodwill,2.5634,0.769,1.7944
RFD-001506,ORD-0019835,2025-06-16,2025-06-13,T-03,STEAM,P-016266,partial_goodwill,5.0345,1.5104,3.5242
RFD-001507,ORD-0019846,2025-06-30,2025-06-13,T-04,PSN,P-003414,partial_goodwill,3.3734,1.012,2.3614
RFD-001508,ORD-0019848,2025-06-16,2025-06-13,T-03,STEAM,P-004726,partial_goodwill,5.0501,1.515,3.5351
RFD-001509,ORD-0019853,2025-06-21,2025-06-13,T-04,NSW,P-002019,price_adjustment,9.6181,2.8854,6.7327
RFD-001510,ORD-0019879,2025-06-21,2025-06-13,T-04,NSW,P-040671,price_adjustment,7.3017,2.1905,5.1112
RFD-001511,ORD-0019894,2025-07-31,2025-06-13,T-03,STEAM,P-034311,platform_policy,5.0755,1.5227,3.5529
RFD-001512,ORD-0019910,2025-07-12,2025-06-13,T-01,PSN,P-006138,price_adjustment,2.5634,0.769,1.7944
RFD-001513,ORD-0019915,2025-06-22,2025-06-14,T-01,STEAM,P-025592,price_adjustment,12.8683,3.8605,9.0078
RFD-001514,ORD-0019934,2025-06-22,2025-06-14,T-03,STEAM,P-026991,price_adjustment,1.7636,0.5291,1.2345
RFD-001515,ORD-0019940,2025-08-01,2025-06-14,T-04,XBOX,P-041189,player_request,10.2244,3.0673,7.1571
RFD-001516,ORD-0019945,2025-06-17,2025-06-14,T-04,NSW,P-024088,price_adjustment,3.5477,1.0643,2.4834
RFD-001517,ORD-0019986,2025-07-24,2025-06-14,T-01,STEAM,P-026750,price_adjustment,14.5466,4.364,10.1826
RFD-001518,ORD-0019995,2025-07-24,2025-06-14,T-01,STEAM,P-001924,price_adjustment,4.337,1.3011,3.0359
RFD-001519,ORD-0020000,2025-06-22,2025-06-14,T-04,STEAM,P-010655,price_adjustment,10.1305,3.0392,7.0914
RFD-001520,ORD-0020003,2025-07-05,2025-06-14,T-01,EPIC,P-010716,accidental_purchase,4.841,0.5809,4.2601
RFD-001521,ORD-0020013,2025-06-17,2025-06-14,T-03,STEAM,P-034652,price_adjustment,2.6659,0.7998,1.8662
RFD-001522,ORD-0020034,2025-06-17,2025-06-14,T-01,XBOX,P-009633,price_adjustment,9.0129,2.7039,6.309
RFD-001523,ORD-0020035,2025-06-23,2025-06-14,T-01,STEAM,P-037794,player_request,49.5507,14.8652,34.6855
RFD-001524,ORD-0020042,2025-07-13,2025-06-14,T-03,XBOX,P-005739,price_adjustment,12.4662,3.7399,8.7264
RFD-001525,ORD-0020063,2025-07-01,2025-06-14,T-03,PSN,P-022483,partial_goodwill,4.9446,1.4834,3.4612
RFD-001526,ORD-0020068,2025-07-13,2025-06-14,T-04,NSW,P-019973,price_adjustment,14.6033,4.381,10.2223
RFD-001527,ORD-0020074,2025-06-19,2025-06-14,T-01,STEAM,P-001447,platform_policy,10.2741,3.0822,7.1919
RFD-001528,ORD-0020079,2025-07-17,2025-06-14,T-01,PSN,P-041810,platform_policy,16.9771,5.0931,11.884
RFD-001529,ORD-0020084,2025-06-24,2025-06-15,T-03,STEAM,P-037854,accidental_purchase,15.4932,4.648,10.8452
RFD-001530,ORD-0020091,2025-07-25,2025-06-15,T-03,XBOX,P-009615,price_adjustment,2.4318,0.7295,1.7023
RFD-001531,ORD-0020121,2025-07-14,2025-06-15,T-01,PSN,P-016313,price_adjustment,16.9799,5.094,11.886
RFD-001532,ORD-0020150,2025-07-06,2025-06-15,T-04,NSW,P-013773,platform_policy,9.5627,2.8688,6.6939
RFD-001533,ORD-0020160,2025-06-20,2025-06-15,T-04,XBOX,P-022718,player_request,29.1461,8.7438,20.4023
RFD-001534,ORD-0020170,2025-06-24,2025-06-15,T-04,XBOX,P-016890,player_request,9.7321,2.9196,6.8124
RFD-001535,ORD-0020180,2025-06-18,2025-06-15,T-01,EPIC,P-027757,price_adjustment,13.2955,1.5955,11.7001
RFD-001536,ORD-0020197,2025-07-25,2025-06-15,T-03,PSN,P-009620,price_adjustment,5.0345,1.5104,3.5242
RFD-001537,ORD-0020199,2025-06-23,2025-06-15,T-01,PSN,P-031623,price_adjustment,22.927,6.8781,16.0489
RFD-001538,ORD-0020207,2025-07-02,2025-06-15,T-01,EPIC,P-009583,price_adjustment,1.2071,0.1449,1.0623
RFD-001539,ORD-0020219,2025-06-19,2025-06-16,T-01,STEAM,P-031704,partial_goodwill,2.4097,0.7229,1.6868
RFD-001540,ORD-0020227,2025-07-26,2025-06-16,T-01,STEAM,P-041071,price_adjustment,12.9018,3.8705,9.0313
RFD-001541,ORD-0020272,2025-06-18,2025-06-16,T-04,NSW,P-004825,player_request,40.7938,12.2381,28.5556
RFD-001542,ORD-0020276,2025-06-30,2025-06-16,T-04,PSN,P-027917,accidental_purchase,10.7148,3.2144,7.5003
RFD-001543,ORD-0020342,2025-07-04,2025-06-17,T-01,EPIC,P-033549,price_adjustment,7.6103,0.9132,6.6971
RFD-001544,ORD-0020356,2025-08-27,2025-06-17,T-01,EPIC,P-039788,platform_policy,17.948,2.1538,15.7943
RFD-001545,ORD-0020358,2025-07-04,2025-06-17,T-01,STEAM,P-028892,price_adjustment,5.1178,1.5353,3.5825
RFD-001546,ORD-0020362,2025-06-25,2025-06-17,T-04,PSN,P-034818,partial_goodwill,10.0926,3.0278,7.0648
RFD-001547,ORD-0020373,2025-07-04,2025-06-17,T-01,EPIC,P-010861,partial_goodwill,1.2047,0.1446,1.0601
RFD-001548,ORD-0020385,2025-07-27,2025-06-17,T-04,STEAM,P-030206,price_adjustment,12.0677,3.6203,8.4474
RFD-001549,ORD-0020419,2025-06-23,2025-06-18,T-04,XBOX,P-040536,accidental_purchase,30.6506,9.1952,21.4554
RFD-001550,ORD-0020420,2025-07-28,2025-06-18,T-01,STEAM,P-006622,price_adjustment,1.2106,0.3632,0.8474
RFD-001551,ORD-0020423,2025-07-17,2025-06-18,T-03,PSN,P-039787,partial_goodwill,3.6438,1.0932,2.5507
RFD-001552,ORD-0020465,2025-06-21,2025-06-18,T-03,NSW,P-015870,partial_goodwill,2.5389,0.7617,1.7772
RFD-001553,ORD-0020468,2025-06-21,2025-06-18,T-01,STEAM,P-002485,partial_goodwill,51.6837,15.5051,36.1786
RFD-001554,ORD-0020494,2025-06-20,2025-06-18,T-03,EPIC,P-009030,player_request,5.0675,0.6081,4.4594
RFD-001555,ORD-0020498,2025-07-02,2025-06-18,T-01,EPIC,P-040613,platform_policy,17.3593,2.0831,15.2761
RFD-001556,ORD-0020500,2025-07-09,2025-06-18,T-01,PSN,P-018187,player_request,19.8122,5.9437,13.8685
RFD-001557,ORD-0020501,2025-06-21,2025-06-18,T-04,STEAM,P-002313,partial_goodwill,15.3253,4.5976,10.7277
RFD-001558,ORD-0020526,2025-07-05,2025-06-18,T-03,PSN,P-022605,partial_goodwill,2.4949,0.7485,1.7464
RFD-001559,ORD-0020531,2025-06-27,2025-06-18,T-01,PSN,P-003599,player_request,4.9478,1.4843,3.4635
RFD-001560,ORD-0020532,2025-06-21,2025-06-18,T-03,PSN,P-042993,partial_goodwill,2.5524,0.7657,1.7867
RFD-001561,ORD-0020533,2025-07-05,2025-06-18,T-01,STEAM,P-043068,price_adjustment,16.3634,4.909,11.4544
RFD-001562,ORD-0020565,2025-06-27,2025-06-19,T-03,STEAM,P-035167,partial_goodwill,3.7834,1.135,2.6484
RFD-001563,ORD-0020589,2025-07-10,2025-06-19,T-01,STEAM,P-002256,platform_policy,9.6789,2.9037,6.7752
RFD-001564,ORD-0020594,2025-07-06,2025-06-19,T-01,XBOX,P-003219,price_adjustment,5.5799,1.674,3.9059
RFD-001565,ORD-0020600,2025-07-18,2025-06-19,T-03,PSN,P-034157,partial_goodwill,2.6514,0.7954,1.856
RFD-001566,ORD-0020605,2025-07-03,2025-06-19,T-03,STEAM,P-020966,player_request,5.0479,1.5144,3.5335
RFD-001567,ORD-0020607,2025-07-22,2025-06-19,T-01,EPIC,P-034692,player_request,17.4166,2.09,15.3266
RFD-001568,ORD-0020616,2025-07-18,2025-06-19,T-03,EPIC,P-034549,partial_goodwill,7.577,0.9092,6.6677
RFD-001569,ORD-0020618,2025-07-10,2025-06-19,T-03,NSW,P-031257,player_request,35.4329,10.6299,24.8031
RFD-001570,ORD-0020653,2025-06-23,2025-06-20,T-01,STEAM,P-013815,partial_goodwill,7.3709,2.2113,5.1596
RFD-001571,ORD-0020672,2025-07-11,2025-06-20,T-04,STEAM,P-009965,player_request,30.5053,9.1516,21.3537
RFD-001572,ORD-0020675,2025-07-30,2025-06-20,T-01,XBOX,P-009963,price_adjustment,1.6812,0.5043,1.1768
RFD-001573,ORD-0020704,2025-06-23,2025-06-20,T-04,PSN,P-006478,price_adjustment,13.4186,4.0256,9.3931
RFD-001574,ORD-0020712,2025-07-04,2025-06-20,T-03,NSW,P-000481,platform_policy,25.2377,7.5713,17.6664
RFD-001575,ORD-0020720,2025-07-30,2025-06-20,T-03,STEAM,P-012862,price_adjustment,4.9925,1.4978,3.4948
RFD-001576,ORD-0020732,2025-07-30,2025-06-20,T-04,XBOX,P-024201,price_adjustment,3.1572,0.9472,2.21
RFD-001577,ORD-0020737,2025-07-11,2025-06-20,T-01,PSN,P-037319,platform_policy,14.4417,4.3325,10.1092
RFD-001578,ORD-0020760,2025-08-31,2025-06-21,T-01,XBOX,P-034713,player_request,10.2092,3.0628,7.1464
RFD-001579,ORD-0020775,2025-07-08,2025-06-21,T-01,PSN,P-007567,partial_goodwill,18.7391,5.6217,13.1174
RFD-001580,ORD-0020776,2025-06-24,2025-06-21,T-04,PSN,P-042052,price_adjustment,11.7348,3.5204,8.2144
RFD-001581,ORD-0020780,2025-07-08,2025-06-21,T-01,STEAM,P-001481,price_adjustment,4.9559,1.4868,3.4691
RFD-001582,ORD-0020782,2025-07-31,2025-06-21,T-01,XBOX,P-016832,price_adjustment,16.2664,4.8799,11.3865
RFD-001583,ORD-0020787,2025-06-26,2025-06-21,T-01,PSN,P-041197,platform_policy,18.0727,5.4218,12.6509
RFD-001584,ORD-0020793,2025-08-08,2025-06-21,T-03,STEAM,P-019519,player_request,25.3775,7.6133,17.7643
RFD-001585,ORD-0020808,2025-08-31,2025-06-21,T-03,PSN,P-033941,platform_policy,5.3084,1.5925,3.7159
RFD-001586,ORD-0020814,2025-07-12,2025-06-21,T-04,EPIC,P-020209,accidental_purchase,43.8892,5.2667,38.6225
RFD-001587,ORD-0020839,2025-06-24,2025-06-21,T-03,STEAM,P-033932,partial_goodwill,2.4951,0.7485,1.7466
RFD-001588,ORD-0020847,2025-07-31,2025-06-21,T-04,XBOX,P-016567,price_adjustment,2.6695,0.8008,1.8686
RFD-001589,ORD-0020866,2025-06-29,2025-06-21,T-04,XBOX,P-028184,partial_goodwill,4.9468,1.484,3.4628
RFD-001590,ORD-0020877,2025-06-24,2025-06-21,T-03,STEAM,P-027640,partial_goodwill,3.7902,1.1371,2.6532
RFD-001591,ORD-0020900,2025-07-24,2025-06-21,T-01,PSN,P-007349,player_request,4.9559,1.4868,3.4691
RFD-001592,ORD-0020903,2025-06-30,2025-06-21,T-01,PSN,P-009842,platform_policy,61.357,18.4071,42.9499
RFD-001593,ORD-0020908,2025-07-20,2025-06-21,T-03,STEAM,P-038909,partial_goodwill,1.2634,0.379,0.8844
RFD-001594,ORD-0020918,2025-07-31,2025-06-21,T-01,STEAM,P-031947,partial_goodwill,2.4178,0.7254,1.6925
RFD-001595,ORD-0020961,2025-07-13,2025-06-22,T-03,XBOX,P-027129,platform_policy,30.4478,9.1343,21.3135
RFD-001596,ORD-0020965,2025-06-27,2025-06-22,T-04,STEAM,P-029222,platform_policy,10.148,3.0444,7.1036
RFD-001597,ORD-0020994,2025-06-30,2025-06-22,T-01,STEAM,P-043486,price_adjustment,9.0429,2.7129,6.33
RFD-001598,ORD-0021039,2025-07-07,2025-06-23,T-04,STEAM,P-011303,accidental_purchase,29.0153,8.7046,20.3107
RFD-001599,ORD-0021049,2025-07-22,2025-06-23,T-01,PSN,P-014949,partial_goodwill,8.4523,2.5357,5.9166
RFD-001600,ORD-0021073,2025-07-22,2025-06-23,T-01,PSN,P-025434,partial_goodwill,5.1253,1.5376,3.5877
RFD-001601,ORD-0021074,2025-07-22,2025-06-23,T-01,PSN,P-038775,price_adjustment,8.709,2.6127,6.0963
RFD-001602,ORD-0021127,2025-06-28,2025-06-23,T-01,EPIC,P-018232,accidental_purchase,51.3448,6.1614,45.1834
RFD-001603,ORD-0021149,2025-07-01,2025-06-23,T-01,XBOX,P-012831,partial_goodwill,3.3862,1.0158,2.3703
RFD-001604,ORD-0021155,2025-07-02,2025-06-24,T-03,PSN,P-007769,price_adjustment,5.0071,1.5021,3.505
RFD-001605,ORD-0021166,2025-08-11,2025-06-24,T-01,EPIC,P-018245,accidental_purchase,23.1784,2.7814,20.397
RFD-001606,ORD-0021174,2025-07-03,2025-06-24,T-01,PSN,P-024224,accidental_purchase,102.9471,30.8841,72.063
RFD-001607,ORD-0021177,2025-07-27,2025-06-24,T-01,PSN,P-026570,accidental_purchase,23.1784,6.9535,16.2249
RFD-001608,ORD-0021195,2025-07-11,2025-06-24,T-01,STEAM,P-003535,partial_goodwill,5.5851,1.6755,3.9096
RFD-001609,ORD-0021224,2025-07-08,2025-06-24,T-01,STEAM,P-013994,player_request,17.4114,5.2234,12.188
RFD-001610,ORD-0021234,2025-08-03,2025-06-24,T-04,STEAM,P-024895,price_adjustment,7.1885,2.1566,5.032
RFD-001611,ORD-0021245,2025-08-04,2025-06-25,T-01,STEAM,P-009856,price_adjustment,15.968,4.7904,11.1776
RFD-001612,ORD-0021249,2025-07-12,2025-06-25,T-01,PSN,P-007822,price_adjustment,20.4388,6.1317,14.3072
RFD-001613,ORD-0021250,2025-07-09,2025-06-25,T-01,PSN,P-013913,platform_policy,22.311,6.6933,15.6177
RFD-001614,ORD-0021278,2025-06-28,2025-06-25,T-03,EPIC,P-004471,price_adjustment,8.4965,1.0196,7.4769
RFD-001615,ORD-0021279,2025-08-04,2025-06-25,T-01,STEAM,P-001624,partial_goodwill,14.8775,4.4633,10.4143
RFD-001616,ORD-0021288,2025-07-12,2025-06-25,T-04,EPIC,P-012093,partial_goodwill,19.7318,2.3678,17.364
RFD-001617,ORD-0021292,2025-06-30,2025-06-25,T-04,STEAM,P-023035,player_request,10.2329,3.0699,7.163
RFD-001618,ORD-0021304,2025-07-03,2025-06-25,T-03,STEAM,P-028597,price_adjustment,5.2254,1.5676,3.6578
RFD-001619,ORD-0021314,2025-07-24,2025-06-25,T-01,STEAM,P-043195,partial_goodwill,10.3069,3.0921,7.2148
RFD-001620,ORD-0021364,2025-07-10,2025-06-26,T-01,NSW,P-023432,player_request,18.0079,5.4024,12.6055
RFD-001621,ORD-0021367,2025-06-28,2025-06-26,T-04,STEAM,P-014900,player_request,40.6657,12.1997,28.466
RFD-001622,ORD-0021376,2025-08-05,2025-06-26,T-04,XBOX,P-004619,partial_goodwill,20.2524,6.0757,14.1767
RFD-001623,ORD-0021382,2025-07-04,2025-06-26,T-03,NSW,P-009850,price_adjustment,2.4965,0.7489,1.7475
RFD-001624,ORD-0021383,2025-07-10,2025-06-26,T-04,PSN,P-005701,platform_policy,19.4892,5.8468,13.6424
RFD-001625,ORD-0021389,2025-06-28,2025-06-26,T-03,XBOX,P-006091,platform_policy,15.2406,4.5722,10.6684
RFD-001626,ORD-0021400,2025-07-29,2025-06-26,T-03,STEAM,P-028635,accidental_purchase,25.3975,7.6193,17.7783
RFD-001627,ORD-0021411,2025-07-25,2025-06-26,T-03,PSN,P-021648,price_adjustment,9.9964,2.9989,6.9974
RFD-001628,ORD-0021426,2025-07-02,2025-06-27,T-01,EPIC,P-028204,accidental_purchase,4.8098,0.5772,4.2326
RFD-001629,ORD-0021427,2025-09-06,2025-06-27,T-03,PSN,P-027991,accidental_purchase,14.5983,4.3795,10.2188
RFD-001630,ORD-0021441,2025-07-26,2025-06-27,T-01,XBOX,P-035322,price_adjustment,2.4739,0.7422,1.7317
RFD-001631,ORD-0021442,2025-06-30,2025-06-27,T-01,STEAM,P-022614,price_adjustment,34.0219,10.2066,23.8153
RFD-001632,ORD-0021473,2025-07-02,2025-06-27,T-04,STEAM,P-029122,accidental_purchase,10.2384,3.0715,7.1669
RFD-001633,ORD-0021487,2025-07-30,2025-06-27,T-01,NSW,P-010450,accidental_purchase,61.8412,18.5524,43.2889
RFD-001634,ORD-0021513,2025-07-14,2025-06-27,T-03,PSN,P-037420,price_adjustment,1.3103,0.3931,0.9172
RFD-001635,ORD-0021516,2025-07-14,2025-06-27,T-01,STEAM,P-036070,partial_goodwill,4.9477,1.4843,3.4634
RFD-001636,ORD-0021538,2025-07-14,2025-06-27,T-03,PSN,P-029143,partial_goodwill,7.4845,2.2453,5.2391
RFD-001637,ORD-0021546,2025-07-26,2025-06-27,T-03,STEAM,P-040683,partial_goodwill,3.2915,0.9874,2.304
RFD-001638,ORD-0021565,2025-06-30,2025-06-28,T-01,NSW,P-031412,player_request,10.2898,3.0869,7.2028
RFD-001639,ORD-0021572,2025-09-07,2025-06-28,T-01,PSN,P-024782,platform_policy,14.8431,4.4529,10.3902
RFD-001640,ORD-0021602,2025-07-03,2025-06-28,T-03,EPIC,P-004736,accidental_purchase,14.9818,1.7978,13.184
RFD-001641,ORD-0021615,2025-07-15,2025-06-28,T-03,EPIC,P-034862,partial_goodwill,3.6496,0.4379,3.2116
RFD-001642,ORD-0021620,2025-07-15,2025-06-28,T-01,STEAM,P-025563,price_adjustment,15.4552,4.6366,10.8186
RFD-001643,ORD-0021624,2025-07-01,2025-06-28,T-04,STEAM,P-004712,price_adjustment,17.9301,5.379,12.551
RFD-001644,ORD-0021627,2025-08-07,2025-06-28,T-01,STEAM,P-023038,partial_goodwill,24.1902,7.257,16.9331
RFD-001645,ORD-0021660,2025-07-03,2025-06-28,T-01,EPIC,P-038168,player_request,58.0487,6.9658,51.0828
RFD-001646,ORD-0021664,2025-07-06,2025-06-28,T-03,XBOX,P-044121,price_adjustment,10.1768,3.053,7.1238
RFD-001647,ORD-0021669,2025-07-06,2025-06-28,T-03,STEAM,P-023440,price_adjustment,2.4948,0.7484,1.7464
RFD-001648,ORD-0021680,2025-08-07,2025-06-28,T-03,PSN,P-020806,price_adjustment,7.4845,2.2453,5.2391
RFD-001649,ORD-0021684,2025-07-12,2025-06-28,T-01,NSW,P-036223,player_request,101.5901,30.477,71.113
RFD-001650,ORD-0021687,2025-07-15,2025-06-28,T-01,XBOX,P-019250,partial_goodwill,3.8612,1.1584,2.7029
RFD-001651,ORD-0021692,2025-07-19,2025-06-28,T-04,NSW,P-039664,player_request,10.1395,3.0418,7.0976
RFD-001652,ORD-0021693,2025-07-27,2025-06-28,T-04,NSW,P-042940,price_adjustment,5.1243,1.5373,3.587
RFD-001653,ORD-0021695,2025-08-07,2025-06-28,T-01,XBOX,P-017918,price_adjustment,5.1313,1.5394,3.5919
RFD-001654,ORD-0021717,2025-07-08,2025-06-29,T-01,STEAM,P-033465,platform_policy,9.6587,2.8976,6.7611
RFD-001655,ORD-0021737,2025-08-01,2025-06-29,T-04,PSN,P-041560,player_request,10.2384,3.0715,7.1669
RFD-001656,ORD-0021754,2025-08-01,2025-06-29,T-01,PSN,P-028747,player_request,108.2273,32.4682,75.7591
RFD-001657,ORD-0021772,2025-07-16,2025-06-29,T-01,STEAM,P-013474,partial_goodwill,22.1096,6.6329,15.4767
RFD-001658,ORD-0021774,2025-08-08,2025-06-29,T-01,STEAM,P-025918,partial_goodwill,12.0951,3.6285,8.4666
RFD-001659,ORD-0021777,2025-07-20,2025-06-29,T-04,STEAM,P-006187,accidental_purchase,92.2381,27.6714,64.5667
RFD-001660,ORD-0021792,2025-07-07,2025-06-29,T-01,PSN,P-039319,price_adjustment,14.4529,4.3359,10.117
RFD-001661,ORD-0021799,2025-07-02,2025-06-29,T-01,STEAM,P-035881,partial_goodwill,4.9477,1.4843,3.4634
RFD-001662,ORD-0021806,2025-07-02,2025-06-29,T-01,STEAM,P-026776,partial_goodwill,25.7218,7.7165,18.0052
RFD-001663,ORD-0021814,2025-07-08,2025-06-29,T-01,STEAM,P-008177,accidental_purchase,9.8954,2.9686,6.9268
RFD-001664,ORD-0021820,2025-09-08,2025-06-29,T-04,EPIC,P-026594,platform_policy,38.3048,4.5966,33.7083
RFD-001665,ORD-0021856,2025-08-16,2025-06-29,T-03,STEAM,P-013679,accidental_purchase,14.9794,4.4938,10.4856
RFD-001666,ORD-0021858,2025-07-07,2025-06-29,T-03,PSN,P-004771,partial_goodwill,10.1768,3.053,7.1238
RFD-001667,ORD-0021861,2025-07-08,2025-06-30,T-04,NSW,P-039277,price_adjustment,9.5732,2.872,6.7013
RFD-001668,ORD-0021887,2025-07-17,2025-06-30,T-04,PSN,P-002580,price_adjustment,13.3399,4.002,9.3379
RFD-001669,ORD-0021890,2025-07-03,2025-06-30,T-01,XBOX,P-008956,price_adjustment,9.3151,2.7945,6.5206
RFD-001670,ORD-0021899,2025-07-08,2025-06-30,T-01,XBOX,P-028670,partial_goodwill,12.8326,3.8498,8.9828
RFD-001671,ORD-0021940,2025-07-08,2025-06-30,T-01,PSN,P-032104,price_adjustment,1.5898,0.4769,1.1129
RFD-001672,ORD-0021946,2025-07-08,2025-06-30,T-03,XBOX,P-001623,partial_goodwill,7.4896,2.2469,5.2427
RFD-001673,ORD-0021964,2025-09-09,2025-06-30,T-03,STEAM,P-029561,player_request,15.4604,4.6381,10.8223
RFD-001674,ORD-0022036,2025-07-09,2025-07-01,T-01,PSN,P-010804,partial_goodwill,21.7372,6.5212,15.2161
RFD-001675,ORD-0022041,2025-07-04,2025-07-01,T-01,EPIC,P-027270,price_adjustment,9.019,1.0823,7.9367
RFD-001676,ORD-0022044,2025-07-30,2025-07-01,T-01,STEAM,P-030193,price_adjustment,13.2972,3.9891,9.308
RFD-001677,ORD-0022059,2025-07-16,2025-07-02,T-03,STEAM,P-037719,platform_policy,15.1799,4.554,10.6259
RFD-001678,ORD-0022084,2025-07-05,2025-07-02,T-03,STEAM,P-025030,partial_goodwill,2.5401,0.762,1.7781
RFD-001679,ORD-0022093,2025-07-04,2025-07-02,T-04,STEAM,P-027279,player_request,30.6656,9.1997,21.4659
RFD-001680,ORD-0022109,2025-08-19,2025-07-02,T-01,NSW,P-014415,player_request,16.9579,5.0874,11.8706
RFD-001681,ORD-0022116,2025-07-05,2025-07-02,T-03,STEAM,P-040535,price_adjustment,6.4976,1.9493,4.5484
RFD-001682,ORD-0022120,2025-07-23,2025-07-02,T-01,STEAM,P-023099,platform_policy,44.0607,13.2182,30.8425
RFD-001683,ORD-0022124,2025-07-04,2025-07-02,T-03,STEAM,P-020770,accidental_purchase,15.2304,4.5691,10.6613
RFD-001684,ORD-0022127,2025-07-10,2025-07-02,T-03,STEAM,P-034656,partial_goodwill,6.699,2.0097,4.6893
RFD-001685,ORD-0022128,2025-07-05,2025-07-02,T-04,STEAM,P-009081,price_adjustment,9.6073,2.8822,6.7251
RFD-001686,ORD-0022164,2025-07-08,2025-07-03,T-01,STEAM,P-038719,platform_policy,10.3069,3.0921,7.2148
RFD-001687,ORD-0022183,2025-08-12,2025-07-03,T-01,STEAM,P-032320,price_adjustment,3.4014,1.0204,2.381
RFD-001688,ORD-0022185,2025-08-01,2025-07-03,T-01,STEAM,P-013481,partial_goodwill,2.4903,0.7471,1.7432
RFD-001689,ORD-0022188,2025-07-20,2025-07-03,T-03,XBOX,P-024396,partial_goodwill,3.8227,1.1468,2.6759
RFD-001690,ORD-0022203,2025-07-20,2025-07-03,T-01,STEAM,P-031281,price_adjustment,74.8662,22.4598,52.4063
RFD-001691,ORD-0022222,2025-07-08,2025-07-03,T-04,STEAM,P-035016,player_request,33.974,10.1922,23.7818
RFD-001692,ORD-0022242,2025-09-13,2025-07-04,T-04,PSN,P-013829,platform_policy,20.4767,6.143,14.3337
RFD-001693,ORD-0022243,2025-08-02,2025-07-04,T-01,STEAM,P-012748,price_adjustment,4.5082,1.3524,3.1557
RFD-001694,ORD-0022258,2025-08-02,2025-07-04,T-01,NSW,P-018397,partial_goodwill,16.5299,4.959,11.5709
RFD-001695,ORD-0022260,2025-07-25,2025-07-04,T-01,STEAM,P-034261,player_request,51.5409,15.4623,36.0786
RFD-001696,ORD-0022261,2025-07-12,2025-07-04,T-03,PSN,P-030671,price_adjustment,15.1321,4.5396,10.5925
RFD-001697,ORD-0022263,2025-07-25,2025-07-04,T-03,PSN,P-044859,player_request,10.081,3.0243,7.0567
RFD-001698,ORD-0022282,2025-07-06,2025-07-04,T-01,EPIC,P-031505,platform_policy,56.6858,6.8023,49.8835
RFD-001699,ORD-0022295,2025-07-07,2025-07-04,T-01,XBOX,P-042233,partial_goodwill,26.5717,7.9715,18.6002
RFD-001700,ORD-0022299,2025-07-12,2025-07-04,T-01,STEAM,P-002257,price_adjustment,50.0874,15.0262,35.0612
RFD-001701,ORD-0022303,2025-07-12,2025-07-04,T-01,NSW,P-017347,partial_goodwill,18.7104,5.6131,13.0973
RFD-001702,ORD-0022314,2025-07-09,2025-07-04,T-03,STEAM,P-034464,platform_policy,15.1321,4.5396,10.5925
RFD-001703,ORD-0022315,2025-08-13,2025-07-04,T-01,STEAM,P-036604,price_adjustment,17.0057,5.1017,11.904
RFD-001704,ORD-0022333,2025-07-18,2025-07-04,T-03,NSW,P-015321,accidental_purchase,15.3757,4.6127,10.763
RFD-001705,ORD-0022339,2025-07-18,2025-07-04,T-03,PSN,P-028325,accidental_purchase,10.1062,3.0319,7.0744
RFD-001706,ORD-0022357,2025-09-13,2025-07-04,T-01,STEAM,P-012891,accidental_purchase,20.5897,6.1769,14.4128
RFD-001707,ORD-0022370,2025-07-21,2025-07-04,T-04,XBOX,P-014514,partial_goodwill,10.0281,3.0084,7.0197
RFD-001708,ORD-0022409,2025-07-22,2025-07-05,T-01,STEAM,P-029054,price_adjustment,4.5082,1.3524,3.1557
RFD-001709,ORD-0022424,2025-07-10,2025-07-05,T-04,STEAM,P-002845,platform_policy,44.0446,13.2134,30.8312
RFD-001710,ORD-0022435,2025-08-03,2025-07-05,T-01,STEAM,P-026029,partial_goodwill,13.2868,3.986,9.3007
RFD-001711,ORD-0022439,2025-08-14,2025-07-05,T-04,STEAM,P-005548,price_adjustment,7.6916,2.3075,5.3841
RFD-001712,ORD-0022463,2025-07-14,2025-07-05,T-03,PSN,P-000256,player_request,5.0832,1.525,3.5583
RFD-001713,ORD-0022471,2025-07-26,2025-07-05,T-01,XBOX,P-006417,player_request,10.0069,3.0021,7.0048
RFD-001714,ORD-0022485,2025-07-10,2025-07-05,T-03,EPIC,P-011034,platform_policy,20.3535,2.4424,17.9111
RFD-001715,ORD-0022497,2025-07-14,2025-07-05,T-04,PSN,P-042983,platform_policy,29.523,8.8569,20.6661
RFD-001716,ORD-0022514,2025-07-13,2025-07-05,T-01,STEAM,P-038129,price_adjustment,22.9618,6.8886,16.0733
RFD-001717,ORD-0022527,2025-08-03,2025-07-05,T-04,NSW,P-042627,price_adjustment,14.5204,4.3561,10.1643
RFD-001718,ORD-0022545,2025-08-03,2025-07-05,T-01,STEAM,P-013473,price_adjustment,5.0935,1.5281,3.5655
RFD-001719,ORD-0022555,2025-07-19,2025-07-05,T-01,STEAM,P-044473,accidental_purchase,51.5409,15.4623,36.0786
RFD-001720,ORD-0022560,2025-07-08,2025-07-05,T-01,XBOX,P-034597,price_adjustment,3.3039,0.9912,2.3127
RFD-001721,ORD-0022565,2025-07-19,2025-07-05,T-04,STEAM,P-001697,accidental_purchase,9.8375,2.9512,6.8862
RFD-001722,ORD-0022569,2025-07-13,2025-07-05,T-01,NSW,P-040185,partial_goodwill,4.384,1.3152,3.0688
RFD-001723,ORD-0022585,2025-08-03,2025-07-05,T-01,NSW,P-015792,partial_goodwill,14.1714,4.2514,9.92
RFD-001724,ORD-0022632,2025-08-04,2025-07-06,T-01,XBOX,P-035037,partial_goodwill,9.0571,2.7171,6.34
RFD-001725,ORD-0022640,2025-07-11,2025-07-06,T-01,STEAM,P-013371,accidental_purchase,69.5838,20.8751,48.7087
RFD-001726,ORD-0022642,2025-07-08,2025-07-06,T-01,PSN,P-003935,player_request,50.0874,15.0262,35.0612
RFD-001727,ORD-0022652,2025-08-23,2025-07-06,T-04,STEAM,P-030265,accidental_purchase,59.046,17.7138,41.3322
RFD-001728,ORD-0022661,2025-07-14,2025-07-06,T-01,STEAM,P-022348,price_adjustment,24.38,7.314,17.066
RFD-001729,ORD-0022665,2025-07-08,2025-07-06,T-01,STEAM,P-029287,accidental_purchase,57.9691,17.3907,40.5783
RFD-001730,ORD-0022681,2025-07-15,2025-07-06,T-01,EPIC,P-009926,platform_policy,51.5409,6.1849,45.356
RFD-001731,ORD-0022688,2025-07-27,2025-07-06,T-01,STEAM,P-003697,platform_policy,154.6227,46.3868,108.2359
RFD-001732,ORD-0022691,2025-07-09,2025-07-06,T-01,XBOX,P-006575,partial_goodwill,7.7224,2.3167,5.4057
RFD-001733,ORD-0022692,2025-08-08,2025-07-06,T-01,PSN,P-001533,platform_policy,18.0115,5.4034,12.608
RFD-001734,ORD-0022694,2025-08-08,2025-07-06,T-03,STEAM,P-011119,player_request,30.2642,9.0793,21.185
RFD-001735,ORD-0022696,2025-07-27,2025-07-06,T-01,STEAM,P-032325,platform_policy,5.1448,1.5435,3.6014
RFD-001736,ORD-0022703,2025-08-15,2025-07-06,T-04,NSW,P-014454,price_adjustment,10.1459,3.0438,7.1022
RFD-001737,ORD-0022724,2025-07-24,2025-07-07,T-04,STEAM,P-036943,partial_goodwill,7.6294,2.2888,5.3406
RFD-001738,ORD-0022746,2025-08-05,2025-07-07,T-01,STEAM,P-022013,partial_goodwill,60.2338,18.0701,42.1637
RFD-001739,ORD-0022769,2025-08-17,2025-07-08,T-01,NSW,P-005991,price_adjustment,18.1747,5.4524,12.7223
RFD-001740,ORD-0022770,2025-09-17,2025-07-08,T-03,XBOX,P-007808,platform_policy,15.1953,4.5586,10.6367
RFD-001741,ORD-0022775,2025-07-11,2025-07-08,T-03,STEAM,P-008105,partial_goodwill,5.0583,1.5175,3.5408
RFD-001742,ORD-0022780,2025-07-25,2025-07-08,T-01,STEAM,P-028485,price_adjustment,8.5281,2.5584,5.9696
RFD-001743,ORD-0022794,2025-08-06,2025-07-08,T-01,STEAM,P-040686,price_adjustment,16.0782,4.8235,11.2548
RFD-001744,ORD-0022823,2025-07-11,2025-07-08,T-04,STEAM,P-042567,partial_goodwill,10.7093,3.2128,7.4965
RFD-001745,ORD-0022827,2025-07-25,2025-07-08,T-03,EPIC,P-002722,price_adjustment,3.23,0.3876,2.8424
RFD-001746,ORD-0022834,2025-08-06,2025-07-08,T-01,STEAM,P-030351,partial_goodwill,1.2773,0.3832,0.8941
RFD-001747,ORD-0022848,2025-07-11,2025-07-08,T-01,PSN,P-001572,price_adjustment,3.3824,1.0147,2.3677
RFD-001748,ORD-0022858,2025-08-06,2025-07-08,T-03,EPIC,P-038634,price_adjustment,1.6657,0.1999,1.4658
RFD-001749,ORD-0022876,2025-07-18,2025-07-09,T-01,STEAM,P-035975,accidental_purchase,61.0922,18.3277,42.7645
RFD-001750,ORD-0022892,2025-07-23,2025-07-09,T-01,STEAM,P-005774,accidental_purchase,19.168,5.7504,13.4176
RFD-001751,ORD-0022909,2025-08-11,2025-07-09,T-03,XBOX,P-005408,player_request,5.2575,1.5772,3.6802
RFD-001752,ORD-0022915,2025-08-07,2025-07-09,T-03,EPIC,P-044353,price_adjustment,4.8416,0.581,4.2606
RFD-001753,ORD-0022928,2025-08-07,2025-07-09,T-03,NSW,P-028518,price_adjustment,11.7011,3.5103,8.1908
RFD-001754,ORD-0022939,2025-07-14,2025-07-09,T-03,STEAM,P-032132,accidental_purchase,5.3165,1.5949,3.7215
RFD-001755,ORD-0022942,2025-07-26,2025-07-09,T-03,STEAM,P-014091,price_adjustment,2.5919,0.7776,1.8143
RFD-001756,ORD-0022953,2025-07-18,2025-07-10,T-01,STEAM,P-034851,price_adjustment,16.743,5.0229,11.7201
RFD-001757,ORD-0022959,2025-07-19,2025-07-10,T-01,STEAM,P-017207,platform_policy,4.8574,1.4572,3.4002
RFD-001758,ORD-0022979,2025-07-19,2025-07-10,T-04,PSN,P-027724,accidental_purchase,10.3378,3.1013,7.2365
RFD-001759,ORD-0022983,2025-08-12,2025-07-10,T-01,XBOX,P-041261,player_request,68.9135,20.674,48.2394
RFD-001760,ORD-0023001,2025-07-18,2025-07-10,T-03,XBOX,P-035011,price_adjustment,7.4708,2.2412,5.2296
RFD-001761,ORD-0023012,2025-07-27,2025-07-10,T-04,STEAM,P-019800,partial_goodwill,3.5189,1.0557,2.4632
RFD-001762,ORD-0023020,2025-07-31,2025-07-10,T-01,STEAM,P-005181,accidental_purchase,51.0444,15.3133,35.7311
RFD-001763,ORD-0023022,2025-07-13,2025-07-10,T-01,PSN,P-043547,partial_goodwill,26.4233,7.927,18.4963
RFD-001764,ORD-0023034,2025-08-19,2025-07-10,T-04,STEAM,P-001761,price_adjustment,3.346,1.0038,2.3422
RFD-001765,ORD-0023041,2025-08-27,2025-07-10,T-03,STEAM,P-000583,platform_policy,15.136,4.5408,10.5952
RFD-001766,ORD-0023077,2025-08-20,2025-07-11,T-01,PSN,P-020660,price_adjustment,4.4666,1.34,3.1266
RFD-001767,ORD-0023078,2025-07-13,2025-07-11,T-01,EPIC,P-038748,accidental_purchase,17.5017,2.1002,15.4015
RFD-001768,ORD-0023080,2025-07-28,2025-07-11,T-01,EPIC,P-005457,partial_goodwill,11.0816,1.3298,9.7518
RFD-001769,ORD-0023083,2025-08-28,2025-07-11,T-04,XBOX,P-005794,player_request,29.4655,8.8396,20.6258
RFD-001770,ORD-0023126,2025-07-20,2025-07-11,T-01,STEAM,P-038638,player_request,17.8765,5.363,12.5136
RFD-001771,ORD-0023143,2025-07-19,2025-07-11,T-03,STEAM,P-005627,price_adjustment,9.9344,2.9803,6.9541
RFD-001772,ORD-0023157,2025-07-25,2025-07-11,T-04,STEAM,P-032641,platform_policy,40.6063,12.1819,28.4244
RFD-001773,ORD-0023158,2025-07-14,2025-07-11,T-04,STEAM,P-033732,price_adjustment,1.2718,0.3815,0.8903
RFD-001774,ORD-0023161,2025-07-19,2025-07-11,T-01,STEAM,P-019505,price_adjustment,4.4497,1.3349,3.1148
RFD-001775,ORD-0023164,2025-07-14,2025-07-11,T-01,PSN,P-006510,partial_goodwill,24.9949,7.4985,17.4964
RFD-001776,ORD-0023172,2025-08-20,2025-07-11,T-04,STEAM,P-030287,price_adjustment,2.5334,0.76,1.7734
RFD-001777,ORD-0023178,2025-07-28,2025-07-11,T-01,STEAM,P-029577,partial_goodwill,1.1974,0.3592,0.8382
RFD-001778,ORD-0023180,2025-08-09,2025-07-11,T-03,NSW,P-032552,partial_goodwill,1.2616,0.3785,0.8831
RFD-001779,ORD-0023201,2025-07-13,2025-07-11,T-01,STEAM,P-010173,player_request,9.9874,2.9962,6.9912
RFD-001780,ORD-0023207,2025-07-19,2025-07-11,T-01,EPIC,P-024966,partial_goodwill,16.4977,1.9797,14.518
RFD-001781,ORD-0023208,2025-07-14,2025-07-11,T-01,STEAM,P-036616,partial_goodwill,1.6487,0.4946,1.1541
RFD-001782,ORD-0023230,2025-08-10,2025-07-12,T-01,PSN,P-036879,partial_goodwill,11.487,3.4461,8.0409
RFD-001783,ORD-0023254,2025-08-29,2025-07-12,T-01,STEAM,P-027789,player_request,9.5848,2.8754,6.7094
RFD-001784,ORD-0023259,2025-07-20,2025-07-12,T-01,PSN,P-028782,partial_goodwill,4.8225,1.4468,3.3758
RFD-001785,ORD-0023262,2025-07-15,2025-07-12,T-01,PSN,P-005542,price_adjustment,2.5335,0.76,1.7734
RFD-001786,ORD-0023271,2025-08-14,2025-07-12,T-03,STEAM,P-012502,platform_policy,14.9137,4.4741,10.4396
RFD-001787,ORD-0023276,2025-07-21,2025-07-12,T-01,EPIC,P-035085,accidental_purchase,109.9565,13.1948,96.7618
RFD-001788,ORD-0023289,2025-07-29,2025-07-12,T-04,STEAM,P-041553,partial_goodwill,10.0524,3.0157,7.0367
RFD-001789,ORD-0023367,2025-08-22,2025-07-13,T-01,PSN,P-032992,partial_goodwill,17.8664,5.3599,12.5064
RFD-001790,ORD-0023373,2025-08-03,2025-07-13,T-01,STEAM,P-036035,player_request,68.9421,20.6826,48.2595
RFD-001791,ORD-0023381,2025-08-22,2025-07-13,T-01,STEAM,P-003554,partial_goodwill,10.1597,3.0479,7.1118
RFD-001792,ORD-0023415,2025-08-22,2025-07-13,T-01,XBOX,P-000195,partial_goodwill,5.7384,1.7215,4.0169
RFD-001793,ORD-0023423,2025-07-15,2025-07-13,T-01,EPIC,P-007067,platform_policy,49.9899,5.9988,43.9911
RFD-001794,ORD-0023435,2025-07-30,2025-07-13,T-03,EPIC,P-041946,partial_goodwill,4.9957,0.5995,4.3962
RFD-001795,ORD-0023453,2025-08-22,2025-07-13,T-04,PSN,P-042543,partial_goodwill,7.3664,2.2099,5.1565
RFD-001796,ORD-0023483,2025-07-15,2025-07-13,T-01,PSN,P-041137,accidental_purchase,51.0656,15.3197,35.7459
RFD-001797,ORD-0023490,2025-07-22,2025-07-13,T-01,PSN,P-027226,platform_policy,16.791,5.0373,11.7537
RFD-001798,ORD-0023495,2025-09-22,2025-07-13,T-01,STEAM,P-006690,accidental_purchase,51.0656,15.3197,35.7459
RFD-001799,ORD-0023500,2025-07-18,2025-07-13,T-04,EPIC,P-038297,player_request,41.1252,4.935,36.1901
RFD-001800,ORD-0023537,2025-08-04,2025-07-14,T-01,STEAM,P-040147,platform_policy,45.0203,13.5061,31.5142
RFD-001801,ORD-0023565,2025-07-17,2025-07-14,T-01,STEAM,P-044758,price_adjustment,1.5725,0.4718,1.1008
RFD-001802,ORD-0023571,2025-07-18,2025-07-15,T-01,STEAM,P-024241,partial_goodwill,25.4735,7.642,17.8314
RFD-001803,ORD-0023603,2025-08-24,2025-07-15,T-01,PSN,P-018673,price_adjustment,3.2153,0.9646,2.2507
RFD-001804,ORD-0023608,2025-07-23,2025-07-15,T-03,EPIC,P-001717,price_adjustment,3.824,0.4589,3.3651
RFD-001805,ORD-0023622,2025-08-24,2025-07-15,T-03,STEAM,P-014087,partial_goodwill,8.305,2.4915,5.8135
RFD-001806,ORD-0023661,2025-07-18,2025-07-15,T-01,STEAM,P-040864,partial_goodwill,16.8129,5.0439,11.769
RFD-001807,ORD-0023663,2025-07-18,2025-07-15,T-01,NSW,P-039870,price_adjustment,22.7017,6.8105,15.8912
RFD-001808,ORD-0023692,2025-07-25,2025-07-16,T-03,STEAM,P-027679,platform_policy,40.2664,12.0799,28.1865
RFD-001809,ORD-0023742,2025-07-24,2025-07-16,T-01,PSN,P-023708,price_adjustment,12.7451,3.8235,8.9216
RFD-001810,ORD-0023761,2025-08-02,2025-07-16,T-01,STEAM,P-009624,partial_goodwill,12.452,3.7356,8.7164
RFD-001811,ORD-0023769,2025-09-02,2025-07-16,T-04,XBOX,P-013588,accidental_purchase,9.8033,2.941,6.8623
RFD-001812,ORD-0023778,2025-07-24,2025-07-16,T-04,STEAM,P-003213,partial_goodwill,15.2027,4.5608,10.6419
RFD-001813,ORD-0023807,2025-07-26,2025-07-17,T-03,PSN,P-007566,player_request,14.7939,4.4382,10.3557
RFD-001814,ORD-0023811,2025-08-03,2025-07-17,T-03,STEAM,P-015096,partial_goodwill,3.3151,0.9945,2.3206
RFD-001815,ORD-0023813,2025-07-25,2025-07-17,T-03,XBOX,P-044588,price_adjustment,1.2307,0.3692,0.8615
RFD-001816,ORD-0023824,2025-09-26,2025-07-17,T-04,XBOX,P-028128,player_request,35.4013,10.6204,24.7809
RFD-001817,ORD-0023845,2025-08-03,2025-07-17,T-04,STEAM,P-012242,partial_goodwill,3.5077,1.0523,2.4554
RFD-001818,ORD-0023854,2025-07-20,2025-07-17,T-01,XBOX,P-010040,partial_goodwill,22.6682,6.8005,15.8677
RFD-001819,ORD-0023855,2025-08-19,2025-07-17,T-01,XBOX,P-006224,accidental_purchase,10.1435,3.0431,7.1005
RFD-001820,ORD-0023873,2025-08-19,2025-07-17,T-01,PSN,P-039586,accidental_purchase,50.1022,15.0307,35.0715
RFD-001821,ORD-0023887,2025-07-20,2025-07-17,T-01,STEAM,P-018861,price_adjustment,25.0511,7.5153,17.5358
RFD-001822,ORD-0023900,2025-08-15,2025-07-17,T-04,NSW,P-032922,price_adjustment,3.1851,0.9555,2.2296
RFD-001823,ORD-0023913,2025-08-16,2025-07-18,T-01,EPIC,P-014890,partial_goodwill,2.5383,0.3046,2.2337
RFD-001824,ORD-0023923,2025-07-23,2025-07-18,T-01,EPIC,P-032882,player_request,10.0176,1.2021,8.8155
RFD-001825,ORD-0023925,2025-08-04,2025-07-18,T-04,NSW,P-041495,partial_goodwill,3.5079,1.0524,2.4555
RFD-001826,ORD-0023933,2025-08-27,2025-07-18,T-01,PSN,P-019106,price_adjustment,20.1448,6.0434,14.1014
RFD-001827,ORD-0023944,2025-08-20,2025-07-18,T-01,XBOX,P-010842,player_request,27.9817,8.3945,19.5872
RFD-001828,ORD-0023963,2025-07-21,2025-07-18,T-04,STEAM,P-037020,partial_goodwill,13.5245,4.0574,9.4672
RFD-001829,ORD-0023967,2025-07-21,2025-07-18,T-01,STEAM,P-016148,price_adjustment,5.0793,1.5238,3.5555
RFD-001830,ORD-0023997,2025-07-27,2025-07-18,T-04,EPIC,P-015953,accidental_purchase,5.0489,0.6059,4.443
RFD-001831,ORD-0024009,2025-08-27,2025-07-18,T-03,XBOX,P-023105,partial_goodwill,7.5688,2.2707,5.2982
RFD-001832,ORD-0024043,2025-07-22,2025-07-19,T-01,XBOX,P-033568,partial_goodwill,12.7301,3.819,8.9111
RFD-001833,ORD-0024044,2025-08-17,2025-07-19,T-01,EPIC,P-011724,price_adjustment,12.7236,1.5268,11.1967
RFD-001834,ORD-0024073,2025-08-02,2025-07-19,T-01,STEAM,P-035227,platform_policy,17.813,5.3439,12.4691
RFD-001835,ORD-0024085,2025-08-17,2025-07-19,T-01,EPIC,P-035539,price_adjustment,16.8016,2.0162,14.7854
RFD-001836,ORD-0024087,2025-07-27,2025-07-19,T-01,XBOX,P-011923,price_adjustment,10.9088,3.2726,7.6362
RFD-001837,ORD-0024111,2025-08-28,2025-07-19,T-04,NSW,P-034267,price_adjustment,10.3614,3.1084,7.2529
RFD-001838,ORD-0024136,2025-08-05,2025-07-19,T-01,XBOX,P-037569,price_adjustment,16.5476,4.9643,11.5833
RFD-001839,ORD-0024146,2025-08-28,2025-07-19,T-01,STEAM,P-025989,partial_goodwill,15.7453,4.7236,11.0217
RFD-001840,ORD-0024157,2025-08-05,2025-07-19,T-03,EPIC,P-007206,price_adjustment,4.9779,0.5973,4.3806
RFD-001841,ORD-0024164,2025-09-28,2025-07-19,T-01,STEAM,P-038387,platform_policy,47.7114,14.3134,33.398
RFD-001842,ORD-0024172,2025-08-17,2025-07-19,T-01,PSN,P-029096,partial_goodwill,3.3558,1.0067,2.349
RFD-001843,ORD-0024218,2025-07-25,2025-07-20,T-01,PSN,P-003328,accidental_purchase,50.8842,15.2653,35.6189
RFD-001844,ORD-0024229,2025-08-22,2025-07-20,T-01,PSN,P-034135,platform_policy,5.0793,1.5238,3.5555
RFD-001845,ORD-0024283,2025-07-22,2025-07-20,T-04,STEAM,P-003886,player_request,10.1079,3.0324,7.0755
RFD-001846,ORD-0024294,2025-08-18,2025-07-20,T-03,PSN,P-003650,partial_goodwill,7.4179,2.2254,5.1925
RFD-001847,ORD-0024307,2025-08-18,2025-07-20,T-01,STEAM,P-005900,partial_goodwill,3.7526,1.1258,2.6268
RFD-001848,ORD-0024322,2025-08-19,2025-07-21,T-01,STEAM,P-024360,partial_goodwill,13.7224,4.1167,9.6057
RFD-001849,ORD-0024354,2025-07-24,2025-07-21,T-01,STEAM,P-023131,price_adjustment,1.2674,0.3802,0.8872
RFD-001850,ORD-0024364,2025-08-30,2025-07-21,T-01,NSW,P-013653,price_adjustment,5.0798,1.5239,3.5559
RFD-001851,ORD-0024365,2025-09-30,2025-07-21,T-04,STEAM,P-035094,player_request,14.8689,4.4607,10.4082
RFD-001852,ORD-0024386,2025-08-07,2025-07-21,T-01,XBOX,P-030203,partial_goodwill,6.5711,1.9713,4.5998
RFD-001853,ORD-0024394,2025-07-26,2025-07-21,T-01,XBOX,P-014596,platform_policy,9.7244,2.9173,6.8071
RFD-001854,ORD-0024414,2025-08-30,2025-07-21,T-03,STEAM,P-002009,price_adjustment,12.6945,3.8083,8.8861
RFD-001855,ORD-0024416,2025-07-24,2025-07-21,T-03,STEAM,P-001327,price_adjustment,2.5146,0.7544,1.7602
RFD-001856,ORD-0024439,2025-07-30,2025-07-22,T-01,STEAM,P-037512,partial_goodwill,4.4672,1.3402,3.127
RFD-001857,ORD-0024446,2025-08-31,2025-07-22,T-01,STEAM,P-012703,price_adjustment,14.405,4.3215,10.0835
RFD-001858,ORD-0024469,2025-08-20,2025-07-22,T-01,XBOX,P-005441,partial_goodwill,1.6784,0.5035,1.1749
RFD-001859,ORD-0024470,2025-07-24,2025-07-22,T-01,STEAM,P-028770,platform_policy,54.9121,16.4736,38.4385
RFD-001860,ORD-0024480,2025-08-08,2025-07-22,T-03,NSW,P-017268,price_adjustment,7.5301,2.259,5.2711
RFD-001861,ORD-0024554,2025-09-08,2025-07-22,T-03,STEAM,P-039328,accidental_purchase,20.6052,6.1816,14.4237
RFD-001862,ORD-0024603,2025-08-21,2025-07-23,T-01,STEAM,P-026645,price_adjustment,18.421,5.5263,12.8947
RFD-001863,ORD-0024624,2025-07-31,2025-07-23,T-01,EPIC,P-023876,price_adjustment,17.286,2.0743,15.2117
RFD-001864,ORD-0024641,2025-09-01,2025-07-23,T-01,STEAM,P-042720,price_adjustment,29.2749,8.7825,20.4924
RFD-001865,ORD-0024643,2025-07-26,2025-07-23,T-01,NSW,P-040386,price_adjustment,25.3668,7.61,17.7568
RFD-001866,ORD-0024646,2025-07-25,2025-07-23,T-03,STEAM,P-008578,platform_policy,5.2675,1.5802,3.6872
RFD-001867,ORD-0024663,2025-07-25,2025-07-23,T-01,NSW,P-028933,accidental_purchase,68.5075,20.5523,47.9553
RFD-001868,ORD-0024674,2025-10-02,2025-07-23,T-01,STEAM,P-034728,player_request,4.871,1.4613,3.4097
RFD-001869,ORD-0024710,2025-08-01,2025-07-24,T-01,STEAM,P-020161,partial_goodwill,1.2136,0.3641,0.8495
RFD-001870,ORD-0024730,2025-08-01,2025-07-24,T-01,PSN,P-018885,price_adjustment,17.4394,5.2318,12.2076
RFD-001871,ORD-0024734,2025-09-02,2025-07-24,T-01,PSN,P-002325,partial_goodwill,3.1688,0.9506,2.2182
RFD-001872,ORD-0024786,2025-08-10,2025-07-24,T-01,STEAM,P-012210,partial_goodwill,21.6662,6.4999,15.1663
RFD-001873,ORD-0024790,2025-07-26,2025-07-24,T-03,PSN,P-029403,platform_policy,20.1126,6.0338,14.0788
RFD-001874,ORD-0024810,2025-07-28,2025-07-25,T-03,STEAM,P-044786,partial_goodwill,2.503,0.7509,1.7521
RFD-001875,ORD-0024813,2025-08-02,2025-07-25,T-01,STEAM,P-005647,partial_goodwill,8.9041,2.6712,6.2329
RFD-001876,ORD-0024827,2025-08-11,2025-07-25,T-01,STEAM,P-020636,price_adjustment,15.8226,4.7468,11.0759
RFD-001877,ORD-0024875,2025-08-23,2025-07-25,T-01,STEAM,P-034992,price_adjustment,5.392,1.6176,3.7744
RFD-001878,ORD-0024901,2025-10-04,2025-07-25,T-01,STEAM,P-027950,player_request,67.1592,20.1478,47.0114
RFD-001879,ORD-0024914,2025-07-28,2025-07-25,T-01,STEAM,P-012107,price_adjustment,4.9638,1.4892,3.4747
RFD-001880,ORD-0024954,2025-07-27,2025-07-25,T-01,PSN,P-035204,player_request,17.7981,5.3394,12.4587
RFD-001881,ORD-0024973,2025-09-11,2025-07-25,T-04,PSN,P-038677,player_request,15.1441,4.5432,10.6009
RFD-001882,ORD-0024987,2025-08-03,2025-07-26,T-03,PSN,P-018219,price_adjustment,1.3152,0.3946,0.9206
RFD-001883,ORD-0024991,2025-08-03,2025-07-26,T-03,STEAM,P-005130,price_adjustment,2.4824,0.7447,1.7377
RFD-001884,ORD-0024998,2025-07-31,2025-07-26,T-01,XBOX,P-044573,accidental_purchase,49.7437,14.9231,34.8206
RFD-001885,ORD-0025008,2025-08-09,2025-07-26,T-04,PSN,P-020133,platform_policy,15.1441,4.5432,10.6009
RFD-001886,ORD-0025010,2025-07-28,2025-07-26,T-03,EPIC,P-026007,accidental_purchase,15.0631,1.8076,13.2555
RFD-001887,ORD-0025012,2025-08-12,2025-07-26,T-01,STEAM,P-014798,price_adjustment,23.9728,7.1919,16.781
RFD-001888,ORD-0025015,2025-07-29,2025-07-26,T-01,NSW,P-001909,partial_goodwill,3.8088,1.1426,2.6662
RFD-001889,ORD-0025021,2025-08-03,2025-07-26,T-01,XBOX,P-006182,partial_goodwill,8.7078,2.6123,6.0954
RFD-001890,ORD-0025052,2025-10-05,2025-07-26,T-04,EPIC,P-036632,player_request,30.3287,3.6394,26.6893
RFD-001891,ORD-0025068,2025-08-03,2025-07-26,T-03,EPIC,P-037026,price_adjustment,2.5122,0.3015,2.2107
RFD-001892,ORD-0025071,2025-07-28,2025-07-26,T-01,PSN,P-013086,accidental_purchase,145.46,43.638,101.822
RFD-001893,ORD-0025079,2025-07-28,2025-07-26,T-04,EPIC,P-019294,platform_policy,29.3204,3.5184,25.8019
RFD-001894,ORD-0025086,2025-10-05,2025-07-26,T-01,XBOX,P-013148,accidental_purchase,16.9737,5.0921,11.8816
RFD-001895,ORD-0025092,2025-08-24,2025-07-26,T-04,NSW,P-012369,partial_goodwill,1.1988,0.3596,0.8392
RFD-001896,ORD-0025103,2025-08-29,2025-07-27,T-01,STEAM,P-009725,player_request,9.9382,2.9815,6.9568
RFD-001897,ORD-0025107,2025-09-05,2025-07-27,T-04,NSW,P-005468,partial_goodwill,2.5212,0.7564,1.7648
RFD-001898,ORD-0025118,2025-08-29,2025-07-27,T-01,EPIC,P-014335,player_request,15.2353,1.8282,13.407
RFD-001899,ORD-0025123,2025-08-17,2025-07-27,T-01,XBOX,P-012227,platform_policy,57.5272,17.2582,40.2691
RFD-001900,ORD-0025129,2025-07-30,2025-07-27,T-04,XBOX,P-007139,partial_goodwill,1.2199,0.366,0.854
RFD-001901,ORD-0025135,2025-10-06,2025-07-27,T-01,STEAM,P-017453,accidental_purchase,9.5725,2.8718,6.7008
RFD-001902,ORD-0025154,2025-08-25,2025-07-27,T-01,STEAM,P-029850,price_adjustment,16.775,5.0325,11.7425
RFD-001903,ORD-0025167,2025-09-05,2025-07-27,T-04,XBOX,P-043582,price_adjustment,5.1321,1.5396,3.5925
RFD-001904,ORD-0025185,2025-08-10,2025-07-27,T-03,PSN,P-015583,platform_policy,5.2583,1.5775,3.6808
RFD-001905,ORD-0025205,2025-08-13,2025-07-27,T-01,EPIC,P-012304,partial_goodwill,25.4157,3.0499,22.3659
RFD-001906,ORD-0025227,2025-08-06,2025-07-28,T-01,XBOX,P-023921,player_request,48.042,14.4126,33.6294
RFD-001907,ORD-0025235,2025-07-31,2025-07-28,T-01,STEAM,P-020193,partial_goodwill,12.3212,3.6963,8.6248
RFD-001908,ORD-0025238,2025-07-31,2025-07-28,T-01,STEAM,P-006461,partial_goodwill,15.3211,4.5963,10.7248
RFD-001909,ORD-0025263,2025-08-11,2025-07-28,T-01,STEAM,P-044562,player_request,17.2621,5.1786,12.0835
RFD-001910,ORD-0025267,2025-08-12,2025-07-29,T-03,STEAM,P-016780,platform_policy,25.1595,7.5479,17.6117
RFD-001911,ORD-0025269,2025-07-31,2025-07-29,T-03,STEAM,P-005056,accidental_purchase,10.4818,3.1445,7.3372
RFD-001912,ORD-0025291,2025-08-01,2025-07-29,T-01,XBOX,P-034241,price_adjustment,12.0327,3.6098,8.4229
RFD-001913,ORD-0025293,2025-08-01,2025-07-29,T-01,XBOX,P-025797,partial_goodwill,76.433,22.9299,53.5031
RFD-001914,ORD-0025316,2025-09-15,2025-07-29,T-01,STEAM,P-027409,platform_policy,10.1735,3.052,7.1214
RFD-001915,ORD-0025327,2025-08-19,2025-07-29,T-01,PSN,P-007081,player_request,5.0867,1.526,3.5607
RFD-001916,ORD-0025356,2025-09-15,2025-07-29,T-01,STEAM,P-033488,accidental_purchase,76.1095,22.8328,53.2766
RFD-001917,ORD-0025357,2025-08-12,2025-07-29,T-01,EPIC,P-016248,platform_policy,78.9814,9.4778,69.5037
RFD-001918,ORD-0025365,2025-08-07,2025-07-30,T-04,STEAM,P-015119,price_adjustment,9.5322,2.8596,6.6725
RFD-001919,ORD-0025370,2025-08-02,2025-07-30,T-03,STEAM,P-005136,partial_goodwill,7.5572,2.2672,5.29
RFD-001920,ORD-0025390,2025-09-08,2025-07-30,T-03,XBOX,P-025790,price_adjustment,4.9184,1.4755,3.4429
RFD-001921,ORD-0025411,2025-08-08,2025-07-30,T-04,PSN,P-044024,platform_policy,20.3216,6.0965,14.2251
RFD-001922,ORD-0025439,2025-10-09,2025-07-30,T-01,PSN,P-006645,platform_policy,17.1579,5.1474,12.0105
RFD-001923,ORD-0025442,2025-08-04,2025-07-30,T-03,XBOX,P-009163,player_request,25.2542,7.5763,17.678
RFD-001924,ORD-0025454,2025-08-28,2025-07-30,T-01,XBOX,P-018526,price_adjustment,8.9582,2.6875,6.2708
RFD-001925,ORD-0025463,2025-09-09,2025-07-31,T-01,EPIC,P-024698,price_adjustment,16.849,2.0219,14.8271
RFD-001926,ORD-0025470,2025-08-08,2025-07-31,T-04,XBOX,P-012800,partial_goodwill,10.0524,3.0157,7.0367
RFD-001927,ORD-0025498,2025-09-09,2025-07-31,T-03,EPIC,P-042335,partial_goodwill,2.5233,0.3028,2.2205
RFD-001928,ORD-0025528,2025-09-09,2025-07-31,T-03,STEAM,P-019067,partial_goodwill,2.5198,0.756,1.7639
RFD-001929,ORD-0025534,2025-08-15,2025-08-01,T-01,EPIC,P-024009,player_request,17.8216,2.1386,15.683
RFD-001930,ORD-0025544,2025-08-06,2025-08-01,T-03,PSN,P-042969,accidental_purchase,14.9388,4.4816,10.4571
RFD-001931,ORD-0025548,2025-08-30,2025-08-01,T-01,STEAM,P-043837,partial_goodwill,1.6133,0.484,1.1293
RFD-001932,ORD-0025557,2025-08-09,2025-08-01,T-01,EPIC,P-025673,partial_goodwill,2.5459,0.3055,2.2404
RFD-001933,ORD-0025560,2025-09-10,2025-08-01,T-04,STEAM,P-017943,partial_goodwill,14.4366,4.331,10.1056
RFD-001934,ORD-0025575,2025-08-10,2025-08-01,T-01,NSW,P-009260,platform_policy,10.1736,3.0521,7.1215
RFD-001935,ORD-0025587,2025-08-30,2025-08-01,T-03,PSN,P-018810,price_adjustment,4.9803,1.4941,3.4862
RFD-001936,ORD-0025589,2025-08-04,2025-08-01,T-04,STEAM,P-025150,partial_goodwill,4.7571,1.4271,3.33
RFD-001937,ORD-0025609,2025-09-10,2025-08-01,T-01,PSN,P-000896,partial_goodwill,19.3699,5.811,13.5589
RFD-001938,ORD-0025617,2025-08-30,2025-08-01,T-03,STEAM,P-026837,partial_goodwill,2.6156,0.7847,1.8309
RFD-001939,ORD-0025624,2025-08-30,2025-08-01,T-01,PSN,P-037150,price_adjustment,15.8546,4.7564,11.0982
RFD-001940,ORD-0025629,2025-08-03,2025-08-01,T-01,STEAM,P-015987,player_request,69.1409,20.7423,48.3986
RFD-001941,ORD-0025648,2025-09-10,2025-08-01,T-01,STEAM,P-017411,price_adjustment,15.9404,4.7821,11.1583
RFD-001942,ORD-0025671,2025-08-04,2025-08-01,T-01,EPIC,P-037230,partial_goodwill,16.1433,1.9372,14.2061
RFD-001943,ORD-0025685,2025-08-09,2025-08-01,T-04,STEAM,P-031302,partial_goodwill,14.4162,4.3249,10.0914
RFD-001944,ORD-0025692,2025-08-19,2025-08-02,T-01,STEAM,P-015615,partial_goodwill,26.8986,8.0696,18.829
RFD-001945,ORD-0025693,2025-08-31,2025-08-02,T-03,STEAM,P-005319,partial_goodwill,3.2473,0.9742,2.2731
RFD-001946,ORD-0025696,2025-08-05,2025-08-02,T-01,PSN,P-044100,price_adjustment,5.5017,1.6505,3.8512
RFD-001947,ORD-0025699,2025-08-31,2025-08-02,T-04,STEAM,P-016075,partial_goodwill,12.6239,3.7872,8.8367
RFD-001948,ORD-0025700,2025-08-05,2025-08-02,T-01,STEAM,P-011654,price_adjustment,34.3652,10.3096,24.0556
RFD-001949,ORD-0025715,2025-08-31,2025-08-02,T-03,PSN,P-004764,partial_goodwill,3.3168,0.995,2.3218
RFD-001950,ORD-0025731,2025-08-05,2025-08-02,T-03,EPIC,P-043852,partial_goodwill,1.6846,0.2022,1.4824
RFD-001951,ORD-0025741,2025-09-11,2025-08-02,T-01,NSW,P-019518,partial_goodwill,4.2814,1.2844,2.997
RFD-001952,ORD-0025751,2025-08-10,2025-08-02,T-01,STEAM,P-039801,price_adjustment,41.5837,12.4751,29.1086
RFD-001953,ORD-0025753,2025-08-10,2025-08-02,T-01,STEAM,P-015208,price_adjustment,28.8226,8.6468,20.1758
RFD-001954,ORD-0025754,2025-08-05,2025-08-02,T-03,EPIC,P-042225,partial_goodwill,3.3168,0.398,2.9188
RFD-001955,ORD-0025782,2025-08-10,2025-08-02,T-04,STEAM,P-019272,partial_goodwill,23.5525,7.0658,16.4868
RFD-001956,ORD-0025783,2025-08-05,2025-08-02,T-01,STEAM,P-006182,price_adjustment,21.7898,6.5369,15.2529
RFD-001957,ORD-0025785,2025-08-19,2025-08-02,T-03,PSN,P-002641,partial_goodwill,5.031,1.5093,3.5217
RFD-001958,ORD-0025803,2025-10-12,2025-08-02,T-04,PSN,P-042100,accidental_purchase,38.2447,11.4734,26.7713
RFD-001959,ORD-0025825,2025-08-31,2025-08-02,T-03,STEAM,P-042109,price_adjustment,4.8812,1.4644,3.4169
RFD-001960,ORD-0025837,2025-09-12,2025-08-03,T-04,PSN,P-039619,partial_goodwill,1.5823,0.4747,1.1076
RFD-001961,ORD-0025859,2025-09-05,2025-08-03,T-01,STEAM,P-024713,accidental_purchase,61.0824,18.3247,42.7577
RFD-001962,ORD-0025889,2025-09-20,2025-08-03,T-01,STEAM,P-010869,accidental_purchase,48.9159,14.6748,34.2411
RFD-001963,ORD-0025890,2025-08-06,2025-08-03,T-03,NSW,P-017937,partial_goodwill,17.5883,5.2765,12.3118
RFD-001964,ORD-0025894,2025-09-01,2025-08-03,T-01,XBOX,P-023617,partial_goodwill,3.2266,0.968,2.2586
RFD-001965,ORD-0025925,2025-08-20,2025-08-03,T-01,EPIC,P-031372,price_adjustment,16.7972,2.0157,14.7815
RFD-001966,ORD-0025928,2025-08-05,2025-08-03,T-03,STEAM,P-025303,player_request,29.1507,8.7452,20.4055
RFD-001967,ORD-0025932,2025-08-11,2025-08-03,T-01,STEAM,P-032613,price_adjustment,25.4493,7.6348,17.8145
RFD-001968,ORD-0025935,2025-08-17,2025-08-03,T-03,PSN,P-036603,accidental_purchase,5.2886,1.5866,3.702
RFD-001969,ORD-0025943,2025-08-24,2025-08-03,T-01,STEAM,P-033044,player_request,57.948,17.3844,40.5636
RFD-001970,ORD-0025950,2025-08-11,2025-08-03,T-01,STEAM,P-011383,price_adjustment,5.0817,1.5245,3.5572
RFD-001971,ORD-0025960,2025-08-06,2025-08-04,T-01,XBOX,P-042433,player_request,50.6098,15.1829,35.4269
RFD-001972,ORD-0025963,2025-08-21,2025-08-04,T-04,STEAM,P-000264,price_adjustment,7.5526,2.2658,5.2869
RFD-001973,ORD-0025987,2025-09-06,2025-08-04,T-01,EPIC,P-031512,platform_policy,4.8281,0.5794,4.2488
RFD-001974,ORD-0026023,2025-08-07,2025-08-04,T-01,PSN,P-030831,partial_goodwill,27.8308,8.3493,19.4816
RFD-001975,ORD-0026031,2025-10-14,2025-08-04,T-01,PSN,P-034925,platform_policy,26.8929,8.0679,18.825
RFD-001976,ORD-0026034,2025-08-13,2025-08-04,T-03,STEAM,P-041931,accidental_purchase,9.9929,2.9979,6.995
RFD-001977,ORD-0026035,2025-08-12,2025-08-04,T-01,EPIC,P-028751,partial_goodwill,24.2108,2.9053,21.3055
RFD-001978,ORD-0026036,2025-08-13,2025-08-04,T-03,XBOX,P-012351,accidental_purchase,19.9858,5.9957,13.99
RFD-001979,ORD-0026054,2025-08-12,2025-08-04,T-01,XBOX,P-030534,partial_goodwill,5.8485,1.7546,4.094
RFD-001980,ORD-0026063,2025-08-07,2025-08-04,T-03,STEAM,P-006622,price_adjustment,8.7707,2.6312,6.1395
RFD-001981,ORD-0026070,2025-08-13,2025-08-04,T-01,STEAM,P-042459,accidental_purchase,50.6098,15.1829,35.4269
RFD-001982,ORD-0026108,2025-10-14,2025-08-04,T-03,PSN,P-037967,accidental_purchase,14.9944,4.4983,10.4961
RFD-001983,ORD-0026137,2025-08-10,2025-08-05,T-01,EPIC,P-002490,player_request,9.7495,1.1699,8.5796
RFD-001984,ORD-0026158,2025-08-08,2025-08-05,T-03,PSN,P-034906,price_adjustment,20.055,6.0165,14.0385
RFD-001985,ORD-0026163,2025-08-19,2025-08-05,T-03,STEAM,P-003004,platform_policy,15.0905,4.5272,10.5634
RFD-001986,ORD-0026170,2025-08-08,2025-08-05,T-01,PSN,P-031909,partial_goodwill,17.6141,5.2842,12.3299
RFD-001987,ORD-0026198,2025-08-14,2025-08-05,T-01,PSN,P-043707,platform_policy,68.5634,20.569,47.9944
RFD-001988,ORD-0026210,2025-08-19,2025-08-05,T-03,XBOX,P-008052,platform_policy,5.1639,1.5492,3.6147
RFD-001989,ORD-0026218,2025-08-22,2025-08-05,T-01,XBOX,P-015331,price_adjustment,5.8688,1.7606,4.1081
RFD-001990,ORD-0026247,2025-09-23,2025-08-06,T-03,STEAM,P-008381,platform_policy,15.0889,4.5267,10.5622
RFD-001991,ORD-0026275,2025-08-27,2025-08-06,T-01,EPIC,P-018196,accidental_purchase,97.9879,11.7585,86.2294
RFD-001992,ORD-0026301,2025-10-16,2025-08-06,T-04,XBOX,P-033313,player_request,60.7616,18.2285,42.5331
RFD-001993,ORD-0026309,2025-08-14,2025-08-06,T-01,STEAM,P-034158,price_adjustment,3.1875,0.9562,2.2312
RFD-001994,ORD-0026314,2025-09-15,2025-08-06,T-03,STEAM,P-005339,partial_goodwill,3.6979,1.1094,2.5885
RFD-001995,ORD-0026320,2025-09-09,2025-08-07,T-01,STEAM,P-024604,accidental_purchase,50.8568,15.257,35.5998
RFD-001996,ORD-0026324,2025-09-09,2025-08-07,T-04,PSN,P-004989,player_request,30.3378,9.1013,21.2364
RFD-001997,ORD-0026352,2025-08-24,2025-08-07,T-01,STEAM,P-035338,price_adjustment,3.175,0.9525,2.2225
RFD-001998,ORD-0026366,2025-08-21,2025-08-07,T-01,STEAM,P-017578,accidental_purchase,27.9566,8.387,19.5696
RFD-001999,ORD-0026370,2025-08-10,2025-08-07,T-04,STEAM,P-014512,price_adjustment,10.0113,3.0034,7.0079
RFD-002000,ORD-0026411,2025-08-16,2025-08-08,T-03,PSN,P-019859,price_adjustment,9.874,2.9622,6.9118
RFD-002001,ORD-0026426,2025-08-16,2025-08-08,T-01,PSN,P-009718,price_adjustment,16.2139,4.8642,11.3497
RFD-002002,ORD-0026453,2025-09-06,2025-08-08,T-03,STEAM,P-043965,price_adjustment,2.5216,0.7565,1.7651
RFD-002003,ORD-0026455,2025-09-06,2025-08-08,T-01,EPIC,P-021505,partial_goodwill,15.9943,1.9193,14.075
RFD-002004,ORD-0026469,2025-09-06,2025-08-08,T-01,XBOX,P-006616,partial_goodwill,25.5109,7.6533,17.8576
RFD-002005,ORD-0026473,2025-08-16,2025-08-08,T-01,STEAM,P-016390,price_adjustment,15.8527,4.7558,11.0969
RFD-002006,ORD-0026478,2025-09-17,2025-08-08,T-01,PSN,P-041220,price_adjustment,5.8973,1.7692,4.1281
RFD-002007,ORD-0026500,2025-08-17,2025-08-08,T-01,EPIC,P-004176,player_request,58.7879,7.0545,51.7333
RFD-002008,ORD-0026508,2025-09-06,2025-08-08,T-04,XBOX,P-013026,partial_goodwill,10.0457,3.0137,7.032
RFD-002009,ORD-0026510,2025-09-17,2025-08-08,T-03,STEAM,P-009466,price_adjustment,7.5546,2.2664,5.2882
RFD-002010,ORD-0026521,2025-09-25,2025-08-08,T-01,NSW,P-002667,player_request,20.3762,6.1128,14.2633
RFD-002011,ORD-0026528,2025-09-17,2025-08-08,T-04,XBOX,P-031588,partial_goodwill,7.7377,2.3213,5.4164
RFD-002012,ORD-0026530,2025-08-25,2025-08-08,T-01,NSW,P-035175,partial_goodwill,2.5521,0.7656,1.7865
RFD-002013,ORD-0026537,2025-08-17,2025-08-08,T-04,STEAM,P-002572,accidental_purchase,30.4422,9.1327,21.3095
RFD-002014,ORD-0026541,2025-08-29,2025-08-08,T-03,PSN,P-025810,player_request,34.792,10.4376,24.3544
RFD-002015,ORD-0026557,2025-08-25,2025-08-08,T-01,XBOX,P-026287,partial_goodwill,16.8378,5.0513,11.7864
RFD-002016,ORD-0026572,2025-09-07,2025-08-09,T-04,XBOX,P-001768,partial_goodwill,9.4174,2.8252,6.5922
RFD-002017,ORD-0026575,2025-08-30,2025-08-09,T-01,XBOX,P-005471,platform_policy,16.8169,5.0451,11.7718
RFD-002018,ORD-0026617,2025-08-23,2025-08-09,T-03,PSN,P-011805,platform_policy,39.4751,11.8425,27.6326
RFD-002019,ORD-0026625,2025-08-17,2025-08-09,T-01,PSN,P-038746,price_adjustment,21.881,6.5643,15.3167
RFD-002020,ORD-0026644,2025-09-11,2025-08-09,T-03,XBOX,P-034510,player_request,5.0168,1.505,3.5118
RFD-002021,ORD-0026645,2025-08-12,2025-08-09,T-04,STEAM,P-013738,price_adjustment,15.2211,4.5663,10.6548
RFD-002022,ORD-0026666,2025-09-18,2025-08-09,T-01,XBOX,P-041001,price_adjustment,2.5419,0.7626,1.7794
RFD-002023,ORD-0026675,2025-08-12,2025-08-09,T-03,STEAM,P-008424,price_adjustment,3.6988,1.1097,2.5892
RFD-002024,ORD-0026696,2025-08-14,2025-08-09,T-01,EPIC,P-020220,platform_policy,51.0319,6.1238,44.9081
RFD-002025,ORD-0026718,2025-08-17,2025-08-09,T-01,PSN,P-016799,partial_goodwill,9.6855,2.9057,6.7799
RFD-002026,ORD-0026720,2025-09-11,2025-08-09,T-01,STEAM,P-029938,player_request,48.0387,14.4116,33.6271
RFD-002027,ORD-0026722,2025-09-18,2025-08-09,T-03,PSN,P-013636,partial_goodwill,3.4977,1.0493,2.4484
RFD-002028,ORD-0026737,2025-08-13,2025-08-10,T-01,STEAM,P-039200,partial_goodwill,1.2226,0.3668,0.8558
RFD-002029,ORD-0026738,2025-08-13,2025-08-10,T-03,EPIC,P-029538,partial_goodwill,1.7489,0.2099,1.539
RFD-002030,ORD-0026749,2025-09-08,2025-08-10,T-03,STEAM,P-012050,price_adjustment,15.1194,4.5358,10.5836
RFD-002031,ORD-0026752,2025-09-08,2025-08-10,T-01,PSN,P-026698,partial_goodwill,25.3834,7.615,17.7684
RFD-002032,ORD-0026755,2025-08-18,2025-08-10,T-04,PSN,P-022030,partial_goodwill,2.4037,0.7211,1.6826
RFD-002033,ORD-0026763,2025-08-27,2025-08-10,T-01,EPIC,P-015446,partial_goodwill,25.5109,3.0613,22.4496
RFD-002034,ORD-0026764,2025-08-13,2025-08-10,T-01,STEAM,P-034288,price_adjustment,32.7158,9.8147,22.901
RFD-002035,ORD-0026780,2025-08-27,2025-08-10,T-03,STEAM,P-041752,partial_goodwill,6.1647,1.8494,4.3153
RFD-002036,ORD-0026781,2025-08-27,2025-08-10,T-01,EPIC,P-020894,price_adjustment,3.168,0.3802,2.7878
RFD-002037,ORD-0026796,2025-08-18,2025-08-10,T-04,XBOX,P-004573,price_adjustment,2.4037,0.7211,1.6826
RFD-002038,ORD-0026817,2025-08-31,2025-08-10,T-04,STEAM,P-002165,player_request,10.1372,3.0412,7.0961
RFD-002039,ORD-0026832,2025-08-18,2025-08-10,T-01,XBOX,P-021827,price_adjustment,6.731,2.0193,4.7117
RFD-002040,ORD-0026845,2025-08-27,2025-08-10,T-03,PSN,P-044777,partial_goodwill,4.9924,1.4977,3.4947
RFD-002041,ORD-0026848,2025-08-31,2025-08-10,T-01,STEAM,P-022468,player_request,71.4284,21.4285,49.9999
RFD-002042,ORD-0026876,2025-08-31,2025-08-10,T-04,STEAM,P-015665,accidental_purchase,58.2589,17.4777,40.7813
RFD-002043,ORD-0026904,2025-08-15,2025-08-10,T-01,PSN,P-040343,platform_policy,4.8904,1.4671,3.4232
RFD-002044,ORD-0026914,2025-08-13,2025-08-10,T-03,STEAM,P-031917,price_adjustment,3.4977,1.0493,2.4484
RFD-002045,ORD-0026916,2025-08-15,2025-08-10,T-04,STEAM,P-018417,accidental_purchase,20.2643,6.0793,14.185
RFD-002046,ORD-0026917,2025-08-18,2025-08-10,T-03,STEAM,P-000733,partial_goodwill,5.0432,1.513,3.5302
RFD-002047,ORD-0026938,2025-09-28,2025-08-11,T-03,XBOX,P-028241,accidental_purchase,15.0106,4.5032,10.5074
RFD-002048,ORD-0026945,2025-08-14,2025-08-11,T-04,STEAM,P-027259,price_adjustment,6.8138,2.0441,4.7697
RFD-002049,ORD-0026947,2025-09-13,2025-08-11,T-01,NSW,P-006140,accidental_purchase,22.7934,6.838,15.9554
RFD-002050,ORD-0026953,2025-08-14,2025-08-11,T-01,PSN,P-044970,price_adjustment,18.7287,5.6186,13.1101
RFD-002051,ORD-0026960,2025-08-28,2025-08-11,T-01,STEAM,P-003176,price_adjustment,25.3272,7.5981,17.729
RFD-002052,ORD-0026968,2025-09-09,2025-08-11,T-03,XBOX,P-030662,partial_goodwill,5.0069,1.5021,3.5048
RFD-002053,ORD-0026971,2025-08-20,2025-08-11,T-04,EPIC,P-023996,player_request,9.7056,1.1647,8.5409
RFD-002054,ORD-0026977,2025-09-09,2025-08-11,T-01,EPIC,P-007229,partial_goodwill,3.2631,0.3916,2.8715
RFD-002055,ORD-0027002,2025-08-16,2025-08-11,T-01,XBOX,P-042389,player_request,50.6644,15.1993,35.4651
RFD-002056,ORD-0027005,2025-10-21,2025-08-11,T-04,STEAM,P-010080,platform_policy,9.6788,2.9036,6.7751
RFD-002057,ORD-0027011,2025-08-19,2025-08-11,T-03,EPIC,P-009682,partial_goodwill,3.6255,0.4351,3.1904
RFD-002058,ORD-0027015,2025-09-20,2025-08-11,T-03,XBOX,P-002759,partial_goodwill,3.7337,1.1201,2.6136
RFD-002059,ORD-0027043,2025-08-20,2025-08-12,T-01,STEAM,P-036033,price_adjustment,34.2092,10.2628,23.9464
RFD-002060,ORD-0027066,2025-09-10,2025-08-12,T-01,PSN,P-044586,price_adjustment,1.666,0.4998,1.1662
RFD-002061,ORD-0027069,2025-08-29,2025-08-12,T-01,STEAM,P-016964,price_adjustment,5.0587,1.5176,3.5411
RFD-002062,ORD-0027071,2025-08-21,2025-08-12,T-01,PSN,P-028194,accidental_purchase,17.7709,5.3313,12.4396
RFD-002063,ORD-0027072,2025-08-15,2025-08-12,T-03,PSN,P-022029,partial_goodwill,7.5022,2.2507,5.2515
RFD-002064,ORD-0027079,2025-08-20,2025-08-12,T-03,STEAM,P-024601,price_adjustment,1.7349,0.5205,1.2145
RFD-002065,ORD-0027081,2025-08-14,2025-08-12,T-01,STEAM,P-019700,player_request,50.6776,15.2033,35.4744
RFD-002066,ORD-0027082,2025-09-14,2025-08-12,T-01,PSN,P-017956,platform_policy,50.6776,15.2033,35.4744
RFD-002067,ORD-0027085,2025-09-14,2025-08-12,T-04,XBOX,P-031853,accidental_purchase,30.2309,9.0693,21.1616
RFD-002068,ORD-0027092,2025-09-21,2025-08-12,T-01,STEAM,P-014938,price_adjustment,15.1962,4.5589,10.6374
RFD-002069,ORD-0027099,2025-08-20,2025-08-12,T-01,PSN,P-016874,price_adjustment,30.4025,9.1208,21.2818
RFD-002070,ORD-0027107,2025-08-17,2025-08-12,T-04,STEAM,P-018486,platform_policy,4.8274,1.4482,3.3792
RFD-002071,ORD-0027112,2025-09-10,2025-08-12,T-01,XBOX,P-027590,price_adjustment,24.1332,7.24,16.8932
RFD-002072,ORD-0027119,2025-08-15,2025-08-12,T-03,XBOX,P-032846,partial_goodwill,3.8147,1.1444,2.6703
RFD-002073,ORD-0027124,2025-08-14,2025-08-12,T-04,STEAM,P-002259,accidental_purchase,24.6486,7.3946,17.254
RFD-002074,ORD-0027128,2025-08-17,2025-08-12,T-01,STEAM,P-033207,accidental_purchase,49.2784,14.7835,34.4949
RFD-002075,ORD-0027131,2025-09-21,2025-08-12,T-04,PSN,P-032887,partial_goodwill,5.0778,1.5233,3.5545
RFD-002076,ORD-0027133,2025-08-15,2025-08-12,T-01,STEAM,P-005639,partial_goodwill,3.2505,0.9751,2.2753
RFD-002077,ORD-0027156,2025-08-21,2025-08-13,T-01,STEAM,P-043570,price_adjustment,13.9077,4.1723,9.7354
RFD-002078,ORD-0027187,2025-09-22,2025-08-13,T-01,NSW,P-006896,partial_goodwill,16.6892,5.0068,11.6824
RFD-002079,ORD-0027201,2025-08-16,2025-08-13,T-01,XBOX,P-044149,price_adjustment,25.2858,7.5857,17.7
RFD-002080,ORD-0027208,2025-08-16,2025-08-13,T-04,STEAM,P-024499,partial_goodwill,7.5283,2.2585,5.2698
RFD-002081,ORD-0027215,2025-09-22,2025-08-13,T-04,STEAM,P-027787,partial_goodwill,22.6021,6.7806,15.8215
RFD-002082,ORD-0027220,2025-10-23,2025-08-13,T-01,STEAM,P-044086,platform_policy,9.8688,2.9606,6.9082
RFD-002083,ORD-0027233,2025-09-03,2025-08-13,T-04,STEAM,P-032929,accidental_purchase,10.5618,3.1685,7.3932
RFD-002084,ORD-0027234,2025-09-22,2025-08-13,T-01,EPIC,P-012172,partial_goodwill,7.8275,0.9393,6.8882
RFD-002085,ORD-0027243,2025-08-18,2025-08-13,T-03,XBOX,P-005006,platform_policy,20.1662,6.0499,14.1164
RFD-002086,ORD-0027247,2025-08-27,2025-08-13,T-01,XBOX,P-033179,player_request,9.8688,2.9606,6.9082
RFD-002087,ORD-0027257,2025-08-18,2025-08-13,T-01,STEAM,P-019577,platform_policy,9.8793,2.9638,6.9155
RFD-002088,ORD-0027266,2025-09-30,2025-08-13,T-04,STEAM,P-032507,player_request,38.8584,11.6575,27.2009
RFD-002089,ORD-0027268,2025-08-16,2025-08-13,T-01,PSN,P-018619,price_adjustment,19.5808,5.8742,13.7066
RFD-002090,ORD-0027294,2025-09-11,2025-08-13,T-04,STEAM,P-030879,price_adjustment,16.7597,5.0279,11.7318
RFD-002091,ORD-0027296,2025-08-22,2025-08-14,T-03,STEAM,P-019988,price_adjustment,3.7565,1.1269,2.6295
RFD-002092,ORD-0027299,2025-09-16,2025-08-14,T-01,XBOX,P-029461,platform_policy,17.7925,5.3377,12.4547
RFD-002093,ORD-0027303,2025-08-22,2025-08-14,T-04,STEAM,P-024456,price_adjustment,2.4179,0.7254,1.6925
RFD-002094,ORD-0027318,2025-08-31,2025-08-14,T-01,EPIC,P-024524,partial_goodwill,16.0081,1.921,14.0871
RFD-002095,ORD-0027337,2025-09-12,2025-08-14,T-01,PSN,P-033341,partial_goodwill,24.2547,7.2764,16.9783
RFD-002096,ORD-0027340,2025-09-23,2025-08-14,T-01,STEAM,P-012394,price_adjustment,21.6272,6.4882,15.139
RFD-002097,ORD-0027359,2025-08-17,2025-08-14,T-01,PSN,P-030826,partial_goodwill,4.4513,1.3354,3.1159
RFD-002098,ORD-0027390,2025-08-16,2025-08-14,T-01,NSW,P-006038,player_request,27.9302,8.3791,19.5511
RFD-002099,ORD-0027408,2025-09-24,2025-08-15,T-01,STEAM,P-012862,price_adjustment,16.6198,4.9859,11.6338
RFD-002100,ORD-0027415,2025-09-24,2025-08-15,T-03,XBOX,P-030756,partial_goodwill,1.7262,0.5179,1.2083
RFD-002101,ORD-0027416,2025-09-01,2025-08-15,T-04,NSW,P-006350,price_adjustment,13.2175,3.9653,9.2523
RFD-002102,ORD-0027438,2025-09-24,2025-08-15,T-04,STEAM,P-004350,price_adjustment,4.8332,1.45,3.3833
RFD-002103,ORD-0027444,2025-09-13,2025-08-15,T-03,STEAM,P-037579,partial_goodwill,4.9586,1.4876,3.471
RFD-002104,ORD-0027452,2025-09-01,2025-08-15,T-01,NSW,P-040245,partial_goodwill,8.8122,2.6437,6.1686
RFD-002105,ORD-0027453,2025-08-23,2025-08-15,T-01,PSN,P-014457,partial_goodwill,29.5964,8.8789,20.7175
RFD-002106,ORD-0027459,2025-08-29,2025-08-15,T-01,STEAM,P-016285,player_request,14.4724,4.3417,10.1307
RFD-002107,ORD-0027463,2025-08-17,2025-08-15,T-03,PSN,P-044398,accidental_purchase,10.0135,3.004,7.0094
RFD-002108,ORD-0027464,2025-09-24,2025-08-15,T-03,STEAM,P-028729,partial_goodwill,12.4347,3.7304,8.7043
RFD-002109,ORD-0027474,2025-09-01,2025-08-15,T-01,STEAM,P-024067,partial_goodwill,24.2889,7.2867,17.0022
RFD-002110,ORD-0027475,2025-08-20,2025-08-15,T-03,XBOX,P-035381,platform_policy,10.1967,3.059,7.1377
RFD-002111,ORD-0027489,2025-09-24,2025-08-15,T-01,STEAM,P-033020,price_adjustment,34.2803,10.2841,23.9962
RFD-002112,ORD-0027503,2025-09-24,2025-08-15,T-04,XBOX,P-011646,partial_goodwill,2.4998,0.7499,1.7499
RFD-002113,ORD-0027536,2025-09-24,2025-08-15,T-01,XBOX,P-010496,price_adjustment,5.6604,1.6981,3.9622
RFD-002114,ORD-0027547,2025-08-23,2025-08-15,T-01,XBOX,P-033782,partial_goodwill,4.936,1.4808,3.4552
RFD-002115,ORD-0027646,2025-08-19,2025-08-16,T-01,EPIC,P-014261,partial_goodwill,24.2889,2.9147,21.3742
RFD-002116,ORD-0027648,2025-09-25,2025-08-16,T-04,STEAM,P-002235,price_adjustment,3.3674,1.0102,2.3572
RFD-002117,ORD-0027667,2025-09-02,2025-08-16,T-01,PSN,P-039494,partial_goodwill,4.4058,1.3218,3.0841
RFD-002118,ORD-0027668,2025-08-30,2025-08-16,T-03,STEAM,P-015932,player_request,5.0022,1.5007,3.5015
RFD-002119,ORD-0027685,2025-09-25,2025-08-16,T-04,EPIC,P-044379,partial_goodwill,3.7648,0.4518,3.313
RFD-002120,ORD-0027691,2025-08-24,2025-08-16,T-04,STEAM,P-011383,price_adjustment,1.2545,0.3764,0.8782
RFD-002121,ORD-0027697,2025-09-14,2025-08-16,T-01,NSW,P-008979,partial_goodwill,1.656,0.4968,1.1592
RFD-002122,ORD-0027704,2025-09-14,2025-08-16,T-01,PSN,P-019148,price_adjustment,12.0812,3.6244,8.4569
RFD-002123,ORD-0027709,2025-10-26,2025-08-16,T-04,STEAM,P-036812,accidental_purchase,10.006,3.0018,7.0042
RFD-002124,ORD-0027718,2025-08-19,2025-08-16,T-04,STEAM,P-006843,price_adjustment,15.024,4.5072,10.5168
RFD-002125,ORD-0027720,2025-09-25,2025-08-16,T-04,STEAM,P-031710,price_adjustment,5.008,1.5024,3.5056
RFD-002126,ORD-0027735,2025-09-02,2025-08-16,T-04,STEAM,P-016850,price_adjustment,2.6295,0.7888,1.8406
RFD-002127,ORD-0027742,2025-09-18,2025-08-16,T-01,STEAM,P-040442,accidental_purchase,50.3711,15.1113,35.2598
RFD-002128,ORD-0027766,2025-08-18,2025-08-16,T-01,STEAM,P-039461,platform_policy,65.4654,19.6396,45.8258
RFD-002129,ORD-0027786,2025-08-30,2025-08-16,T-04,STEAM,P-010493,accidental_purchase,24.6694,7.4008,17.2686
RFD-002130,ORD-0027788,2025-09-25,2025-08-16,T-01,NSW,P-007248,price_adjustment,24.1625,7.2487,16.9137
RFD-002131,ORD-0027795,2025-08-19,2025-08-16,T-01,NSW,P-021137,partial_goodwill,5.6119,1.6836,3.9283
RFD-002132,ORD-0027824,2025-08-31,2025-08-17,T-04,XBOX,P-001965,player_request,10.006,3.0018,7.0042
RFD-002133,ORD-0027825,2025-09-15,2025-08-17,T-03,EPIC,P-036198,price_adjustment,12.4347,1.4922,10.9425
RFD-002134,ORD-0027837,2025-09-19,2025-08-17,T-01,NSW,P-043513,platform_policy,38.6603,11.5981,27.0622
RFD-002135,ORD-0027857,2025-09-03,2025-08-17,T-03,STEAM,P-018040,partial_goodwill,2.6094,0.7828,1.8266
RFD-002136,ORD-0027868,2025-08-31,2025-08-17,T-01,PSN,P-036525,platform_policy,50.3711,15.1113,35.2598
RFD-002137,ORD-0027871,2025-09-03,2025-08-17,T-04,PSN,P-039093,price_adjustment,12.8211,3.8463,8.9748
RFD-002138,ORD-0027876,2025-08-20,2025-08-17,T-01,XBOX,P-033222,price_adjustment,16.3958,4.9188,11.4771
RFD-002139,ORD-0027877,2025-08-25,2025-08-17,T-04,STEAM,P-035291,partial_goodwill,19.8313,5.9494,13.8819
RFD-002140,ORD-0027892,2025-10-04,2025-08-17,T-01,STEAM,P-014701,player_request,20.1224,6.0367,14.0857
RFD-002141,ORD-0027898,2025-10-04,2025-08-17,T-01,STEAM,P-042383,player_request,54.4009,16.3203,38.0806
RFD-002142,ORD-0027909,2025-08-22,2025-08-17,T-01,PSN,P-015067,platform_policy,68.0045,20.4014,47.6032
RFD-002143,ORD-0027923,2025-09-03,2025-08-17,T-04,XBOX,P-013524,partial_goodwill,3.884,1.1652,2.7188
RFD-002144,ORD-0027925,2025-08-22,2025-08-17,T-01,PSN,P-002122,accidental_purchase,17.6334,5.29,12.3434
RFD-002145,ORD-0027934,2025-08-20,2025-08-17,T-01,EPIC,P-041508,partial_goodwill,12.5953,1.5114,11.0839
RFD-002146,ORD-0028010,2025-08-19,2025-08-17,T-01,STEAM,P-017501,platform_policy,50.3711,15.1113,35.2598
RFD-002147,ORD-0028017,2025-09-19,2025-08-17,T-03,PSN,P-035628,accidental_purchase,4.9679,1.4904,3.4775
RFD-002148,ORD-0028018,2025-10-04,2025-08-17,T-03,PSN,P-042318,player_request,4.9679,1.4904,3.4775
RFD-002149,ORD-0028031,2025-09-26,2025-08-17,T-01,XBOX,P-007474,partial_goodwill,16.3245,4.8973,11.4271
RFD-002150,ORD-0028033,2025-08-25,2025-08-17,T-03,STEAM,P-028133,partial_goodwill,7.4668,2.24,5.2268
RFD-002151,ORD-0028034,2025-09-26,2025-08-17,T-01,STEAM,P-043498,price_adjustment,24.1625,7.2487,16.9137
RFD-002152,ORD-0028039,2025-08-21,2025-08-18,T-01,EPIC,P-007120,partial_goodwill,11.133,1.336,9.7971
RFD-002153,ORD-0028040,2025-08-21,2025-08-18,T-03,STEAM,P-023118,partial_goodwill,6.215,1.8645,4.3505
RFD-002154,ORD-0028054,2025-08-23,2025-08-18,T-01,PSN,P-028423,platform_policy,50.3118,15.0935,35.2183
RFD-002155,ORD-0028057,2025-08-26,2025-08-18,T-01,STEAM,P-044491,price_adjustment,8.6637,2.5991,6.0646
RFD-002156,ORD-0028074,2025-08-23,2025-08-18,T-01,EPIC,P-020334,player_request,5.0222,0.6027,4.4195
RFD-002157,ORD-0028082,2025-09-27,2025-08-18,T-01,EPIC,P-010494,price_adjustment,4.972,0.5966,4.3754
RFD-002158,ORD-0028137,2025-09-17,2025-08-19,T-03,STEAM,P-020080,partial_goodwill,2.4828,0.7449,1.738
RFD-002159,ORD-0028150,2025-08-27,2025-08-19,T-01,XBOX,P-029405,price_adjustment,5.8066,1.742,4.0646
RFD-002160,ORD-0028157,2025-08-27,2025-08-19,T-04,PSN,P-035397,price_adjustment,2.4928,0.7479,1.745
RFD-002161,ORD-0028160,2025-09-28,2025-08-19,T-01,STEAM,P-022142,price_adjustment,4.395,1.3185,3.0765
RFD-002162,ORD-0028168,2025-08-27,2025-08-19,T-01,XBOX,P-002722,partial_goodwill,16.0908,4.8272,11.2635
RFD-002163,ORD-0028172,2025-09-28,2025-08-19,T-01,STEAM,P-001406,price_adjustment,24.38,7.314,17.066
RFD-002164,ORD-0028184,2025-08-27,2025-08-19,T-01,PSN,P-024012,price_adjustment,30.1444,9.0433,21.1011
RFD-002165,ORD-0028198,2025-09-28,2025-08-19,T-04,XBOX,P-015850,price_adjustment,2.4928,0.7479,1.745
RFD-002166,ORD-0028245,2025-08-23,2025-08-20,T-01,STEAM,P-024964,price_adjustment,33.281,9.9843,23.2967
RFD-002167,ORD-0028259,2025-09-06,2025-08-20,T-01,EPIC,P-002710,price_adjustment,8.8345,1.0601,7.7744
RFD-002168,ORD-0028287,2025-09-29,2025-08-20,T-03,XBOX,P-036604,price_adjustment,6.2314,1.8694,4.362
RFD-002169,ORD-0028308,2025-09-10,2025-08-20,T-04,NSW,P-040426,platform_policy,29.0834,8.725,20.3584
RFD-002170,ORD-0028317,2025-09-06,2025-08-20,T-01,STEAM,P-033725,price_adjustment,7.2292,2.1688,5.0604
RFD-002171,ORD-0028318,2025-08-28,2025-08-20,T-03,NSW,P-038544,price_adjustment,2.6132,0.784,1.8292
RFD-002172,ORD-0028331,2025-08-29,2025-08-20,T-03,STEAM,P-023012,player_request,15.0026,4.5008,10.5018
RFD-002173,ORD-0028332,2025-08-23,2025-08-20,T-01,XBOX,P-021200,price_adjustment,4.4122,1.3237,3.0886
RFD-002174,ORD-0028365,2025-09-19,2025-08-21,T-04,XBOX,P-032464,partial_goodwill,21.93,6.579,15.351
RFD-002175,ORD-0028367,2025-08-29,2025-08-21,T-03,EPIC,P-004747,partial_goodwill,4.9107,0.5893,4.3214
RFD-002176,ORD-0028384,2025-08-26,2025-08-21,T-03,XBOX,P-037208,platform_policy,14.971,4.4913,10.4797
RFD-002177,ORD-0028391,2025-09-04,2025-08-21,T-01,PSN,P-030483,platform_policy,17.6893,5.3068,12.3825
RFD-002178,ORD-0028407,2025-09-07,2025-08-21,T-04,PSN,P-000219,partial_goodwill,9.6653,2.8996,6.7657
RFD-002179,ORD-0028415,2025-09-04,2025-08-21,T-01,STEAM,P-032821,player_request,67.3515,20.2055,47.1461
RFD-002180,ORD-0028440,2025-09-30,2025-08-21,T-01,NSW,P-042948,partial_goodwill,2.5239,0.7572,1.7667
RFD-002181,ORD-0028452,2025-09-11,2025-08-21,T-04,STEAM,P-017930,accidental_purchase,9.6343,2.8903,6.744
RFD-002182,ORD-0028454,2025-08-24,2025-08-21,T-01,STEAM,P-039296,price_adjustment,24.4597,7.3379,17.1218
RFD-002183,ORD-0028471,2025-08-24,2025-08-21,T-01,EPIC,P-003778,price_adjustment,2.4416,0.293,2.1486
RFD-002184,ORD-0028504,2025-09-07,2025-08-21,T-03,EPIC,P-020155,price_adjustment,9.9773,1.1973,8.78
RFD-002185,ORD-0028545,2025-09-20,2025-08-22,T-01,STEAM,P-034220,partial_goodwill,30.2435,9.0731,21.1705
RFD-002186,ORD-0028565,2025-10-01,2025-08-22,T-01,PSN,P-041462,partial_goodwill,1.6573,0.4972,1.1601
RFD-002187,ORD-0028574,2025-08-25,2025-08-22,T-01,STEAM,P-026704,partial_goodwill,15.8994,4.7698,11.1296
RFD-002188,ORD-0028582,2025-08-25,2025-08-22,T-01,STEAM,P-037293,price_adjustment,15.8994,4.7698,11.1296
RFD-002189,ORD-0028583,2025-09-08,2025-08-22,T-01,XBOX,P-008053,partial_goodwill,16.6334,4.99,11.6434
RFD-002190,ORD-0028621,2025-08-31,2025-08-22,T-04,XBOX,P-005530,accidental_purchase,39.8745,11.9624,27.9122
RFD-002191,ORD-0028626,2025-11-01,2025-08-22,T-01,STEAM,P-029673,accidental_purchase,49.2349,14.7705,34.4645
RFD-002192,ORD-0028645,2025-10-01,2025-08-22,T-01,STEAM,P-022140,price_adjustment,8.829,2.6487,6.1803
RFD-002193,ORD-0028655,2025-10-01,2025-08-22,T-01,XBOX,P-012475,price_adjustment,14.4521,4.3356,10.1164
RFD-002194,ORD-0028662,2025-08-27,2025-08-22,T-01,STEAM,P-006329,platform_policy,66.0139,19.8042,46.2097
RFD-002195,ORD-0028665,2025-08-27,2025-08-22,T-01,STEAM,P-035209,platform_policy,15.1067,4.532,10.5747
RFD-002196,ORD-0028673,2025-11-01,2025-08-22,T-03,STEAM,P-014474,accidental_purchase,5.2294,1.5688,3.6606
RFD-002197,ORD-0028685,2025-08-31,2025-08-23,T-01,STEAM,P-042389,partial_goodwill,4.4095,1.3228,3.0866
RFD-002198,ORD-0028718,2025-09-21,2025-08-23,T-03,XBOX,P-027024,price_adjustment,4.972,1.4916,3.4804
RFD-002199,ORD-0028724,2025-09-13,2025-08-23,T-01,XBOX,P-031211,player_request,10.0644,3.0193,7.0451
RFD-002200,ORD-0028758,2025-09-09,2025-08-23,T-04,XBOX,P-029875,partial_goodwill,3.858,1.1574,2.7006
RFD-002201,ORD-0028761,2025-09-21,2025-08-23,T-01,PSN,P-000899,price_adjustment,12.6057,3.7817,8.824
RFD-002202,ORD-0028795,2025-09-06,2025-08-23,T-01,XBOX,P-002524,accidental_purchase,59.0715,17.7215,41.3501
RFD-002203,ORD-0028808,2025-09-09,2025-08-23,T-03,PSN,P-026886,price_adjustment,4.9547,1.4864,3.4683
RFD-002204,ORD-0028819,2025-08-27,2025-08-24,T-03,NSW,P-042625,partial_goodwill,4.9115,1.4734,3.438
RFD-002205,ORD-0028821,2025-09-14,2025-08-24,T-01,PSN,P-036489,platform_policy,49.2349,14.7705,34.4645
RFD-002206,ORD-0028835,2025-10-03,2025-08-24,T-04,XBOX,P-003756,partial_goodwill,9.5856,2.8757,6.7099
RFD-002207,ORD-0028847,2025-08-29,2025-08-24,T-01,PSN,P-014307,accidental_purchase,10.0745,3.0223,7.0521
RFD-002208,ORD-0028850,2025-09-14,2025-08-24,T-04,PSN,P-030988,platform_policy,28.9567,8.687,20.2697
RFD-002209,ORD-0028852,2025-09-22,2025-08-24,T-01,PSN,P-017496,partial_goodwill,12.2242,3.6672,8.5569
RFD-002210,ORD-0028857,2025-09-02,2025-08-24,T-01,PSN,P-029873,platform_policy,97.7933,29.338,68.4553
RFD-002211,ORD-0028888,2025-08-27,2025-08-24,T-01,STEAM,P-002761,price_adjustment,2.5211,0.7563,1.7648
RFD-002212,ORD-0028889,2025-09-01,2025-08-24,T-01,STEAM,P-006387,partial_goodwill,5.8257,1.7477,4.078
RFD-002213,ORD-0028914,2025-09-10,2025-08-24,T-01,STEAM,P-021326,price_adjustment,25.2013,7.5604,17.6409
RFD-002214,ORD-0028923,2025-09-10,2025-08-24,T-01,STEAM,P-003696,partial_goodwill,22.4592,6.7377,15.7214
RFD-002215,ORD-0028925,2025-10-11,2025-08-24,T-03,STEAM,P-037913,platform_policy,4.972,1.4916,3.4804
RFD-002216,ORD-0028929,2025-09-22,2025-08-24,T-04,XBOX,P-012315,price_adjustment,9.5856,2.8757,6.7099
RFD-002217,ORD-0028940,2025-09-10,2025-08-24,T-01,XBOX,P-003309,partial_goodwill,8.6187,2.5856,6.0331
RFD-002218,ORD-0028950,2025-08-27,2025-08-24,T-01,EPIC,P-020224,price_adjustment,12.3035,1.4764,10.8271
RFD-002219,ORD-0028966,2025-09-01,2025-08-24,T-01,EPIC,P-042384,price_adjustment,19.9581,2.395,17.5631
RFD-002220,ORD-0028997,2025-09-11,2025-08-25,T-01,STEAM,P-034414,partial_goodwill,9.0069,2.7021,6.3048
RFD-002221,ORD-0029018,2025-08-28,2025-08-25,T-01,EPIC,P-021209,partial_goodwill,7.4323,0.8919,6.5404
RFD-002222,ORD-0029024,2025-09-23,2025-08-25,T-01,PSN,P-035025,partial_goodwill,2.4774,0.7432,1.7342
RFD-002223,ORD-0029027,2025-08-27,2025-08-25,T-03,PSN,P-037549,platform_policy,5.0095,1.5028,3.5066
RFD-002224,ORD-0029036,2025-09-11,2025-08-25,T-04,PSN,P-003376,partial_goodwill,3.5016,1.0505,2.4511
RFD-002225,ORD-0029039,2025-09-02,2025-08-25,T-04,STEAM,P-021237,partial_goodwill,9.5445,2.8634,6.6812
RFD-002226,ORD-0029083,2025-09-24,2025-08-26,T-04,STEAM,P-024216,partial_goodwill,3.7815,1.1345,2.6471
RFD-002227,ORD-0029094,2025-08-31,2025-08-26,T-03,PSN,P-013702,accidental_purchase,30.0701,9.021,21.0491
RFD-002228,ORD-0029098,2025-10-05,2025-08-26,T-03,XBOX,P-043936,partial_goodwill,3.6908,1.1072,2.5836
RFD-002229,ORD-0029116,2025-09-03,2025-08-26,T-04,STEAM,P-018396,partial_goodwill,19.9808,5.9942,13.9866
RFD-002230,ORD-0029158,2025-10-13,2025-08-26,T-01,STEAM,P-020315,accidental_purchase,22.8306,6.8492,15.9814
RFD-002231,ORD-0029159,2025-08-29,2025-08-26,T-01,EPIC,P-020221,partial_goodwill,8.4465,1.0136,7.4329
RFD-002232,ORD-0029169,2025-09-12,2025-08-26,T-01,STEAM,P-037897,partial_goodwill,25.3685,7.6105,17.7579
RFD-002233,ORD-0029179,2025-08-31,2025-08-26,T-04,STEAM,P-029477,accidental_purchase,48.8228,14.6468,34.1759
RFD-002234,ORD-0029201,2025-09-13,2025-08-27,T-01,PSN,P-044157,partial_goodwill,17.9859,5.3958,12.5901
RFD-002235,ORD-0029204,2025-11-06,2025-08-27,T-03,PSN,P-003379,platform_policy,14.969,4.4907,10.4783
RFD-002236,ORD-0029211,2025-09-10,2025-08-27,T-04,STEAM,P-031052,platform_policy,30.2519,9.0756,21.1764
RFD-002237,ORD-0029212,2025-09-25,2025-08-27,T-03,STEAM,P-030761,partial_goodwill,3.2892,0.9868,2.3024
RFD-002238,ORD-0029266,2025-11-06,2025-08-27,T-03,XBOX,P-033499,accidental_purchase,10.0101,3.003,7.0071
RFD-002239,ORD-0029267,2025-08-30,2025-08-27,T-01,STEAM,P-008662,price_adjustment,4.8261,1.4478,3.3783
RFD-002240,ORD-0029297,2025-09-18,2025-08-28,T-04,XBOX,P-013796,player_request,38.7007,11.6102,27.0905
RFD-002241,ORD-0029316,2025-10-07,2025-08-28,T-04,PSN,P-001451,price_adjustment,7.5973,2.2792,5.3181
RFD-002242,ORD-0029318,2025-09-30,2025-08-28,T-01,EPIC,P-033831,player_request,35.6435,4.2772,31.3662
RFD-002243,ORD-0029332,2025-09-05,2025-08-28,T-01,STEAM,P-018038,price_adjustment,1.61,0.483,1.127
RFD-002244,ORD-0029335,2025-09-11,2025-08-28,T-01,STEAM,P-014534,player_request,10.1636,3.0491,7.1145
RFD-002245,ORD-0029350,2025-09-11,2025-08-28,T-01,EPIC,P-044190,player_request,49.57,5.9484,43.6216
RFD-002246,ORD-0029361,2025-08-30,2025-08-28,T-01,NSW,P-038088,accidental_purchase,54.5165,16.3549,38.1615
RFD-002247,ORD-0029376,2025-11-07,2025-08-28,T-01,STEAM,P-043597,accidental_purchase,50.9091,15.2727,35.6364
RFD-002248,ORD-0029385,2025-09-14,2025-08-28,T-04,PSN,P-006128,price_adjustment,3.3745,1.0124,2.3622
RFD-002249,ORD-0029398,2025-10-08,2025-08-29,T-04,NSW,P-044938,price_adjustment,3.2753,0.9826,2.2927
RFD-002250,ORD-0029402,2025-09-27,2025-08-29,T-03,EPIC,P-008368,price_adjustment,7.5519,0.9062,6.6457
RFD-002251,ORD-0029403,2025-09-15,2025-08-29,T-01,STEAM,P-002786,partial_goodwill,5.0922,1.5277,3.5645
RFD-002252,ORD-0029424,2025-11-08,2025-08-29,T-01,STEAM,P-013994,player_request,59.6732,17.902,41.7712
RFD-002253,ORD-0029434,2025-09-27,2025-08-29,T-01,XBOX,P-021237,partial_goodwill,12.0641,3.6192,8.4449
RFD-002254,ORD-0029449,2025-08-31,2025-08-29,T-04,XBOX,P-024130,player_request,59.723,17.9169,41.8061
RFD-002255,ORD-0029500,2025-09-07,2025-08-29,T-01,STEAM,P-023922,platform_policy,17.8583,5.3575,12.5008
RFD-002256,ORD-0029529,2025-08-31,2025-08-29,T-01,EPIC,P-022174,player_request,22.9505,2.7541,20.1965
RFD-002257,ORD-0029554,2025-09-07,2025-08-30,T-01,XBOX,P-016069,price_adjustment,8.9342,2.6803,6.254
RFD-002258,ORD-0029561,2025-09-28,2025-08-30,T-04,STEAM,P-040540,price_adjustment,9.6321,2.8896,6.7425
RFD-002259,ORD-0029569,2025-10-02,2025-08-30,T-01,XBOX,P-042923,player_request,4.8173,1.4452,3.3721
RFD-002260,ORD-0029638,2025-09-16,2025-08-30,T-01,PSN,P-021322,partial_goodwill,24.3496,7.3049,17.0447
RFD-002261,ORD-0029650,2025-09-28,2025-08-30,T-04,PSN,P-039914,price_adjustment,3.3513,1.0054,2.3459
RFD-002262,ORD-0029651,2025-09-07,2025-08-30,T-01,XBOX,P-017056,partial_goodwill,2.541,0.7623,1.7787
RFD-002263,ORD-0029668,2025-10-09,2025-08-30,T-04,STEAM,P-018686,price_adjustment,15.2157,4.5647,10.651
RFD-002264,ORD-0029678,2025-09-03,2025-08-31,T-01,STEAM,P-000836,price_adjustment,5.0414,1.5124,3.529
RFD-002265,ORD-0029708,2025-09-08,2025-08-31,T-03,STEAM,P-016266,partial_goodwill,7.5519,2.2656,5.2863
RFD-002266,ORD-0029735,2025-09-02,2025-08-31,T-01,STEAM,P-043542,player_request,102.0272,30.6082,71.4191
RFD-002267,ORD-0029740,2025-09-17,2025-08-31,T-03,STEAM,P-017035,partial_goodwill,5.0414,1.5124,3.529
RFD-002268,ORD-0029744,2025-09-08,2025-08-31,T-01,XBOX,P-021530,partial_goodwill,14.0265,4.2079,9.8185
RFD-002269,ORD-0029753,2025-11-10,2025-08-31,T-04,PSN,P-001503,platform_policy,5.0617,1.5185,3.5432
RFD-002270,ORD-0029754,2025-10-10,2025-08-31,T-03,PSN,P-036220,price_adjustment,3.6736,1.1021,2.5715
RFD-002271,ORD-0029755,2025-09-14,2025-08-31,T-01,STEAM,P-035795,player_request,53.0739,15.9222,37.1517
RFD-002272,ORD-0029762,2025-10-10,2025-08-31,T-01,STEAM,P-030838,price_adjustment,54.6996,16.4099,38.2897
RFD-002273,ORD-0029783,2025-11-10,2025-08-31,T-03,EPIC,P-018963,accidental_purchase,20.0208,2.4025,17.6183
RFD-002274,ORD-0029785,2025-09-05,2025-08-31,T-01,PSN,P-038146,accidental_purchase,9.6437,2.8931,6.7506
RFD-002275,ORD-0029791,2025-10-11,2025-09-01,T-01,STEAM,P-017159,partial_goodwill,7.1674,2.1502,5.0172
RFD-002276,ORD-0029798,2025-09-30,2025-09-01,T-01,STEAM,P-026800,partial_goodwill,3.3584,1.0075,2.3509
RFD-002277,ORD-0029806,2025-09-18,2025-09-01,T-01,PSN,P-027147,price_adjustment,4.9406,1.4822,3.4584
RFD-002278,ORD-0029812,2025-09-30,2025-09-01,T-04,PSN,P-021576,price_adjustment,2.4284,0.7285,1.6999
RFD-002279,ORD-0029813,2025-09-22,2025-09-01,T-01,XBOX,P-024606,platform_policy,60.4711,18.1413,42.3298
RFD-002280,ORD-0029844,2025-09-30,2025-09-01,T-03,PSN,P-003721,partial_goodwill,7.5386,2.2616,5.277
RFD-002281,ORD-0029861,2025-11-11,2025-09-01,T-01,EPIC,P-040880,platform_policy,5.0832,0.61,4.4732
RFD-002282,ORD-0029895,2025-10-12,2025-09-02,T-03,EPIC,P-007958,price_adjustment,2.4902,0.2988,2.1914
RFD-002283,ORD-0029899,2025-09-11,2025-09-02,T-03,XBOX,P-028578,player_request,5.0283,1.5085,3.5198
RFD-002284,ORD-0029907,2025-09-05,2025-09-02,T-03,PSN,P-003214,partial_goodwill,2.4902,0.7471,1.7432
RFD-002285,ORD-0029947,2025-09-10,2025-09-02,T-03,PSN,P-039738,price_adjustment,4.8802,1.4641,3.4161
RFD-002286,ORD-0029970,2025-10-13,2025-09-03,T-01,NSW,P-044112,partial_goodwill,5.8944,1.7683,4.1261
RFD-002287,ORD-0029977,2025-10-02,2025-09-03,T-04,EPIC,P-035991,price_adjustment,15.2137,1.8256,13.3881
RFD-002288,ORD-0030014,2025-09-20,2025-09-03,T-03,STEAM,P-015532,price_adjustment,2.4738,0.7421,1.7317
RFD-002289,ORD-0030023,2025-09-06,2025-09-03,T-01,PSN,P-013731,partial_goodwill,4.9545,1.4864,3.4682
RFD-002290,ORD-0030041,2025-10-13,2025-09-03,T-04,STEAM,P-018193,partial_goodwill,4.7903,1.4371,3.3532
RFD-002291,ORD-0030053,2025-10-06,2025-09-03,T-01,STEAM,P-001459,player_request,71.3938,21.4181,49.9757
RFD-002292,ORD-0030071,2025-09-17,2025-09-03,T-01,PSN,P-002527,platform_policy,51.0072,15.3022,35.705
RFD-002293,ORD-0030078,2025-09-06,2025-09-03,T-01,EPIC,P-016982,partial_goodwill,24.8252,2.979,21.8461
RFD-002294,ORD-0030091,2025-09-18,2025-09-04,T-01,STEAM,P-019547,player_request,9.8794,2.9638,6.9156
RFD-002295,ORD-0030138,2025-10-03,2025-09-04,T-01,NSW,P-000598,partial_goodwill,12.7667,3.83,8.9367
RFD-002296,ORD-0030140,2025-09-12,2025-09-04,T-01,STEAM,P-018790,partial_goodwill,3.2618,0.9785,2.2832
RFD-002297,ORD-0030142,2025-09-25,2025-09-04,T-03,STEAM,P-035102,player_request,9.9911,2.9973,6.9938
RFD-002298,ORD-0030154,2025-09-12,2025-09-04,T-01,PSN,P-038910,partial_goodwill,25.5232,7.657,17.8662
RFD-002299,ORD-0030158,2025-10-14,2025-09-04,T-03,XBOX,P-043849,price_adjustment,6.2751,1.8825,4.3926
RFD-002300,ORD-0030160,2025-10-03,2025-09-04,T-01,XBOX,P-004975,partial_goodwill,4.4658,1.3397,3.1261
RFD-002301,ORD-0030187,2025-09-13,2025-09-05,T-01,STEAM,P-014352,price_adjustment,8.5759,2.5728,6.0031
RFD-002302,ORD-0030198,2025-11-15,2025-09-05,T-01,STEAM,P-022030,player_request,17.3198,5.1959,12.1239
RFD-002303,ORD-0030201,2025-10-23,2025-09-05,T-01,STEAM,P-015623,player_request,54.4067,16.322,38.0847
RFD-002304,ORD-0030258,2025-11-15,2025-09-05,T-01,XBOX,P-029284,accidental_purchase,48.3664,14.5099,33.8565
RFD-002305,ORD-0030262,2025-10-15,2025-09-05,T-04,STEAM,P-001541,price_adjustment,10.1556,3.0467,7.1089
RFD-002306,ORD-0030271,2025-09-13,2025-09-05,T-01,STEAM,P-025455,partial_goodwill,2.4478,0.7343,1.7135
RFD-002307,ORD-0030275,2025-09-22,2025-09-05,T-01,PSN,P-013143,partial_goodwill,12.3623,3.7087,8.6536
RFD-002308,ORD-0030289,2025-10-05,2025-09-06,T-01,STEAM,P-023824,price_adjustment,16.0752,4.8226,11.2526
RFD-002309,ORD-0030293,2025-09-09,2025-09-06,T-01,XBOX,P-005085,price_adjustment,29.6716,8.9015,20.7702
RFD-002310,ORD-0030309,2025-09-23,2025-09-06,T-03,XBOX,P-029316,price_adjustment,2.5236,0.7571,1.7665
RFD-002311,ORD-0030345,2025-09-14,2025-09-06,T-04,PSN,P-012280,price_adjustment,14.5796,4.3739,10.2057
RFD-002312,ORD-0030358,2025-09-15,2025-09-06,T-01,STEAM,P-017193,player_request,10.1963,3.0589,7.1374
RFD-002313,ORD-0030364,2025-09-11,2025-09-06,T-01,STEAM,P-017889,player_request,68.9522,20.6857,48.2665
RFD-002314,ORD-0030378,2025-11-16,2025-09-06,T-04,PSN,P-005460,platform_policy,14.5691,4.3707,10.1984
RFD-002315,ORD-0030401,2025-09-09,2025-09-06,T-03,PSN,P-037924,partial_goodwill,1.7503,0.5251,1.2252
RFD-002316,ORD-0030408,2025-11-16,2025-09-06,T-04,PSN,P-029902,accidental_purchase,5.0676,1.5203,3.5473
RFD-002317,ORD-0030427,2025-09-15,2025-09-06,T-01,STEAM,P-029172,player_request,10.2065,3.0619,7.1445
RFD-002318,ORD-0030439,2025-09-20,2025-09-06,T-01,STEAM,P-036949,player_request,61.2693,18.3808,42.8885
RFD-002319,ORD-0030450,2025-09-20,2025-09-06,T-03,XBOX,P-000308,accidental_purchase,4.9784,1.4935,3.4849
RFD-002320,ORD-0030473,2025-09-21,2025-09-07,T-01,PSN,P-042011,player_request,49.4702,14.8411,34.6291
RFD-002321,ORD-0030491,2025-09-16,2025-09-07,T-01,PSN,P-025903,platform_policy,4.9366,1.481,3.4556
RFD-002322,ORD-0030550,2025-11-17,2025-09-07,T-04,NSW,P-021789,accidental_purchase,68.0346,20.4104,47.6242
RFD-002323,ORD-0030562,2025-09-10,2025-09-07,T-01,STEAM,P-041102,partial_goodwill,1.679,0.5037,1.1753
RFD-002324,ORD-0030569,2025-10-06,2025-09-07,T-01,NSW,P-039475,partial_goodwill,5.7392,1.7218,4.0175
RFD-002325,ORD-0030586,2025-09-10,2025-09-07,T-01,EPIC,P-012184,partial_goodwill,60.0177,7.2021,52.8156
RFD-002326,ORD-0030589,2025-09-10,2025-09-07,T-01,EPIC,P-002718,partial_goodwill,3.1861,0.3823,2.8038
RFD-002327,ORD-0030590,2025-09-10,2025-09-07,T-01,STEAM,P-010793,partial_goodwill,8.3047,2.4914,5.8133
RFD-002328,ORD-0030617,2025-10-06,2025-09-07,T-01,PSN,P-029530,partial_goodwill,13.6069,4.0821,9.5248
RFD-002329,ORD-0030664,2025-10-07,2025-09-08,T-01,PSN,P-016391,price_adjustment,8.9387,2.6816,6.2571
RFD-002330,ORD-0030668,2025-09-25,2025-09-08,T-03,PSN,P-029216,price_adjustment,5.0439,1.5132,3.5307
RFD-002331,ORD-0030683,2025-09-25,2025-09-08,T-04,PSN,P-014166,partial_goodwill,14.6336,4.3901,10.2435
RFD-002332,ORD-0030709,2025-09-13,2025-09-08,T-04,STEAM,P-023589,player_request,5.0643,1.5193,3.545
RFD-002333,ORD-0030716,2025-09-22,2025-09-08,T-01,STEAM,P-023116,accidental_purchase,9.6558,2.8967,6.759
RFD-002334,ORD-0030733,2025-09-16,2025-09-08,T-01,EPIC,P-020084,price_adjustment,18.5283,2.2234,16.3049
RFD-002335,ORD-0030763,2025-10-27,2025-09-09,T-01,STEAM,P-026870,player_request,49.5175,14.8552,34.6622
RFD-002336,ORD-0030801,2025-09-23,2025-09-09,T-04,PSN,P-020031,accidental_purchase,9.7151,2.9145,6.8005
RFD-002337,ORD-0030859,2025-10-01,2025-09-10,T-01,PSN,P-033954,player_request,4.9372,1.4812,3.456
RFD-002338,ORD-0030860,2025-10-09,2025-09-10,T-04,STEAM,P-010515,partial_goodwill,15.2711,4.5813,10.6898
RFD-002339,ORD-0030871,2025-09-15,2025-09-10,T-01,PSN,P-037857,accidental_purchase,120.3222,36.0967,84.2255
RFD-002340,ORD-0030926,2025-10-20,2025-09-10,T-01,PSN,P-038563,partial_goodwill,17.9601,5.388,12.5721
RFD-002341,ORD-0030931,2025-09-18,2025-09-10,T-01,STEAM,P-008178,partial_goodwill,10.2215,3.0665,7.1551
RFD-002342,ORD-0030932,2025-09-18,2025-09-10,T-03,STEAM,P-027149,price_adjustment,3.3358,1.0007,2.335
RFD-002343,ORD-0030968,2025-09-24,2025-09-10,T-04,EPIC,P-008499,player_request,61.0843,7.3301,53.7542
RFD-002344,ORD-0030974,2025-09-24,2025-09-10,T-01,EPIC,P-009532,player_request,58.2272,6.9873,51.2399
RFD-002345,ORD-0030979,2025-09-13,2025-09-10,T-01,STEAM,P-013063,price_adjustment,5.7113,1.7134,3.9979
RFD-002346,ORD-0030993,2025-10-21,2025-09-11,T-03,STEAM,P-040612,partial_goodwill,1.7516,0.5255,1.2261
RFD-002347,ORD-0031002,2025-09-16,2025-09-11,T-03,PSN,P-009441,player_request,10.1145,3.0344,7.0802
RFD-002348,ORD-0031010,2025-09-28,2025-09-11,T-04,STEAM,P-040304,partial_goodwill,7.3216,2.1965,5.1251
RFD-002349,ORD-0031019,2025-09-16,2025-09-11,T-04,STEAM,P-019859,player_request,19.9246,5.9774,13.9472
RFD-002350,ORD-0031060,2025-09-25,2025-09-11,T-01,XBOX,P-017009,player_request,17.9507,5.3852,12.5655
RFD-002351,ORD-0031083,2025-10-11,2025-09-12,T-01,STEAM,P-001633,price_adjustment,6.7803,2.0341,4.7462
RFD-002352,ORD-0031091,2025-10-11,2025-09-12,T-03,STEAM,P-001461,price_adjustment,2.663,0.7989,1.8641
RFD-002353,ORD-0031093,2025-10-11,2025-09-12,T-01,PSN,P-022035,partial_goodwill,1.6287,0.4886,1.1401
RFD-002354,ORD-0031107,2025-11-22,2025-09-12,T-03,NSW,P-034398,player_request,14.9195,4.4759,10.4437
RFD-002355,ORD-0031126,2025-11-22,2025-09-12,T-01,EPIC,P-022768,player_request,58.4099,7.0092,51.4007
RFD-002356,ORD-0031141,2025-10-11,2025-09-12,T-01,STEAM,P-000786,partial_goodwill,10.9513,3.2854,7.6659
RFD-002357,ORD-0031154,2025-09-17,2025-09-12,T-03,STEAM,P-038821,platform_policy,10.15,3.045,7.105
RFD-002358,ORD-0031161,2025-10-11,2025-09-12,T-03,XBOX,P-006588,partial_goodwill,7.61,2.283,5.327
RFD-002359,ORD-0031175,2025-10-11,2025-09-12,T-03,XBOX,P-008123,price_adjustment,2.4848,0.7455,1.7394
RFD-002360,ORD-0031176,2025-10-11,2025-09-12,T-01,PSN,P-012691,partial_goodwill,18.6613,5.5984,13.0629
RFD-002361,ORD-0031182,2025-09-20,2025-09-12,T-04,STEAM,P-032508,partial_goodwill,7.0876,2.1263,4.9613
RFD-002362,ORD-0031183,2025-10-11,2025-09-12,T-04,STEAM,P-017116,partial_goodwill,21.7449,6.5235,15.2214
RFD-002363,ORD-0031204,2025-10-11,2025-09-12,T-01,STEAM,P-029195,partial_goodwill,1.2179,0.3654,0.8525
RFD-002364,ORD-0031218,2025-09-27,2025-09-13,T-03,STEAM,P-009361,accidental_purchase,15.1551,4.5465,10.6085
RFD-002365,ORD-0031224,2025-11-23,2025-09-13,T-01,STEAM,P-032805,accidental_purchase,98.7673,29.6302,69.1371
RFD-002366,ORD-0031229,2025-09-21,2025-09-13,T-03,EPIC,P-027591,partial_goodwill,6.548,0.7858,5.7622
RFD-002367,ORD-0031241,2025-09-16,2025-09-13,T-04,STEAM,P-043515,price_adjustment,6.537,1.9611,4.5759
RFD-002368,ORD-0031245,2025-09-18,2025-09-13,T-01,XBOX,P-025429,accidental_purchase,35.9911,10.7973,25.1938
RFD-002369,ORD-0031260,2025-09-21,2025-09-13,T-04,XBOX,P-026571,partial_goodwill,5.095,1.5285,3.5665
RFD-002370,ORD-0031263,2025-09-30,2025-09-13,T-01,XBOX,P-026434,price_adjustment,24.6918,7.4075,17.2843
RFD-002371,ORD-0031264,2025-09-16,2025-09-13,T-04,XBOX,P-025223,price_adjustment,10.1193,3.0358,7.0835
RFD-002372,ORD-0031297,2025-10-12,2025-09-13,T-01,PSN,P-001948,price_adjustment,2.5605,0.7682,1.7924
RFD-002373,ORD-0031298,2025-11-23,2025-09-13,T-03,STEAM,P-002712,accidental_purchase,5.1577,1.5473,3.6104
RFD-002374,ORD-0031301,2025-09-16,2025-09-13,T-01,PSN,P-001283,partial_goodwill,1.6287,0.4886,1.1401
RFD-002375,ORD-0031307,2025-09-21,2025-09-13,T-03,PSN,P-000743,price_adjustment,1.6695,0.5008,1.1686
RFD-002376,ORD-0031339,2025-09-21,2025-09-13,T-03,STEAM,P-000823,partial_goodwill,8.3781,2.5134,5.8647
RFD-002377,ORD-0031359,2025-09-30,2025-09-13,T-04,PSN,P-024174,partial_goodwill,34.3822,10.3147,24.0676
RFD-002378,ORD-0031392,2025-09-18,2025-09-13,T-01,STEAM,P-031773,platform_policy,49.3837,14.8151,34.5686
RFD-002379,ORD-0031407,2025-10-12,2025-09-13,T-03,PSN,P-020141,partial_goodwill,5.0289,1.5087,3.5202
RFD-002380,ORD-0031418,2025-09-15,2025-09-13,T-01,XBOX,P-006101,accidental_purchase,120.8067,36.242,84.5647
RFD-002381,ORD-0031420,2025-09-27,2025-09-13,T-01,XBOX,P-031754,accidental_purchase,5.1313,1.5394,3.5919
RFD-002382,ORD-0031425,2025-10-01,2025-09-14,T-04,PSN,P-012317,partial_goodwill,10.3549,3.1065,7.2484
RFD-002383,ORD-0031436,2025-10-05,2025-09-14,T-01,XBOX,P-042291,player_request,48.8056,14.6417,34.1639
RFD-002384,ORD-0031437,2025-10-24,2025-09-14,T-01,STEAM,P-010139,price_adjustment,25.6977,7.7093,17.9884
RFD-002385,ORD-0031444,2025-10-01,2025-09-14,T-01,PSN,P-030491,partial_goodwill,12.3407,3.7022,8.6385
RFD-002386,ORD-0031445,2025-10-13,2025-09-14,T-01,STEAM,P-012454,partial_goodwill,4.4963,1.3489,3.1474
RFD-002387,ORD-0031461,2025-09-22,2025-09-14,T-01,STEAM,P-042071,price_adjustment,16.0471,4.8141,11.233
RFD-002388,ORD-0031477,2025-10-13,2025-09-14,T-01,STEAM,P-024620,partial_goodwill,20.3513,6.1054,14.2459
RFD-002389,ORD-0031481,2025-10-01,2025-09-14,T-01,PSN,P-040267,price_adjustment,3.2153,0.9646,2.2507
RFD-002390,ORD-0031500,2025-09-23,2025-09-14,T-04,STEAM,P-037035,platform_policy,10.7338,3.2201,7.5137
RFD-002391,ORD-0031510,2025-09-22,2025-09-14,T-01,STEAM,P-008984,price_adjustment,24.3407,7.3022,17.0385
RFD-002392,ORD-0031521,2025-10-13,2025-09-14,T-01,PSN,P-026830,price_adjustment,2.464,0.7392,1.7248
RFD-002393,ORD-0031561,2025-09-18,2025-09-15,T-01,EPIC,P-014876,price_adjustment,12.7747,1.533,11.2417
RFD-002394,ORD-0031569,2025-10-02,2025-09-15,T-01,EPIC,P-027351,partial_goodwill,51.0887,6.1306,44.958
RFD-002395,ORD-0031611,2025-10-02,2025-09-15,T-01,XBOX,P-009151,partial_goodwill,8.4994,2.5498,5.9496
RFD-002396,ORD-0031615,2025-10-14,2025-09-15,T-01,PSN,P-003761,price_adjustment,19.5098,5.8529,13.6569
RFD-002397,ORD-0031619,2025-09-18,2025-09-15,T-01,EPIC,P-042176,partial_goodwill,3.2516,0.3902,2.8614
RFD-002398,ORD-0031621,2025-09-18,2025-09-15,T-03,EPIC,P-016229,price_adjustment,3.7866,0.4544,3.3322
RFD-002399,ORD-0031630,2025-10-02,2025-09-15,T-01,STEAM,P-013817,partial_goodwill,9.2731,2.7819,6.4912
RFD-002400,ORD-0031636,2025-09-18,2025-09-15,T-01,STEAM,P-031662,partial_goodwill,5.9038,1.7712,4.1327
RFD-002401,ORD-0031641,2025-10-25,2025-09-15,T-01,EPIC,P-026159,price_adjustment,8.9474,1.0737,7.8737
RFD-002402,ORD-0031655,2025-10-14,2025-09-15,T-03,PSN,P-027608,price_adjustment,2.516,0.7548,1.7612
RFD-002403,ORD-0031662,2025-09-18,2025-09-16,T-01,STEAM,P-028442,platform_policy,10.2072,3.0622,7.145
RFD-002404,ORD-0031675,2025-10-26,2025-09-16,T-04,PSN,P-004390,price_adjustment,3.5211,1.0563,2.4648
RFD-002405,ORD-0031684,2025-10-26,2025-09-16,T-01,STEAM,P-010946,partial_goodwill,15.3159,4.5948,10.7211
RFD-002406,ORD-0031688,2025-10-26,2025-09-16,T-01,XBOX,P-039348,partial_goodwill,51.0767,15.323,35.7537
RFD-002407,ORD-0031689,2025-10-07,2025-09-16,T-01,XBOX,P-041807,accidental_purchase,9.6746,2.9024,6.7722
RFD-002408,ORD-0031696,2025-10-03,2025-09-16,T-03,XBOX,P-031950,price_adjustment,2.5238,0.7571,1.7667
RFD-002409,ORD-0031699,2025-09-25,2025-09-16,T-03,STEAM,P-014848,accidental_purchase,34.6428,10.3928,24.25
RFD-002410,ORD-0031706,2025-10-03,2025-09-16,T-01,EPIC,P-022208,partial_goodwill,2.4522,0.2943,2.158
RFD-002411,ORD-0031740,2025-11-26,2025-09-16,T-01,STEAM,P-013195,accidental_purchase,5.0985,1.5296,3.569
RFD-002412,ORD-0031743,2025-09-24,2025-09-16,T-01,STEAM,P-000189,partial_goodwill,1.2721,0.3816,0.8905
RFD-002413,ORD-0031748,2025-10-03,2025-09-16,T-03,STEAM,P-011698,partial_goodwill,8.8232,2.647,6.1762
RFD-002414,ORD-0031749,2025-11-26,2025-09-16,T-01,STEAM,P-028347,player_request,28.0774,8.4232,19.6542
RFD-002415,ORD-0031770,2025-09-19,2025-09-16,T-01,XBOX,P-000329,price_adjustment,24.5742,7.3723,17.2019
RFD-002416,ORD-0031801,2025-10-04,2025-09-17,T-01,XBOX,P-012938,partial_goodwill,22.838,6.8514,15.9866
RFD-002417,ORD-0031818,2025-10-01,2025-09-17,T-04,XBOX,P-014988,platform_policy,20.8872,6.2661,14.621
RFD-002418,ORD-0031827,2025-10-01,2025-09-17,T-01,STEAM,P-002007,player_request,58.4404,17.5321,40.9083
RFD-002419,ORD-0031841,2025-10-04,2025-09-17,T-01,EPIC,P-007167,partial_goodwill,2.4105,0.2893,2.1212
RFD-002420,ORD-0031852,2025-10-16,2025-09-17,T-01,EPIC,P-030275,partial_goodwill,32.5626,3.9075,28.6551
RFD-002421,ORD-0031865,2025-09-25,2025-09-17,T-03,PSN,P-035397,price_adjustment,1.2665,0.38,0.8866
RFD-002422,ORD-0031906,2025-10-09,2025-09-18,T-04,STEAM,P-042757,player_request,10.1922,3.0577,7.1345
RFD-002423,ORD-0031916,2025-10-02,2025-09-18,T-01,NSW,P-023798,player_request,9.8744,2.9623,6.9121
RFD-002424,ORD-0031925,2025-10-09,2025-09-18,T-01,EPIC,P-036384,platform_policy,69.2702,8.3124,60.9577
RFD-002425,ORD-0031965,2025-11-28,2025-09-18,T-04,XBOX,P-042137,platform_policy,30.1699,9.051,21.1189
RFD-002426,ORD-0031966,2025-09-26,2025-09-18,T-03,EPIC,P-042135,price_adjustment,7.536,0.9043,6.6317
RFD-002427,ORD-0031978,2025-09-26,2025-09-18,T-03,STEAM,P-041501,price_adjustment,5.1319,1.5396,3.5923
RFD-002428,ORD-0031985,2025-11-28,2025-09-18,T-01,STEAM,P-043701,player_request,22.2356,6.6707,15.5649
RFD-002429,ORD-0031986,2025-10-28,2025-09-18,T-03,STEAM,P-010827,price_adjustment,7.4606,2.2382,5.2224
RFD-002430,ORD-0032003,2025-10-05,2025-09-18,T-04,STEAM,P-002084,price_adjustment,7.6569,2.2971,5.3599
RFD-002431,ORD-0032011,2025-10-28,2025-09-18,T-04,PSN,P-005828,partial_goodwill,5.3568,1.607,3.7497
RFD-002432,ORD-0032034,2025-11-29,2025-09-19,T-01,PSN,P-041510,platform_policy,49.5365,14.8609,34.6755
RFD-002433,ORD-0032068,2025-09-28,2025-09-19,T-01,STEAM,P-016337,accidental_purchase,66.8795,20.0638,46.8156
RFD-002434,ORD-0032096,2025-10-29,2025-09-19,T-03,XBOX,P-038222,price_adjustment,5.001,1.5003,3.5007
RFD-002435,ORD-0032104,2025-10-06,2025-09-19,T-01,XBOX,P-029064,partial_goodwill,6.6366,1.991,4.6456
RFD-002436,ORD-0032134,2025-10-10,2025-09-19,T-04,STEAM,P-014111,player_request,10.752,3.2256,7.5264
RFD-002437,ORD-0032136,2025-10-18,2025-09-19,T-01,NSW,P-012628,partial_goodwill,1.6928,0.5078,1.185
RFD-002438,ORD-0032138,2025-10-29,2025-09-19,T-03,STEAM,P-014730,price_adjustment,1.3091,0.3927,0.9164
RFD-002439,ORD-0032142,2025-09-22,2025-09-19,T-01,STEAM,P-027374,price_adjustment,4.3358,1.3007,3.035
RFD-002440,ORD-0032143,2025-09-22,2025-09-19,T-03,STEAM,P-018929,partial_goodwill,6.6712,2.0014,4.6698
RFD-002441,ORD-0032199,2025-10-11,2025-09-20,T-03,NSW,P-038401,player_request,15.256,4.5768,10.6792
RFD-002442,ORD-0032221,2025-10-30,2025-09-20,T-04,PSN,P-005443,partial_goodwill,14.5991,4.3797,10.2194
RFD-002443,ORD-0032224,2025-10-19,2025-09-20,T-04,XBOX,P-009273,price_adjustment,2.4297,0.7289,1.7008
RFD-002444,ORD-0032226,2025-09-29,2025-09-20,T-01,STEAM,P-028299,player_request,20.5033,6.151,14.3523
RFD-002445,ORD-0032233,2025-10-30,2025-09-20,T-04,PSN,P-041347,price_adjustment,16.9219,5.0766,11.8453
RFD-002446,ORD-0032250,2025-09-29,2025-09-20,T-01,STEAM,P-041075,accidental_purchase,72.0735,21.6221,50.4515
RFD-002447,ORD-0032252,2025-10-07,2025-09-20,T-04,XBOX,P-019738,partial_goodwill,10.1365,3.0409,7.0955
RFD-002448,ORD-0032280,2025-10-30,2025-09-20,T-04,XBOX,P-043969,price_adjustment,20.2729,6.0819,14.1911
RFD-002449,ORD-0032315,2025-10-23,2025-09-20,T-01,EPIC,P-030290,platform_policy,51.2713,6.1526,45.1187
RFD-002450,ORD-0032350,2025-10-24,2025-09-21,T-01,STEAM,P-025452,accidental_purchase,10.2904,3.0871,7.2033
RFD-002451,ORD-0032367,2025-10-24,2025-09-21,T-01,XBOX,P-039823,player_request,9.8864,2.9659,6.9204
RFD-002452,ORD-0032369,2025-09-24,2025-09-21,T-04,STEAM,P-030364,partial_goodwill,11.1693,3.3508,7.8185
RFD-002453,ORD-0032393,2025-09-23,2025-09-21,T-01,PSN,P-024801,accidental_purchase,66.8795,20.0638,46.8156
RFD-002454,ORD-0032395,2025-10-24,2025-09-21,T-04,STEAM,P-017619,player_request,10.2288,3.0686,7.1602
RFD-002455,ORD-0032408,2025-10-24,2025-09-21,T-03,STEAM,P-035159,player_request,5.0785,1.5235,3.5549
RFD-002456,ORD-0032419,2025-09-26,2025-09-21,T-01,EPIC,P-012426,platform_policy,68.2164,8.186,60.0305
RFD-002457,ORD-0032423,2025-09-30,2025-09-21,T-04,NSW,P-029305,accidental_purchase,10.602,3.1806,7.4214
RFD-002458,ORD-0032429,2025-10-31,2025-09-21,T-01,STEAM,P-016382,price_adjustment,12.8758,3.8627,9.013
RFD-002459,ORD-0032445,2025-09-29,2025-09-21,T-01,STEAM,P-004199,price_adjustment,30.8916,9.2675,21.6241
RFD-002460,ORD-0032456,2025-10-08,2025-09-21,T-01,EPIC,P-032164,partial_goodwill,16.6492,1.9979,14.6513
RFD-002461,ORD-0032494,2025-10-08,2025-09-21,T-01,XBOX,P-028277,partial_goodwill,16.9217,5.0765,11.8452
RFD-002462,ORD-0032509,2025-09-30,2025-09-21,T-03,XBOX,P-013474,player_request,30.512,9.1536,21.3584
RFD-002463,ORD-0032515,2025-10-24,2025-09-21,T-03,STEAM,P-035914,platform_policy,5.035,1.5105,3.5245
RFD-002464,ORD-0032522,2025-09-30,2025-09-22,T-04,XBOX,P-023298,partial_goodwill,10.0811,3.0243,7.0568
RFD-002465,ORD-0032531,2025-12-02,2025-09-22,T-04,XBOX,P-043345,accidental_purchase,4.8758,1.4627,3.4131
RFD-002466,ORD-0032548,2025-11-01,2025-09-22,T-03,STEAM,P-006819,partial_goodwill,1.2727,0.3818,0.8909
RFD-002467,ORD-0032564,2025-10-09,2025-09-22,T-04,PSN,P-002187,price_adjustment,15.3647,4.6094,10.7553
RFD-002468,ORD-0032581,2025-10-21,2025-09-22,T-03,XBOX,P-019860,price_adjustment,3.7514,1.1254,2.626
RFD-002469,ORD-0032594,2025-09-30,2025-09-22,T-04,PSN,P-028403,price_adjustment,14.6484,4.3945,10.2539
RFD-002470,ORD-0032614,2025-10-09,2025-09-22,T-01,STEAM,P-029230,partial_goodwill,16.9967,5.099,11.8977
RFD-002471,ORD-0032615,2025-10-01,2025-09-22,T-01,STEAM,P-007335,platform_policy,5.1421,1.5426,3.5995
RFD-002472,ORD-0032650,2025-09-28,2025-09-23,T-01,PSN,P-041065,platform_policy,4.8,1.44,3.36
RFD-002473,ORD-0032661,2025-09-28,2025-09-23,T-01,STEAM,P-023714,accidental_purchase,48.0834,14.425,33.6584
RFD-002474,ORD-0032664,2025-10-01,2025-09-23,T-03,STEAM,P-022962,price_adjustment,5.0375,1.5112,3.5262
RFD-002475,ORD-0032667,2025-10-02,2025-09-23,T-04,STEAM,P-036525,player_request,35.8265,10.7479,25.0785
RFD-002476,ORD-0032692,2025-12-03,2025-09-23,T-03,PSN,P-014247,player_request,14.9515,4.4854,10.466
RFD-002477,ORD-0032700,2025-09-28,2025-09-23,T-01,XBOX,P-019251,player_request,9.913,2.9739,6.9391
RFD-002478,ORD-0032718,2025-10-14,2025-09-23,T-01,PSN,P-026432,platform_policy,5.14,1.542,3.598
RFD-002479,ORD-0032723,2025-10-10,2025-09-23,T-01,EPIC,P-040953,price_adjustment,1.2378,0.1485,1.0893
RFD-002480,ORD-0032732,2025-10-14,2025-09-23,T-01,STEAM,P-000139,player_request,5.14,1.542,3.598
RFD-002481,ORD-0032744,2025-10-10,2025-09-23,T-04,EPIC,P-033901,price_adjustment,13.6863,1.6424,12.0439
RFD-002482,ORD-0032755,2025-10-22,2025-09-23,T-03,EPIC,P-009787,price_adjustment,1.7531,0.2104,1.5428
RFD-002483,ORD-0032758,2025-09-28,2025-09-23,T-04,PSN,P-038308,accidental_purchase,10.752,3.2256,7.5264
RFD-002484,ORD-0032780,2025-11-11,2025-09-24,T-03,PSN,P-021936,accidental_purchase,15.2003,4.5601,10.6402
RFD-002485,ORD-0032819,2025-10-23,2025-09-24,T-01,PSN,P-004405,partial_goodwill,5.9288,1.7786,4.1502
RFD-002486,ORD-0032837,2025-10-11,2025-09-24,T-04,EPIC,P-001647,partial_goodwill,3.5369,0.4244,3.1124
RFD-002487,ORD-0032856,2025-10-15,2025-09-24,T-04,PSN,P-008789,platform_policy,28.8488,8.6547,20.1942
RFD-002488,ORD-0032857,2025-09-27,2025-09-24,T-04,STEAM,P-033584,price_adjustment,9.5408,2.8623,6.6786
RFD-002489,ORD-0032861,2025-11-03,2025-09-24,T-04,STEAM,P-032951,price_adjustment,12.4173,3.7252,8.6921
RFD-002490,ORD-0032877,2025-12-04,2025-09-24,T-04,XBOX,P-005042,accidental_purchase,38.9496,11.6849,27.2647
RFD-002491,ORD-0032904,2025-10-28,2025-09-25,T-01,XBOX,P-016312,platform_policy,23.1417,6.9425,16.1992
RFD-002492,ORD-0032923,2025-09-27,2025-09-25,T-01,XBOX,P-019107,platform_policy,16.7909,5.0373,11.7536
RFD-002493,ORD-0032929,2025-10-12,2025-09-25,T-04,NSW,P-013133,partial_goodwill,13.5171,4.0551,9.462
RFD-002494,ORD-0032932,2025-10-24,2025-09-25,T-01,STEAM,P-000272,partial_goodwill,4.2421,1.2726,2.9695
RFD-002495,ORD-0032935,2025-12-05,2025-09-25,T-04,NSW,P-040182,accidental_purchase,5.1039,1.5312,3.5727
RFD-002496,ORD-0032938,2025-10-03,2025-09-25,T-04,STEAM,P-040065,partial_goodwill,3.5461,1.0638,2.4822
RFD-002497,ORD-0032948,2025-10-03,2025-09-25,T-01,STEAM,P-015715,price_adjustment,4.4992,1.3498,3.1494
RFD-002498,ORD-0032954,2025-10-12,2025-09-25,T-01,STEAM,P-021054,partial_goodwill,5.1346,1.5404,3.5942
RFD-002499,ORD-0032957,2025-09-28,2025-09-25,T-01,PSN,P-023820,partial_goodwill,12.8413,3.8524,8.9889
RFD-002500,ORD-0032960,2025-10-03,2025-09-25,T-03,STEAM,P-018227,price_adjustment,1.724,0.5172,1.2068
RFD-002501,ORD-0032966,2025-10-12,2025-09-25,T-01,EPIC,P-010758,price_adjustment,12.8622,1.5435,11.3187
RFD-002502,ORD-0032985,2025-10-03,2025-09-25,T-04,STEAM,P-002794,partial_goodwill,14.5966,4.379,10.2176
RFD-002503,ORD-0032990,2025-10-24,2025-09-25,T-04,STEAM,P-021521,partial_goodwill,1.2146,0.3644,0.8502
RFD-002504,ORD-0033012,2025-10-16,2025-09-25,T-01,STEAM,P-004120,player_request,51.4385,15.4316,36.007
RFD-002505,ORD-0033013,2025-11-04,2025-09-25,T-04,PSN,P-016537,partial_goodwill,7.2061,2.1618,5.0443
RFD-002506,ORD-0033030,2025-11-12,2025-09-25,T-04,PSN,P-043109,player_request,5.1039,1.5312,3.5727
RFD-002507,ORD-0033044,2025-10-17,2025-09-26,T-03,NSW,P-016460,platform_policy,5.0553,1.5166,3.5387
RFD-002508,ORD-0033073,2025-10-01,2025-09-26,T-01,PSN,P-009788,player_request,17.9203,5.3761,12.5442
RFD-002509,ORD-0033092,2025-10-29,2025-09-26,T-01,XBOX,P-029901,platform_policy,10.2364,3.0709,7.1655
RFD-002510,ORD-0033098,2025-10-17,2025-09-26,T-01,STEAM,P-044511,accidental_purchase,57.4826,17.2448,40.2378
RFD-002511,ORD-0033100,2025-09-28,2025-09-26,T-01,PSN,P-010373,player_request,34.0006,10.2002,23.8004
RFD-002512,ORD-0033102,2025-10-04,2025-09-26,T-01,STEAM,P-012936,price_adjustment,28.187,8.4561,19.7309
RFD-002513,ORD-0033105,2025-11-05,2025-09-26,T-01,PSN,P-039273,price_adjustment,22.8356,6.8507,15.9849
RFD-002514,ORD-0033106,2025-10-25,2025-09-26,T-03,PSN,P-016157,partial_goodwill,1.6647,0.4994,1.1653
RFD-002515,ORD-0033111,2025-09-29,2025-09-26,T-04,XBOX,P-011775,partial_goodwill,5.0859,1.5258,3.5601
RFD-002516,ORD-0033113,2025-11-13,2025-09-26,T-01,STEAM,P-005852,accidental_purchase,15.3599,4.608,10.7519
RFD-002517,ORD-0033123,2025-11-05,2025-09-26,T-03,NSW,P-034386,price_adjustment,4.9637,1.4891,3.4746
RFD-002518,ORD-0033128,2025-10-04,2025-09-26,T-01,STEAM,P-019214,partial_goodwill,2.461,0.7383,1.7227
RFD-002519,ORD-0033136,2025-10-13,2025-09-26,T-01,STEAM,P-025788,partial_goodwill,17.9203,5.3761,12.5442
RFD-002520,ORD-0033139,2025-09-29,2025-09-26,T-01,STEAM,P-013517,price_adjustment,12.8169,3.8451,8.9718
RFD-002521,ORD-0033146,2025-10-04,2025-09-26,T-01,EPIC,P-036431,partial_goodwill,2.5634,0.3076,2.2558
RFD-002522,ORD-0033164,2025-09-28,2025-09-26,T-01,XBOX,P-027481,accidental_purchase,35.8874,10.7662,25.1212
RFD-002523,ORD-0033165,2025-10-04,2025-09-26,T-03,STEAM,P-006477,price_adjustment,1.6647,0.4994,1.1653
RFD-002524,ORD-0033197,2025-10-13,2025-09-26,T-03,PSN,P-008374,partial_goodwill,2.5327,0.7598,1.7729
RFD-002525,ORD-0033209,2025-11-13,2025-09-26,T-03,NSW,P-019408,player_request,4.8779,1.4634,3.4145
RFD-002526,ORD-0033229,2025-09-30,2025-09-27,T-04,XBOX,P-038225,price_adjustment,7.6493,2.2948,5.3545
RFD-002527,ORD-0033242,2025-10-18,2025-09-27,T-03,PSN,P-023097,platform_policy,5.0275,1.5083,3.5193
RFD-002528,ORD-0033252,2025-11-14,2025-09-27,T-04,STEAM,P-021236,accidental_purchase,4.8001,1.44,3.3601
RFD-002529,ORD-0033257,2025-10-05,2025-09-27,T-01,XBOX,P-038713,partial_goodwill,51.2575,15.3772,35.8802
RFD-002530,ORD-0033277,2025-10-05,2025-09-27,T-04,STEAM,P-019049,price_adjustment,30.5768,9.173,21.4038
RFD-002531,ORD-0033303,2025-10-14,2025-09-27,T-03,NSW,P-036134,partial_goodwill,1.7566,0.527,1.2296
RFD-002532,ORD-0033305,2025-10-11,2025-09-27,T-04,STEAM,P-003824,player_request,38.7607,11.6282,27.1325
RFD-002533,ORD-0033327,2025-10-26,2025-09-27,T-01,STEAM,P-021382,partial_goodwill,3.6915,1.1074,2.584
RFD-002534,ORD-0033334,2025-11-06,2025-09-27,T-01,PSN,P-031802,price_adjustment,16.9122,5.0737,11.8386
RFD-002535,ORD-0033337,2025-10-14,2025-09-27,T-01,STEAM,P-022237,price_adjustment,25.6236,7.6871,17.9365
RFD-002536,ORD-0033343,2025-11-14,2025-09-27,T-03,PSN,P-023327,player_request,29.7942,8.9382,20.8559
RFD-002537,ORD-0033348,2025-10-26,2025-09-27,T-01,XBOX,P-044865,partial_goodwill,22.8356,6.8507,15.9849
RFD-002538,ORD-0033367,2025-10-26,2025-09-27,T-01,STEAM,P-005940,partial_goodwill,5.1166,1.535,3.5816
RFD-002539,ORD-0033369,2025-11-14,2025-09-27,T-01,PSN,P-025439,accidental_purchase,4.7826,1.4348,3.3478
RFD-002540,ORD-0033375,2025-10-18,2025-09-27,T-01,STEAM,P-037506,player_request,5.1166,1.535,3.5816
RFD-002541,ORD-0033376,2025-09-30,2025-09-27,T-04,STEAM,P-035975,price_adjustment,2.6433,0.793,1.8503
RFD-002542,ORD-0033381,2025-10-11,2025-09-27,T-04,STEAM,P-029831,player_request,10.1821,3.0546,7.1274
RFD-002543,ORD-0033390,2025-12-07,2025-09-27,T-01,XBOX,P-024032,platform_policy,47.9084,14.3725,33.5359
RFD-002544,ORD-0033411,2025-10-01,2025-09-28,T-04,STEAM,P-000809,price_adjustment,11.765,3.5295,8.2355
RFD-002545,ORD-0033430,2025-10-15,2025-09-28,T-03,STEAM,P-012176,price_adjustment,3.7252,1.1176,2.6076
RFD-002546,ORD-0033440,2025-10-06,2025-09-28,T-01,STEAM,P-020372,partial_goodwill,22.8356,6.8507,15.9849
RFD-002547,ORD-0033459,2025-10-31,2025-09-28,T-01,NSW,P-039559,platform_policy,102.3904,30.7171,71.6733
RFD-002548,ORD-0033462,2025-10-19,2025-09-28,T-01,XBOX,P-006669,player_request,10.2433,3.073,7.1703
RFD-002549,ORD-0033470,2025-10-12,2025-09-28,T-01,STEAM,P-007636,accidental_purchase,23.0603,6.9181,16.1422
RFD-002550,ORD-0033482,2025-10-15,2025-09-28,T-04,STEAM,P-022256,partial_goodwill,10.0901,3.027,7.0631
RFD-002551,ORD-0033488,2025-10-12,2025-09-28,T-01,STEAM,P-025932,accidental_purchase,10.2331,3.0699,7.1632
RFD-002552,ORD-0033495,2025-11-07,2025-09-28,T-01,EPIC,P-011103,partial_goodwill,21.3441,2.5613,18.7828
RFD-002553,ORD-0033501,2025-09-30,2025-09-28,T-01,XBOX,P-023195,accidental_purchase,10.2433,3.073,7.1703
RFD-002554,ORD-0033543,2025-11-07,2025-09-28,T-03,NSW,P-044129,price_adjustment,3.7706,1.1312,2.6394
RFD-002555,ORD-0033550,2025-10-15,2025-09-28,T-04,STEAM,P-011217,price_adjustment,9.5021,2.8506,6.6514
RFD-002556,ORD-0033567,2025-10-02,2025-09-29,T-03,STEAM,P-033053,partial_goodwill,5.1126,1.5338,3.5788
RFD-002557,ORD-0033570,2025-10-28,2025-09-29,T-01,EPIC,P-003248,price_adjustment,71.4661,8.5759,62.8902
RFD-002558,ORD-0033618,2025-11-01,2025-09-29,T-04,STEAM,P-033482,accidental_purchase,30.3514,9.1054,21.246
RFD-002559,ORD-0033624,2025-10-28,2025-09-29,T-03,STEAM,P-034606,price_adjustment,5.0306,1.5092,3.5214
RFD-002560,ORD-0033637,2025-10-28,2025-09-29,T-03,PSN,P-000947,partial_goodwill,14.969,4.4907,10.4783
RFD-002561,ORD-0033648,2025-10-07,2025-09-29,T-01,STEAM,P-038528,price_adjustment,17.3562,5.2069,12.1494
RFD-002562,ORD-0033671,2025-10-28,2025-09-29,T-04,NSW,P-014625,price_adjustment,2.6844,0.8053,1.8791
RFD-002563,ORD-0033724,2025-11-09,2025-09-30,T-01,NSW,P-019746,price_adjustment,25.6421,7.6926,17.9494
RFD-002564,ORD-0033733,2025-11-09,2025-09-30,T-02,STEAM,P-034968,price_adjustment,4.9952,1.4986,3.4967
RFD-002565,ORD-0033743,2025-12-10,2025-09-30,T-02,PSN,P-029470,accidental_purchase,24.988,7.4964,17.4916
RFD-002566,ORD-0033749,2025-10-29,2025-09-30,T-03,NSW,P-040145,price_adjustment,1.6021,0.4806,1.1215
RFD-002567,ORD-0033752,2025-10-29,2025-09-30,T-01,STEAM,P-006727,partial_goodwill,30.7725,9.2318,21.5408
RFD-002568,ORD-0033804,2025-10-08,2025-09-30,T-01,NSW,P-029334,price_adjustment,12.3394,3.7018,8.6376
RFD-002569,ORD-0033841,2025-10-03,2025-09-30,T-02,XBOX,P-036298,partial_goodwill,12.495,3.7485,8.7465
RFD-002570,ORD-0033853,2025-11-09,2025-09-30,T-04,PSN,P-041658,price_adjustment,15.2994,4.5898,10.7096
RFD-002571,ORD-0033912,2025-10-06,2025-10-01,T-03,PSN,P-041922,accidental_purchase,14.78,4.434,10.346
RFD-002572,ORD-0033929,2025-10-09,2025-10-01,T-02,EPIC,P-044799,price_adjustment,11.5269,1.3832,10.1437
RFD-002573,ORD-0033952,2025-10-31,2025-10-02,T-02,XBOX,P-044823,partial_goodwill,2.4888,0.7466,1.7421
RFD-002574,ORD-0033956,2025-10-07,2025-10-02,T-01,EPIC,P-028704,accidental_purchase,56.3031,6.7564,49.5467
RFD-002575,ORD-0033958,2025-10-23,2025-10-02,T-02,STEAM,P-027906,platform_policy,14.9428,4.4828,10.4599
RFD-002576,ORD-0033974,2025-11-11,2025-10-02,T-01,STEAM,P-026348,partial_goodwill,24.1977,7.2593,16.9384
RFD-002577,ORD-0033980,2025-10-10,2025-10-02,T-02,NSW,P-030256,price_adjustment,12.4642,3.7393,8.7249
RFD-002578,ORD-0034035,2025-10-05,2025-10-02,T-03,STEAM,P-014217,price_adjustment,2.4906,0.7472,1.7434
RFD-002579,ORD-0034043,2025-10-23,2025-10-02,T-02,STEAM,P-006896,accidental_purchase,4.9775,1.4933,3.4843
RFD-002580,ORD-0034054,2025-11-19,2025-10-02,T-04,STEAM,P-029019,platform_policy,5.0795,1.5239,3.5557
RFD-002581,ORD-0034059,2025-10-10,2025-10-02,T-01,STEAM,P-042299,price_adjustment,12.7827,3.8348,8.9479
RFD-002582,ORD-0034061,2025-10-05,2025-10-02,T-02,PSN,P-001644,partial_goodwill,2.4888,0.7466,1.7421
RFD-002583,ORD-0034064,2025-10-19,2025-10-02,T-01,XBOX,P-020491,partial_goodwill,16.3353,4.9006,11.4347
RFD-002584,ORD-0034075,2025-10-31,2025-10-02,T-02,STEAM,P-023149,partial_goodwill,12.4239,3.7272,8.6968
RFD-002585,ORD-0034076,2025-10-05,2025-10-02,T-03,STEAM,P-037635,price_adjustment,10.0978,3.0294,7.0685
RFD-002586,ORD-0034087,2025-10-07,2025-10-02,T-02,STEAM,P-028138,player_request,24.9386,7.4816,17.457
RFD-002587,ORD-0034096,2025-10-08,2025-10-03,T-01,STEAM,P-009313,player_request,51.2079,15.3624,35.8455
RFD-002588,ORD-0034123,2025-10-24,2025-10-03,T-03,STEAM,P-024340,player_request,5.3157,1.5947,3.721
RFD-002589,ORD-0034127,2025-10-05,2025-10-03,T-02,EPIC,P-035868,accidental_purchase,49.8917,5.987,43.9047
RFD-002590,ORD-0034146,2025-10-11,2025-10-03,T-02,NSW,P-037994,partial_goodwill,11.2023,3.3607,7.8416
RFD-002591,ORD-0034153,2025-11-01,2025-10-03,T-02,STEAM,P-019599,price_adjustment,12.4678,3.7404,8.7275
RFD-002592,ORD-0034169,2025-10-05,2025-10-03,T-02,EPIC,P-036012,accidental_purchase,10.0474,1.2057,8.8418
RFD-002593,ORD-0034215,2025-10-06,2025-10-03,T-02,PSN,P-004123,partial_goodwill,29.2028,8.7608,20.442
RFD-002594,ORD-0034216,2025-10-20,2025-10-03,T-02,PSN,P-020009,partial_goodwill,4.3519,1.3056,3.0463
RFD-002595,ORD-0034255,2025-10-05,2025-10-03,T-02,EPIC,P-028851,player_request,8.7336,1.048,7.6856
RFD-002596,ORD-0034260,2025-11-20,2025-10-03,T-01,STEAM,P-017377,accidental_purchase,51.2079,15.3624,35.8455
RFD-002597,ORD-0034262,2025-11-13,2025-10-04,T-02,STEAM,P-013651,price_adjustment,11.519,3.4557,8.0633
RFD-002598,ORD-0034268,2025-11-02,2025-10-04,T-01,STEAM,P-027609,partial_goodwill,16.8959,5.0688,11.8271
RFD-002599,ORD-0034298,2025-11-13,2025-10-04,T-02,PSN,P-015048,partial_goodwill,8.2337,2.4701,5.7636
RFD-002600,ORD-0034302,2025-11-06,2025-10-04,T-02,NSW,P-018782,accidental_purchase,42.4131,12.7239,29.6892
RFD-002601,ORD-0034308,2025-11-06,2025-10-04,T-02,EPIC,P-021008,accidental_purchase,4.979,0.5975,4.3815
RFD-002602,ORD-0034317,2025-10-21,2025-10-04,T-01,STEAM,P-020603,partial_goodwill,24.1446,7.2434,16.9012
RFD-002603,ORD-0034334,2025-10-25,2025-10-04,T-01,XBOX,P-004493,accidental_purchase,9.6501,2.895,6.7551
RFD-002604,ORD-0034339,2025-10-12,2025-10-04,T-01,STEAM,P-022312,price_adjustment,33.523,10.0569,23.4661
RFD-002605,ORD-0034359,2025-11-13,2025-10-04,T-02,STEAM,P-003648,partial_goodwill,12.4255,3.7276,8.6978
RFD-002606,ORD-0034376,2025-10-21,2025-10-04,T-02,PSN,P-007180,partial_goodwill,6.146,1.8438,4.3022
RFD-002607,ORD-0034379,2025-10-21,2025-10-04,T-01,EPIC,P-010988,price_adjustment,3.373,0.4048,2.9683
RFD-002608,ORD-0034383,2025-12-14,2025-10-04,T-03,PSN,P-021473,platform_policy,4.9975,1.4992,3.4982
RFD-002609,ORD-0034392,2025-11-02,2025-10-04,T-02,STEAM,P-023917,price_adjustment,2.871,0.8613,2.0097
RFD-002610,ORD-0034433,2025-11-02,2025-10-04,T-02,XBOX,P-031546,price_adjustment,2.4895,0.7468,1.7426
RFD-002611,ORD-0034443,2025-10-12,2025-10-04,T-04,STEAM,P-041352,price_adjustment,2.5405,0.7621,1.7783
RFD-002612,ORD-0034493,2025-10-13,2025-10-05,T-03,EPIC,P-001124,partial_goodwill,2.5303,0.3036,2.2267
RFD-002613,ORD-0034498,2025-10-13,2025-10-05,T-04,PSN,P-007116,partial_goodwill,19.5175,5.8552,13.6622
RFD-002614,ORD-0034516,2025-10-13,2025-10-05,T-02,STEAM,P-042387,partial_goodwill,3.2853,0.9856,2.2997
RFD-002615,ORD-0034541,2025-10-22,2025-10-05,T-01,XBOX,P-042607,price_adjustment,8.9683,2.6905,6.2778
RFD-002616,ORD-0034558,2025-11-14,2025-10-05,T-01,STEAM,P-027468,partial_goodwill,4.479,1.3437,3.1353
RFD-002617,ORD-0034571,2025-11-14,2025-10-05,T-01,NSW,P-044913,partial_goodwill,3.3771,1.0131,2.364
RFD-002618,ORD-0034579,2025-10-07,2025-10-05,T-02,PSN,P-028579,platform_policy,49.8917,14.9675,34.9242
RFD-002619,ORD-0034583,2025-10-14,2025-10-05,T-01,NSW,P-024774,player_request,9.4602,2.8381,6.6221
RFD-002620,ORD-0034587,2025-11-14,2025-10-05,T-02,STEAM,P-012836,partial_goodwill,29.9248,8.9775,20.9474
RFD-002621,ORD-0034601,2025-11-22,2025-10-05,T-04,STEAM,P-034934,player_request,30.1634,9.049,21.1144
RFD-002622,ORD-0034643,2025-10-22,2025-10-05,T-04,STEAM,P-000016,partial_goodwill,3.1534,0.946,2.2074
RFD-002623,ORD-0034662,2025-10-22,2025-10-05,T-02,STEAM,P-027130,price_adjustment,12.4255,3.7276,8.6978
RFD-002624,ORD-0034663,2025-12-15,2025-10-05,T-02,STEAM,P-029392,player_request,9.9579,2.9874,6.9706
RFD-002625,ORD-0034664,2025-10-22,2025-10-05,T-01,NSW,P-002115,partial_goodwill,1.2754,0.3826,0.8927
RFD-002626,ORD-0034670,2025-11-14,2025-10-05,T-01,NSW,P-042523,partial_goodwill,8.9683,2.6905,6.2778
RFD-002627,ORD-0034702,2025-10-11,2025-10-06,T-04,STEAM,P-009374,accidental_purchase,4.7052,1.4116,3.2936
RFD-002628,ORD-0034712,2025-11-15,2025-10-06,T-02,STEAM,P-000880,price_adjustment,12.8238,3.8472,8.9767
RFD-002629,ORD-0034715,2025-11-15,2025-10-06,T-03,STEAM,P-018662,partial_goodwill,17.036,5.1108,11.9252
RFD-002630,ORD-0034718,2025-10-20,2025-10-06,T-01,PSN,P-029834,accidental_purchase,56.2877,16.8863,39.4014
RFD-002631,ORD-0034733,2025-10-09,2025-10-06,T-03,STEAM,P-007818,partial_goodwill,6.5183,1.9555,4.5628
RFD-002632,ORD-0034743,2025-10-23,2025-10-06,T-02,EPIC,P-030491,partial_goodwill,2.2002,0.264,1.9361
RFD-002633,ORD-0034744,2025-10-20,2025-10-06,T-01,STEAM,P-029917,player_request,70.1793,21.0538,49.1255
RFD-002634,ORD-0034760,2025-10-14,2025-10-06,T-02,PSN,P-037230,partial_goodwill,8.4654,2.5396,5.9258
RFD-002635,ORD-0034773,2025-10-27,2025-10-06,T-01,NSW,P-001825,accidental_purchase,49.5562,14.8669,34.6893
RFD-002636,ORD-0034780,2025-10-23,2025-10-06,T-03,PSN,P-042772,partial_goodwill,5.0216,1.5065,3.5151
RFD-002637,ORD-0034806,2025-10-23,2025-10-06,T-02,NSW,P-013547,price_adjustment,2.4873,0.7462,1.7411
RFD-002638,ORD-0034807,2025-10-14,2025-10-06,T-02,PSN,P-007481,price_adjustment,2.4955,0.7486,1.7468
RFD-002639,ORD-0034831,2025-11-16,2025-10-07,T-03,NSW,P-031299,price_adjustment,9.7502,2.9251,6.8251
RFD-002640,ORD-0034834,2025-10-12,2025-10-07,T-02,STEAM,P-032712,platform_policy,8.7825,2.6347,6.1477
RFD-002641,ORD-0034919,2025-11-05,2025-10-07,T-02,STEAM,P-044898,partial_goodwill,12.5201,3.756,8.7641
RFD-002642,ORD-0034925,2025-10-12,2025-10-07,T-02,STEAM,P-020155,player_request,40.0602,12.0181,28.0422
RFD-002643,ORD-0034946,2025-11-05,2025-10-07,T-01,XBOX,P-039455,partial_goodwill,5.7222,1.7167,4.0056
RFD-002644,ORD-0034972,2025-11-16,2025-10-07,T-02,PSN,P-003752,partial_goodwill,6.26,1.878,4.382
RFD-002645,ORD-0034990,2025-10-22,2025-10-08,T-03,XBOX,P-042089,player_request,9.9796,2.9939,6.9857
RFD-002646,ORD-0035003,2025-11-06,2025-10-08,T-02,PSN,P-007451,price_adjustment,12.5414,3.7624,8.779
RFD-002647,ORD-0035009,2025-10-11,2025-10-08,T-02,NSW,P-004294,price_adjustment,3.4484,1.0345,2.4139
RFD-002648,ORD-0035010,2025-11-17,2025-10-08,T-01,PSN,P-027073,price_adjustment,1.6353,0.4906,1.1447
RFD-002649,ORD-0035013,2025-11-17,2025-10-08,T-01,XBOX,P-011007,price_adjustment,3.8589,1.1577,2.7012
RFD-002650,ORD-0035048,2025-10-29,2025-10-08,T-04,STEAM,P-032162,player_request,21.5113,6.4534,15.0579
RFD-002651,ORD-0035049,2025-10-17,2025-10-08,T-03,STEAM,P-026380,accidental_purchase,30.5223,9.1567,21.3656
RFD-002652,ORD-0035052,2025-11-25,2025-10-08,T-03,STEAM,P-013475,player_request,5.347,1.6041,3.7429
RFD-002653,ORD-0035068,2025-10-23,2025-10-09,T-03,STEAM,P-013367,player_request,25.3708,7.6112,17.7596
RFD-002654,ORD-0035080,2025-11-18,2025-10-09,T-01,STEAM,P-018712,price_adjustment,1.5514,0.4654,1.086
RFD-002655,ORD-0035090,2025-10-17,2025-10-09,T-02,PSN,P-042790,price_adjustment,1.6293,0.4888,1.1405
RFD-002656,ORD-0035103,2025-10-18,2025-10-09,T-02,PSN,P-021535,accidental_purchase,4.9984,1.4995,3.4989
RFD-002657,ORD-0035111,2025-11-07,2025-10-09,T-01,PSN,P-014953,partial_goodwill,16.7783,5.0335,11.7448
RFD-002658,ORD-0035123,2025-10-26,2025-10-09,T-03,PSN,P-040555,partial_goodwill,3.6625,1.0987,2.5637
RFD-002659,ORD-0035134,2025-11-18,2025-10-09,T-02,PSN,P-034851,partial_goodwill,11.0268,3.308,7.7188
RFD-002660,ORD-0035136,2025-10-12,2025-10-09,T-01,PSN,P-004407,price_adjustment,5.4424,1.6327,3.8097
RFD-002661,ORD-0035174,2025-10-27,2025-10-10,T-01,STEAM,P-017522,partial_goodwill,23.9965,7.199,16.7976
RFD-002662,ORD-0035193,2025-11-08,2025-10-10,T-03,XBOX,P-039415,price_adjustment,17.1521,5.1456,12.0065
RFD-002663,ORD-0035205,2025-10-19,2025-10-10,T-02,STEAM,P-026279,accidental_purchase,24.7961,7.4388,17.3572
RFD-002664,ORD-0035209,2025-10-13,2025-10-10,T-03,XBOX,P-006975,partial_goodwill,5.0005,1.5001,3.5003
RFD-002665,ORD-0035222,2025-11-19,2025-10-10,T-02,STEAM,P-025480,partial_goodwill,5.0237,1.5071,3.5166
RFD-002666,ORD-0035224,2025-10-18,2025-10-10,T-04,STEAM,P-023354,partial_goodwill,3.3771,1.0131,2.364
RFD-002667,ORD-0035225,2025-12-20,2025-10-10,T-03,STEAM,P-042384,accidental_purchase,15.1949,4.5585,10.6364
RFD-002668,ORD-0035237,2025-10-27,2025-10-10,T-01,EPIC,P-017921,partial_goodwill,5.9267,0.7112,5.2155
RFD-002669,ORD-0035239,2025-10-27,2025-10-10,T-02,XBOX,P-043502,price_adjustment,11.4572,3.4372,8.0201
RFD-002670,ORD-0035252,2025-11-27,2025-10-10,T-03,PSN,P-004684,platform_policy,5.0718,1.5216,3.5503
RFD-002671,ORD-0035271,2025-11-19,2025-10-10,T-02,STEAM,P-019030,price_adjustment,4.3735,1.3121,3.0615
RFD-002672,ORD-0035291,2025-11-19,2025-10-10,T-02,STEAM,P-011856,price_adjustment,7.4469,2.2341,5.2129
RFD-002673,ORD-0035321,2025-11-01,2025-10-11,T-02,PSN,P-007671,platform_policy,33.7313,10.1194,23.6119
RFD-002674,ORD-0035378,2025-11-09,2025-10-11,T-02,XBOX,P-018219,price_adjustment,9.2921,2.7876,6.5045
RFD-002675,ORD-0035379,2025-11-28,2025-10-11,T-04,EPIC,P-024578,player_request,47.845,5.7414,42.1036
RFD-002676,ORD-0035391,2025-10-19,2025-10-11,T-02,STEAM,P-034676,price_adjustment,6.2435,1.8731,4.3705
RFD-002677,ORD-0035395,2025-10-28,2025-10-11,T-02,STEAM,P-029641,price_adjustment,9.3602,2.808,6.5521
RFD-002678,ORD-0035401,2025-10-19,2025-10-11,T-04,XBOX,P-015643,price_adjustment,10.0959,3.0288,7.0671
RFD-002679,ORD-0035415,2025-10-20,2025-10-11,T-03,EPIC,P-041494,platform_policy,9.9844,1.1981,8.7863
RFD-002680,ORD-0035417,2025-10-28,2025-10-11,T-02,STEAM,P-012790,partial_goodwill,8.6934,2.608,6.0854
RFD-002681,ORD-0035441,2025-11-20,2025-10-11,T-02,PSN,P-024879,price_adjustment,14.9803,4.4941,10.4862
RFD-002682,ORD-0035445,2025-10-14,2025-10-11,T-02,XBOX,P-012332,price_adjustment,14.9906,4.4972,10.4934
RFD-002683,ORD-0035480,2025-10-28,2025-10-11,T-01,EPIC,P-007272,price_adjustment,16.1198,1.9344,14.1854
RFD-002684,ORD-0035504,2025-10-20,2025-10-11,T-02,EPIC,P-040348,player_request,19.9568,2.3948,17.5619
RFD-002685,ORD-0035509,2025-11-20,2025-10-11,T-02,STEAM,P-024803,partial_goodwill,24.9843,7.4953,17.489
RFD-002686,ORD-0035529,2025-10-14,2025-10-12,T-02,XBOX,P-041001,platform_policy,9.9733,2.992,6.9813
RFD-002687,ORD-0035539,2025-10-15,2025-10-12,T-01,XBOX,P-029581,partial_goodwill,15.6069,4.6821,10.9248
RFD-002688,ORD-0035541,2025-10-17,2025-10-12,T-02,PSN,P-037363,player_request,34.9677,10.4903,24.4774
RFD-002689,ORD-0035542,2025-10-21,2025-10-12,T-02,STEAM,P-007867,accidental_purchase,49.9685,14.9906,34.978
RFD-002690,ORD-0035549,2025-10-29,2025-10-12,T-03,PSN,P-014980,partial_goodwill,3.2345,0.9703,2.2641
RFD-002691,ORD-0035562,2025-11-21,2025-10-12,T-04,NSW,P-017133,price_adjustment,14.2552,4.2766,9.9787
RFD-002692,ORD-0035594,2025-11-10,2025-10-12,T-01,STEAM,P-014972,price_adjustment,1.2376,0.3713,0.8663
RFD-002693,ORD-0035625,2025-10-17,2025-10-12,T-02,PSN,P-023560,accidental_purchase,24.9843,7.4953,17.489
RFD-002694,ORD-0035633,2025-10-15,2025-10-12,T-04,STEAM,P-043354,price_adjustment,2.4332,0.73,1.7032
RFD-002695,ORD-0035655,2025-12-22,2025-10-12,T-02,PSN,P-013216,player_request,34.9677,10.4903,24.4774
RFD-002696,ORD-0035671,2025-10-29,2025-10-12,T-02,PSN,P-014255,price_adjustment,2.1729,0.6519,1.521
RFD-002697,ORD-0035680,2025-10-20,2025-10-12,T-02,STEAM,P-010103,partial_goodwill,6.2435,1.8731,4.3705
RFD-002698,ORD-0035690,2025-10-15,2025-10-13,T-02,STEAM,P-040579,platform_policy,14.9302,4.4791,10.4512
RFD-002699,ORD-0035692,2025-12-23,2025-10-13,T-02,XBOX,P-030334,accidental_purchase,24.7853,7.4356,17.3497
RFD-002700,ORD-0035698,2025-10-18,2025-10-13,T-02,STEAM,P-026835,accidental_purchase,9.957,2.9871,6.9699
RFD-002701,ORD-0035704,2025-10-30,2025-10-13,T-02,STEAM,P-018897,price_adjustment,12.4027,3.7208,8.6819
RFD-002702,ORD-0035724,2025-11-22,2025-10-13,T-02,PSN,P-039837,partial_goodwill,4.9769,1.4931,3.4838
RFD-002703,ORD-0035727,2025-10-30,2025-10-13,T-02,STEAM,P-004836,price_adjustment,8.2303,2.4691,5.7612
RFD-002704,ORD-0035736,2025-11-22,2025-10-13,T-01,PSN,P-021473,price_adjustment,13.536,4.0608,9.4752
RFD-002705,ORD-0035738,2025-10-30,2025-10-13,T-01,EPIC,P-026963,partial_goodwill,1.6828,0.2019,1.4808
RFD-002706,ORD-0035753,2025-10-15,2025-10-13,T-01,EPIC,P-014858,player_request,10.1266,1.2152,8.9114
RFD-002707,ORD-0035760,2025-11-22,2025-10-13,T-02,STEAM,P-019671,partial_goodwill,11.2055,3.3616,7.8438
RFD-002708,ORD-0035786,2025-11-12,2025-10-14,T-02,STEAM,P-018583,price_adjustment,12.4568,3.7371,8.7198
RFD-002709,ORD-0035803,2025-11-12,2025-10-14,T-02,STEAM,P-013688,price_adjustment,11.1043,3.3313,7.773
RFD-002710,ORD-0035810,2025-12-24,2025-10-14,T-02,XBOX,P-042608,accidental_purchase,49.8478,14.9543,34.8934
RFD-002711,ORD-0035818,2025-11-23,2025-10-14,T-02,STEAM,P-006364,partial_goodwill,21.5953,6.4786,15.1167
RFD-002712,ORD-0035833,2025-10-22,2025-10-14,T-02,STEAM,P-040820,partial_goodwill,11.5064,3.4519,8.0545
RFD-002713,ORD-0035845,2025-11-04,2025-10-14,T-02,XBOX,P-035611,player_request,24.9239,7.4772,17.4467
RFD-002714,ORD-0035853,2025-11-12,2025-10-14,T-02,EPIC,P-008925,partial_goodwill,2.4887,0.2986,2.1901
RFD-002715,ORD-0035861,2025-10-22,2025-10-14,T-02,STEAM,P-031592,price_adjustment,8.7259,2.6178,6.1081
RFD-002716,ORD-0035864,2025-11-12,2025-10-14,T-01,STEAM,P-022029,partial_goodwill,22.7934,6.838,15.9554
RFD-002717,ORD-0035869,2025-11-12,2025-10-14,T-02,STEAM,P-038159,partial_goodwill,16.4526,4.9358,11.5168
RFD-002718,ORD-0035879,2025-12-02,2025-10-15,T-03,STEAM,P-039795,accidental_purchase,15.1123,4.5337,10.5786
RFD-002719,ORD-0035880,2025-10-17,2025-10-15,T-01,PSN,P-034869,accidental_purchase,49.2373,14.7712,34.4661
RFD-002720,ORD-0035890,2025-11-01,2025-10-15,T-04,STEAM,P-024906,price_adjustment,14.1366,4.241,9.8956
RFD-002721,ORD-0035896,2025-11-24,2025-10-15,T-02,XBOX,P-007033,price_adjustment,6.175,1.8525,4.3225
RFD-002722,ORD-0035898,2025-10-18,2025-10-15,T-01,XBOX,P-029058,price_adjustment,2.349,0.7047,1.6443
RFD-002723,ORD-0035905,2025-10-23,2025-10-15,T-03,XBOX,P-014778,partial_goodwill,7.3142,2.1942,5.1199
RFD-002724,ORD-0035908,2025-10-18,2025-10-15,T-02,STEAM,P-041777,price_adjustment,11.0674,3.3202,7.7472
RFD-002725,ORD-0035922,2025-12-25,2025-10-15,T-02,PSN,P-034405,platform_policy,24.9205,7.4762,17.4444
RFD-002726,ORD-0035953,2025-11-05,2025-10-15,T-01,STEAM,P-015920,accidental_purchase,36.902,11.0706,25.8314
RFD-002727,ORD-0035965,2025-10-29,2025-10-15,T-02,STEAM,P-002340,accidental_purchase,4.9595,1.4879,3.4717
RFD-002728,ORD-0035984,2025-10-24,2025-10-15,T-02,STEAM,P-042565,player_request,24.8484,7.4545,17.3939
RFD-002729,ORD-0035985,2025-11-01,2025-10-15,T-04,STEAM,P-014587,partial_goodwill,5.0713,1.5214,3.5499
RFD-002730,ORD-0036007,2025-11-05,2025-10-15,T-02,EPIC,P-023958,player_request,9.9424,1.1931,8.7493
RFD-002731,ORD-0036040,2025-10-24,2025-10-16,T-01,EPIC,P-008158,price_adjustment,15.564,1.8677,13.6963
RFD-002732,ORD-0036077,2025-11-25,2025-10-16,T-02,XBOX,P-027574,partial_goodwill,4.972,1.4916,3.4804
RFD-002733,ORD-0036089,2025-10-25,2025-10-16,T-02,PSN,P-040192,platform_policy,9.9301,2.979,6.9511
RFD-002734,ORD-0036134,2025-11-02,2025-10-16,T-02,XBOX,P-028107,partial_goodwill,12.3792,3.7138,8.6654
RFD-002735,ORD-0036141,2025-10-19,2025-10-16,T-04,STEAM,P-038052,price_adjustment,2.5207,0.7562,1.7645
RFD-002736,ORD-0036145,2025-11-25,2025-10-16,T-02,PSN,P-022589,partial_goodwill,6.5296,1.9589,4.5707
RFD-002737,ORD-0036161,2025-11-15,2025-10-17,T-04,STEAM,P-009233,price_adjustment,13.5049,4.0515,9.4534
RFD-002738,ORD-0036181,2025-11-26,2025-10-17,T-01,EPIC,P-001284,partial_goodwill,16.1512,1.9381,14.2131
RFD-002739,ORD-0036212,2025-10-25,2025-10-17,T-02,STEAM,P-009915,partial_goodwill,4.6366,1.391,3.2456
RFD-002740,ORD-0036214,2025-11-19,2025-10-17,T-01,STEAM,P-038771,player_request,70.9579,21.2874,49.6705
RFD-002741,ORD-0036225,2025-10-20,2025-10-17,T-01,STEAM,P-005497,partial_goodwill,22.7021,6.8106,15.8915
RFD-002742,ORD-0036231,2025-10-25,2025-10-17,T-02,PSN,P-008433,partial_goodwill,8.1698,2.4509,5.7188
RFD-002743,ORD-0036261,2025-10-25,2025-10-17,T-01,STEAM,P-019578,partial_goodwill,15.953,4.7859,11.1671
RFD-002744,ORD-0036291,2025-11-19,2025-10-17,T-02,XBOX,P-034832,accidental_purchase,49.6882,14.9065,34.7817
RFD-002745,ORD-0036314,2025-10-25,2025-10-17,T-02,PSN,P-030262,price_adjustment,7.429,2.2287,5.2003
RFD-002746,ORD-0036322,2025-11-15,2025-10-17,T-04,XBOX,P-009694,partial_goodwill,3.3307,0.9992,2.3315
RFD-002747,ORD-0036346,2025-11-15,2025-10-17,T-02,EPIC,P-042435,partial_goodwill,14.9015,1.7882,13.1133
RFD-002748,ORD-0036347,2025-11-03,2025-10-17,T-04,EPIC,P-036215,price_adjustment,3.3307,0.3997,2.931
RFD-002749,ORD-0036355,2025-10-25,2025-10-17,T-02,PSN,P-043319,price_adjustment,3.2774,0.9832,2.2942
RFD-002750,ORD-0036364,2025-12-27,2025-10-17,T-01,NSW,P-017800,platform_policy,53.168,15.9504,37.2176
RFD-002751,ORD-0036365,2025-11-03,2025-10-17,T-03,STEAM,P-037927,partial_goodwill,1.6502,0.495,1.1551
RFD-002752,ORD-0036378,2025-11-03,2025-10-17,T-01,XBOX,P-031023,price_adjustment,2.5309,0.7593,1.7716
RFD-002753,ORD-0036392,2025-10-27,2025-10-18,T-02,STEAM,P-041015,player_request,34.6719,10.4016,24.2703
RFD-002754,ORD-0036408,2025-10-21,2025-10-18,T-01,NSW,P-041574,partial_goodwill,3.3509,1.0053,2.3456
RFD-002755,ORD-0036417,2025-10-21,2025-10-18,T-04,PSN,P-018457,price_adjustment,7.0056,2.1017,4.9039
RFD-002756,ORD-0036504,2025-10-27,2025-10-18,T-02,XBOX,P-020965,accidental_purchase,23.7337,7.1201,16.6136
RFD-002757,ORD-0036545,2025-10-20,2025-10-18,T-02,XBOX,P-033727,player_request,33.4181,10.0254,23.3927
RFD-002758,ORD-0036557,2025-10-21,2025-10-18,T-02,STEAM,P-008952,price_adjustment,8.7463,2.6239,6.1224
RFD-002759,ORD-0036575,2025-10-28,2025-10-19,T-04,XBOX,P-032650,player_request,10.0831,3.0249,7.0582
RFD-002760,ORD-0036578,2025-11-09,2025-10-19,T-03,PSN,P-009501,player_request,14.7146,4.4144,10.3003
RFD-002761,ORD-0036599,2025-11-02,2025-10-19,T-02,PSN,P-027691,accidental_purchase,34.6431,10.3929,24.2501
RFD-002762,ORD-0036601,2025-11-17,2025-10-19,T-01,PSN,P-008800,partial_goodwill,25.2175,7.5653,17.6523
RFD-002763,ORD-0036627,2025-11-21,2025-10-19,T-01,STEAM,P-028246,accidental_purchase,56.7786,17.0336,39.745
RFD-002764,ORD-0036631,2025-11-17,2025-10-19,T-04,STEAM,P-041915,partial_goodwill,7.5826,2.2748,5.3078
RFD-002765,ORD-0036636,2025-10-27,2025-10-19,T-02,EPIC,P-030705,partial_goodwill,14.7347,1.7682,12.9665
RFD-002766,ORD-0036677,2025-10-22,2025-10-19,T-02,XBOX,P-035636,partial_goodwill,8.1739,2.4522,5.7217
RFD-002767,ORD-0036681,2025-10-21,2025-10-19,T-04,NSW,P-025700,accidental_purchase,14.2076,4.2623,9.9453
RFD-002768,ORD-0036711,2025-12-29,2025-10-19,T-04,XBOX,P-000418,platform_policy,28.8467,8.654,20.1927
RFD-002769,ORD-0036716,2025-11-29,2025-10-20,T-04,STEAM,P-032765,price_adjustment,4.8173,1.4452,3.3721
RFD-002770,ORD-0036729,2025-11-18,2025-10-20,T-04,XBOX,P-002285,price_adjustment,2.536,0.7608,1.7752
RFD-002771,ORD-0036738,2025-10-23,2025-10-20,T-01,STEAM,P-017346,partial_goodwill,16.8658,5.0597,11.8061
RFD-002772,ORD-0036747,2025-11-29,2025-10-20,T-02,STEAM,P-034786,partial_goodwill,1.2539,0.3762,0.8778
RFD-002773,ORD-0036770,2025-10-28,2025-10-20,T-02,NSW,P-001611,price_adjustment,2.8721,0.8616,2.0105
RFD-002774,ORD-0036771,2025-10-28,2025-10-20,T-02,PSN,P-034154,price_adjustment,8.146,2.4438,5.7022
RFD-002775,ORD-0036804,2025-11-18,2025-10-20,T-01,STEAM,P-036012,price_adjustment,16.0707,4.8212,11.2495
RFD-002776,ORD-0036828,2025-10-28,2025-10-20,T-02,XBOX,P-040145,price_adjustment,5.0208,1.5063,3.5146
RFD-002777,ORD-0036837,2025-10-29,2025-10-21,T-02,XBOX,P-004226,partial_goodwill,6.236,1.8708,4.3652
RFD-002778,ORD-0036840,2025-10-24,2025-10-21,T-02,STEAM,P-043151,partial_goodwill,12.5244,3.7573,8.7671
RFD-002779,ORD-0036860,2025-11-30,2025-10-21,T-01,STEAM,P-004498,price_adjustment,24.505,7.3515,17.1535
RFD-002780,ORD-0036867,2025-11-11,2025-10-21,T-02,PSN,P-032372,player_request,24.9541,7.4862,17.4678
RFD-002781,ORD-0036868,2025-10-30,2025-10-21,T-02,NSW,P-016293,accidental_purchase,24.9541,7.4862,17.4678
RFD-002782,ORD-0036871,2025-10-23,2025-10-21,T-02,NSW,P-042514,accidental_purchase,29.4842,8.8453,20.6389
RFD-002783,ORD-0036876,2025-11-11,2025-10-21,T-02,EPIC,P-005357,accidental_purchase,8.6225,1.0347,7.5878
RFD-002784,ORD-0036889,2025-10-29,2025-10-21,T-02,XBOX,P-020060,price_adjustment,4.8524,1.4557,3.3967
RFD-002785,ORD-0036901,2025-10-29,2025-10-21,T-02,XBOX,P-039422,price_adjustment,2.8943,0.8683,2.026
RFD-002786,ORD-0036909,2025-11-04,2025-10-21,T-02,PSN,P-016076,accidental_purchase,33.18,9.954,23.226
RFD-002787,ORD-0036912,2025-11-07,2025-10-21,T-02,STEAM,P-035559,partial_goodwill,2.4536,0.7361,1.7175
RFD-002788,ORD-0036958,2025-10-25,2025-10-22,T-02,PSN,P-000148,price_adjustment,10.9125,3.2738,7.6388
RFD-002789,ORD-0036975,2025-10-30,2025-10-22,T-02,XBOX,P-024453,price_adjustment,1.621,0.4863,1.1347
RFD-002790,ORD-0036980,2025-11-08,2025-10-22,T-04,STEAM,P-020125,partial_goodwill,5.3441,1.6032,3.7408
RFD-002791,ORD-0037003,2025-12-01,2025-10-22,T-01,STEAM,P-021821,price_adjustment,25.1425,7.5428,17.5998
RFD-002792,ORD-0037016,2025-10-26,2025-10-23,T-02,NSW,P-042177,partial_goodwill,12.4828,3.7448,8.7379
RFD-002793,ORD-0037017,2025-11-25,2025-10-23,T-02,STEAM,P-002450,player_request,24.9757,7.4927,17.483
RFD-002794,ORD-0037035,2025-11-06,2025-10-23,T-01,XBOX,P-017694,platform_policy,10.0772,3.0232,7.054
RFD-002795,ORD-0037038,2025-11-09,2025-10-23,T-01,EPIC,P-026919,price_adjustment,12.9136,1.5496,11.364
RFD-002796,ORD-0037045,2025-11-21,2025-10-23,T-02,STEAM,P-023825,partial_goodwill,12.4828,3.7448,8.7379
RFD-002797,ORD-0037062,2026-01-02,2025-10-23,T-04,NSW,P-038351,accidental_purchase,28.227,8.4681,19.7589
RFD-002798,ORD-0037078,2025-10-28,2025-10-23,T-04,STEAM,P-018521,platform_policy,28.5813,8.5744,20.0069
RFD-002799,ORD-0037080,2025-12-10,2025-10-23,T-01,STEAM,P-007663,player_request,5.0258,1.5078,3.5181
RFD-002800,ORD-0037089,2025-11-09,2025-10-23,T-02,PSN,P-032124,partial_goodwill,2.4925,0.7477,1.7447
RFD-002801,ORD-0037104,2025-10-25,2025-10-23,T-01,EPIC,P-024801,platform_policy,9.6877,1.1625,8.5252
RFD-002802,ORD-0037118,2025-11-21,2025-10-23,T-01,EPIC,P-005157,price_adjustment,26.222,3.1466,23.0753
RFD-002803,ORD-0037121,2025-11-01,2025-10-23,T-01,STEAM,P-026839,player_request,10.2457,3.0737,7.172
RFD-002804,ORD-0037123,2025-10-31,2025-10-23,T-02,NSW,P-031102,price_adjustment,4.9849,1.4955,3.4895
RFD-002805,ORD-0037143,2025-11-09,2025-10-23,T-04,EPIC,P-027894,partial_goodwill,1.6753,0.201,1.4742
RFD-002806,ORD-0037148,2025-12-03,2025-10-24,T-01,STEAM,P-041627,price_adjustment,12.1065,3.6319,8.4745
RFD-002807,ORD-0037155,2025-10-27,2025-10-24,T-02,XBOX,P-011968,price_adjustment,7.6564,2.2969,5.3595
RFD-002808,ORD-0037159,2025-12-03,2025-10-24,T-01,PSN,P-041694,partial_goodwill,16.9739,5.0922,11.8817
RFD-002809,ORD-0037196,2025-12-11,2025-10-24,T-03,STEAM,P-003453,platform_policy,14.588,4.3764,10.2116
RFD-002810,ORD-0037202,2025-12-03,2025-10-24,T-01,PSN,P-042005,partial_goodwill,11.7047,3.5114,8.1933
RFD-002811,ORD-0037211,2025-10-26,2025-10-24,T-02,EPIC,P-039191,platform_policy,24.58,2.9496,21.6304
RFD-002812,ORD-0037219,2025-11-01,2025-10-24,T-02,PSN,P-000970,partial_goodwill,8.2717,2.4815,5.7902
RFD-002813,ORD-0037225,2025-11-22,2025-10-24,T-01,EPIC,P-011018,price_adjustment,16.9739,2.0369,14.937
RFD-002814,ORD-0037230,2025-12-03,2025-10-24,T-02,PSN,P-022910,price_adjustment,12.2891,3.6867,8.6024
RFD-002815,ORD-0037291,2025-11-02,2025-10-24,T-03,STEAM,P-003482,accidental_purchase,15.2416,4.5725,10.6692
RFD-002816,ORD-0037300,2025-10-27,2025-10-24,T-04,PSN,P-000393,price_adjustment,20.092,6.0276,14.0644
RFD-002817,ORD-0037308,2025-11-07,2025-10-24,T-02,STEAM,P-041408,accidental_purchase,25.0611,7.5183,17.5428
RFD-002818,ORD-0037358,2025-11-11,2025-10-25,T-01,NSW,P-029149,partial_goodwill,13.315,3.9945,9.3205
RFD-002819,ORD-0037360,2025-11-15,2025-10-25,T-02,STEAM,P-039257,accidental_purchase,8.5927,2.5778,6.0149
RFD-002820,ORD-0037424,2025-11-15,2025-10-25,T-02,PSN,P-040210,platform_policy,10.0142,3.0043,7.0099
RFD-002821,ORD-0037449,2025-11-03,2025-10-25,T-03,STEAM,P-028387,platform_policy,14.588,4.3764,10.2116
RFD-002822,ORD-0037479,2026-01-05,2025-10-26,T-01,NSW,P-016190,player_request,28.2898,8.4869,19.8029
RFD-002823,ORD-0037486,2025-10-28,2025-10-26,T-03,STEAM,P-020742,platform_policy,14.5583,4.3675,10.1908
RFD-002824,ORD-0037488,2025-11-09,2025-10-26,T-01,STEAM,P-000923,platform_policy,9.6471,2.8941,6.753
RFD-002825,ORD-0037497,2025-11-12,2025-10-26,T-04,XBOX,P-036197,price_adjustment,10.8316,3.2495,7.5821
RFD-002826,ORD-0037525,2025-10-29,2025-10-26,T-03,STEAM,P-039375,partial_goodwill,5.0327,1.5098,3.5229
RFD-002827,ORD-0037526,2025-11-12,2025-10-26,T-04,STEAM,P-030367,price_adjustment,15.3441,4.6032,10.7409
RFD-002828,ORD-0037529,2025-11-03,2025-10-26,T-01,PSN,P-035612,partial_goodwill,16.6244,4.9873,11.637
RFD-002829,ORD-0037552,2025-12-05,2025-10-26,T-03,STEAM,P-016004,partial_goodwill,6.355,1.9065,4.4485
RFD-002830,ORD-0037574,2025-11-24,2025-10-26,T-01,STEAM,P-009845,partial_goodwill,9.0097,2.7029,6.3068
RFD-002831,ORD-0037575,2025-11-09,2025-10-26,T-04,XBOX,P-004313,accidental_purchase,28.1395,8.4419,19.6977
RFD-002832,ORD-0037580,2025-11-09,2025-10-26,T-04,XBOX,P-015870,player_request,61.3766,18.413,42.9636
RFD-002833,ORD-0037581,2025-10-29,2025-10-26,T-01,STEAM,P-030615,partial_goodwill,29.0517,8.7155,20.3362
RFD-002834,ORD-0037592,2025-11-24,2025-10-26,T-01,STEAM,P-041234,partial_goodwill,15.9355,4.7807,11.1549
RFD-002835,ORD-0037595,2025-11-03,2025-10-26,T-04,STEAM,P-000329,partial_goodwill,2.3684,0.7105,1.6579
RFD-002836,ORD-0037604,2025-11-12,2025-10-26,T-01,XBOX,P-014828,price_adjustment,2.3395,0.7019,1.6377
RFD-002837,ORD-0037608,2025-11-16,2025-10-26,T-01,PSN,P-017263,player_request,46.8188,14.0456,32.7732
RFD-002838,ORD-0037623,2025-11-09,2025-10-26,T-02,STEAM,P-001893,platform_policy,4.9079,1.4724,3.4355
RFD-002839,ORD-0037624,2025-10-31,2025-10-26,T-02,PSN,P-005775,platform_policy,25.0611,7.5183,17.5428
RFD-002840,ORD-0037645,2025-12-05,2025-10-26,T-01,PSN,P-039945,partial_goodwill,3.3927,1.0178,2.3749
RFD-002841,ORD-0037686,2025-10-29,2025-10-26,T-03,XBOX,P-004701,price_adjustment,2.424,0.7272,1.6968
RFD-002842,ORD-0037710,2025-11-03,2025-10-26,T-04,STEAM,P-028269,partial_goodwill,14.2307,4.2692,9.9615
RFD-002843,ORD-0037723,2025-12-13,2025-10-26,T-04,EPIC,P-031343,platform_policy,37.9452,4.5534,33.3918
RFD-002844,ORD-0037728,2025-11-28,2025-10-26,T-02,STEAM,P-039178,accidental_purchase,15.0059,4.5018,10.5041
RFD-002845,ORD-0037734,2025-10-29,2025-10-26,T-02,XBOX,P-029081,price_adjustment,14.4421,4.3326,10.1095
RFD-002846,ORD-0037739,2025-12-05,2025-10-26,T-02,PSN,P-016534,price_adjustment,4.6945,1.4083,3.2861
RFD-002847,ORD-0037742,2025-11-03,2025-10-26,T-01,NSW,P-026460,partial_goodwill,4.8387,1.4516,3.3871
RFD-002848,ORD-0037743,2025-12-05,2025-10-26,T-01,PSN,P-041065,partial_goodwill,8.1945,2.4584,5.7362
RFD-002849,ORD-0037748,2025-10-29,2025-10-26,T-01,STEAM,P-005065,partial_goodwill,2.3378,0.7013,1.6364
RFD-002850,ORD-0037754,2025-11-04,2025-10-27,T-04,STEAM,P-001443,price_adjustment,10.0784,3.0235,7.0548
RFD-002851,ORD-0037760,2025-11-13,2025-10-27,T-02,PSN,P-044712,partial_goodwill,11.1086,3.3326,7.776
RFD-002852,ORD-0037761,2025-11-01,2025-10-27,T-01,PSN,P-015407,platform_policy,16.3288,4.8986,11.4302
RFD-002853,ORD-0037776,2025-11-04,2025-10-27,T-02,NSW,P-039751,price_adjustment,12.1761,3.6528,8.5233
RFD-002854,ORD-0037778,2025-11-25,2025-10-27,T-01,PSN,P-012071,price_adjustment,24.0572,7.2171,16.84
RFD-002855,ORD-0037780,2025-10-30,2025-10-27,T-04,STEAM,P-019845,price_adjustment,5.0902,1.5271,3.5631
RFD-002856,ORD-0037788,2025-11-04,2025-10-27,T-02,PSN,P-013581,price_adjustment,2.4644,0.7393,1.725
RFD-002857,ORD-0037806,2025-10-29,2025-10-27,T-01,STEAM,P-005991,player_request,48.1143,14.4343,33.68
RFD-002858,ORD-0037809,2025-10-30,2025-10-27,T-02,PSN,P-005074,price_adjustment,8.4443,2.5333,5.911
RFD-002859,ORD-0037810,2025-11-29,2025-10-27,T-03,STEAM,P-016474,platform_policy,15.1685,4.5506,10.618
RFD-002860,ORD-0037832,2025-11-05,2025-10-27,T-01,STEAM,P-039030,platform_policy,10.2212,3.0663,7.1548
RFD-002861,ORD-0037834,2026-01-06,2025-10-27,T-04,STEAM,P-008969,player_request,57.4902,17.2471,40.2431
RFD-002862,ORD-0037838,2025-12-06,2025-10-27,T-02,STEAM,P-015443,partial_goodwill,1.2445,0.3733,0.8711
RFD-002863,ORD-0037874,2025-11-30,2025-10-28,T-02,STEAM,P-029861,player_request,25.0038,7.5011,17.5027
RFD-002864,ORD-0037900,2025-11-26,2025-10-28,T-03,STEAM,P-034775,partial_goodwill,9.6888,2.9066,6.7822
RFD-002865,ORD-0037914,2025-11-11,2025-10-28,T-01,STEAM,P-023322,platform_policy,4.7987,1.4396,3.3591
RFD-002866,ORD-0037916,2025-11-05,2025-10-28,T-01,STEAM,P-010480,price_adjustment,23.3162,6.9949,16.3213
RFD-002867,ORD-0037924,2025-11-14,2025-10-28,T-01,STEAM,P-028881,partial_goodwill,25.6583,7.6975,17.9608
RFD-002868,ORD-0037929,2026-01-07,2025-10-28,T-02,XBOX,P-030321,platform_policy,41.3783,12.4135,28.9648
RFD-002869,ORD-0037937,2025-10-31,2025-10-28,T-01,STEAM,P-032930,partial_goodwill,15.6262,4.6878,10.9383
RFD-002870,ORD-0037968,2025-12-07,2025-10-28,T-02,PSN,P-010489,price_adjustment,17.0292,5.1087,11.9204
RFD-002871,ORD-0037979,2025-12-07,2025-10-28,T-01,XBOX,P-010635,partial_goodwill,48.4031,14.5209,33.8822
RFD-002872,ORD-0038003,2025-11-27,2025-10-29,T-02,PSN,P-027833,partial_goodwill,8.2642,2.4793,5.7849
RFD-002873,ORD-0038016,2025-11-06,2025-10-29,T-02,PSN,P-033464,price_adjustment,11.5616,3.4685,8.0932
RFD-002874,ORD-0038026,2025-11-01,2025-10-29,T-02,STEAM,P-016680,partial_goodwill,12.4695,3.7408,8.7286
RFD-002875,ORD-0038041,2025-12-01,2025-10-29,T-03,XBOX,P-016653,platform_policy,5.0627,1.5188,3.5439
RFD-002876,ORD-0038050,2025-11-01,2025-10-29,T-01,STEAM,P-005957,partial_goodwill,8.1328,2.4398,5.6929
RFD-002877,ORD-0038073,2025-11-01,2025-10-29,T-02,PSN,P-024953,partial_goodwill,6.257,1.8771,4.3799
RFD-002878,ORD-0038075,2025-11-06,2025-10-29,T-03,STEAM,P-016438,price_adjustment,7.4988,2.2496,5.2492
RFD-002879,ORD-0038079,2025-12-08,2025-10-29,T-04,PSN,P-037901,partial_goodwill,9.216,2.7648,6.4512
RFD-002880,ORD-0038091,2025-11-01,2025-10-29,T-01,STEAM,P-027201,partial_goodwill,14.132,4.2396,9.8924
RFD-002881,ORD-0038110,2025-12-08,2025-10-29,T-01,STEAM,P-039307,price_adjustment,11.9683,3.5905,8.3778
RFD-002882,ORD-0038134,2025-11-13,2025-10-30,T-03,PSN,P-021484,platform_policy,14.4558,4.3367,10.1191
RFD-002883,ORD-0038138,2025-11-02,2025-10-30,T-02,PSN,P-013557,price_adjustment,22.5828,6.7748,15.808
RFD-002884,ORD-0038148,2025-11-20,2025-10-30,T-04,PSN,P-025420,player_request,5.1143,1.5343,3.58
RFD-002885,ORD-0038157,2025-12-17,2025-10-30,T-03,PSN,P-006363,platform_policy,5.3505,1.6051,3.7453
RFD-002886,ORD-0038178,2025-11-28,2025-10-30,T-01,STEAM,P-019543,partial_goodwill,4.0693,1.2208,2.8485
RFD-002887,ORD-0038179,2025-11-16,2025-10-30,T-01,PSN,P-017743,partial_goodwill,20.4057,6.1217,14.284
RFD-002888,ORD-0038195,2025-11-01,2025-10-30,T-04,XBOX,P-032249,player_request,41.5097,12.4529,29.0568
RFD-002889,ORD-0038199,2025-11-16,2025-10-30,T-01,XBOX,P-023876,partial_goodwill,2.5385,0.7615,1.7769
RFD-002890,ORD-0038230,2025-11-08,2025-10-31,T-03,EPIC,P-035411,partial_goodwill,2.5448,0.3054,2.2394
RFD-002891,ORD-0038278,2025-11-02,2025-10-31,T-04,PSN,P-018692,player_request,41.5765,12.4729,29.1035
RFD-002892,ORD-0038285,2026-01-10,2025-10-31,T-01,STEAM,P-039131,accidental_purchase,33.7132,10.114,23.5992
RFD-002893,ORD-0038289,2026-01-10,2025-10-31,T-04,EPIC,P-004423,accidental_purchase,28.3793,3.4055,24.9738
RFD-002894,ORD-0038299,2025-11-29,2025-10-31,T-02,XBOX,P-011582,partial_goodwill,4.3177,1.2953,3.0224
RFD-002895,ORD-0038305,2025-11-29,2025-10-31,T-02,STEAM,P-029184,partial_goodwill,9.3141,2.7942,6.5198
RFD-002896,ORD-0038315,2026-01-11,2025-11-01,T-01,XBOX,P-038133,player_request,10.317,3.0951,7.2219
RFD-002897,ORD-0038329,2025-11-03,2025-11-01,T-04,PSN,P-031597,player_request,41.0519,12.3156,28.7363
RFD-002898,ORD-0038339,2025-12-19,2025-11-01,T-02,PSN,P-042037,platform_policy,8.8049,2.6415,6.1634
RFD-002899,ORD-0038344,2025-11-09,2025-11-01,T-04,XBOX,P-011055,price_adjustment,7.1355,2.1407,4.9949
RFD-002900,ORD-0038353,2025-11-30,2025-11-01,T-02,STEAM,P-024416,partial_goodwill,1.6067,0.482,1.1247
RFD-002901,ORD-0038355,2025-11-09,2025-11-01,T-03,XBOX,P-029521,partial_goodwill,6.4355,1.9306,4.5048
RFD-002902,ORD-0038364,2025-11-22,2025-11-01,T-01,PSN,P-029237,platform_policy,51.626,15.4878,36.1382
RFD-002903,ORD-0038390,2025-11-30,2025-11-01,T-04,STEAM,P-001908,price_adjustment,14.271,4.2813,9.9897
RFD-002904,ORD-0038394,2025-11-09,2025-11-01,T-01,PSN,P-044704,price_adjustment,3.6034,1.081,2.5224
RFD-002905,ORD-0038395,2025-11-22,2025-11-01,T-01,PSN,P-034411,player_request,48.0463,14.4139,33.6324
RFD-002906,ORD-0038408,2025-11-30,2025-11-01,T-03,PSN,P-043901,partial_goodwill,2.4226,0.7268,1.6958
RFD-002907,ORD-0038428,2025-11-18,2025-11-01,T-01,PSN,P-037854,partial_goodwill,22.9998,6.8999,16.0998
RFD-002908,ORD-0038444,2025-12-04,2025-11-01,T-01,PSN,P-032466,platform_policy,51.626,15.4878,36.1382
RFD-002909,ORD-0038504,2025-11-30,2025-11-01,T-04,EPIC,P-040812,price_adjustment,10.1627,1.2195,8.9432
RFD-002910,ORD-0038508,2025-11-18,2025-11-01,T-02,PSN,P-002401,partial_goodwill,3.7647,1.1294,2.6353
RFD-002911,ORD-0038518,2025-11-09,2025-11-01,T-02,EPIC,P-019393,price_adjustment,6.2231,0.7468,5.4763
RFD-002912,ORD-0038519,2025-11-22,2025-11-01,T-02,PSN,P-026796,accidental_purchase,9.7484,2.9245,6.8239
RFD-002913,ORD-0038528,2025-12-11,2025-11-01,T-03,STEAM,P-032124,price_adjustment,7.6426,2.2928,5.3498
RFD-002914,ORD-0038545,2025-12-11,2025-11-01,T-02,XBOX,P-004005,price_adjustment,17.05,5.115,11.935
RFD-002915,ORD-0038560,2025-11-19,2025-11-02,T-01,STEAM,P-013490,price_adjustment,6.3518,1.9055,4.4462
RFD-002916,ORD-0038569,2025-12-01,2025-11-02,T-02,PSN,P-027745,price_adjustment,12.1916,3.6575,8.5341
RFD-002917,ORD-0038582,2025-11-10,2025-11-02,T-03,EPIC,P-038837,price_adjustment,4.8938,0.5873,4.3065
RFD-002918,ORD-0038585,2025-11-19,2025-11-02,T-01,PSN,P-036710,partial_goodwill,3.597,1.0791,2.5179
RFD-002919,ORD-0038598,2025-12-20,2025-11-02,T-02,PSN,P-034072,platform_policy,10.0495,3.0149,7.0347
RFD-002920,ORD-0038602,2025-12-05,2025-11-02,T-03,STEAM,P-020076,platform_policy,19.5652,5.8696,13.6957
RFD-002921,ORD-0038613,2025-11-07,2025-11-02,T-02,XBOX,P-024252,platform_policy,4.869,1.4607,3.4083
RFD-002922,ORD-0038627,2025-12-01,2025-11-02,T-03,PSN,P-026220,partial_goodwill,3.3636,1.0091,2.3545
RFD-002923,ORD-0038644,2025-11-05,2025-11-02,T-01,PSN,P-001129,price_adjustment,5.9659,1.7898,4.1762
RFD-002924,ORD-0038648,2025-11-10,2025-11-02,T-02,XBOX,P-036021,partial_goodwill,11.613,3.4839,8.1291
RFD-002925,ORD-0038672,2025-11-11,2025-11-02,T-04,PSN,P-036435,player_request,4.6454,1.3936,3.2518
RFD-002926,ORD-0038674,2025-11-10,2025-11-02,T-01,PSN,P-035871,partial_goodwill,1.2858,0.3857,0.9
RFD-002927,ORD-0038684,2025-12-05,2025-11-02,T-03,PSN,P-032955,platform_policy,15.5526,4.6658,10.8868
RFD-002928,ORD-0038689,2025-11-10,2025-11-02,T-04,XBOX,P-011640,price_adjustment,2.3769,0.7131,1.6638
RFD-002929,ORD-0038707,2025-11-19,2025-11-02,T-01,PSN,P-005689,price_adjustment,25.8079,7.7424,18.0655
RFD-002930,ORD-0038721,2025-11-04,2025-11-02,T-03,EPIC,P-019100,platform_policy,10.1935,1.2232,8.9703
RFD-002931,ORD-0038765,2025-11-20,2025-11-03,T-01,XBOX,P-041349,partial_goodwill,1.1545,0.3464,0.8082
RFD-002932,ORD-0038770,2025-11-06,2025-11-03,T-03,STEAM,P-018479,partial_goodwill,10.3194,3.0958,7.2236
RFD-002933,ORD-0038775,2025-11-08,2025-11-03,T-04,STEAM,P-010330,accidental_purchase,47.3218,14.1965,33.1253
RFD-002934,ORD-0038790,2025-11-05,2025-11-03,T-02,STEAM,P-032451,platform_policy,24.2783,7.2835,16.9948
RFD-002935,ORD-0038793,2025-12-06,2025-11-03,T-04,STEAM,P-009954,platform_policy,5.1186,1.5356,3.583
RFD-002936,ORD-0038794,2025-12-21,2025-11-03,T-02,STEAM,P-033791,platform_policy,32.7791,9.8337,22.9454
RFD-002937,ORD-0038796,2025-11-12,2025-11-03,T-02,STEAM,P-024937,platform_policy,32.7791,9.8337,22.9454
RFD-002938,ORD-0038800,2025-11-17,2025-11-03,T-02,PSN,P-001594,player_request,9.7373,2.9212,6.8161
RFD-002939,ORD-0038803,2025-12-02,2025-11-03,T-03,STEAM,P-022128,partial_goodwill,6.3965,1.9189,4.4775
RFD-002940,ORD-0038807,2025-11-05,2025-11-03,T-04,XBOX,P-027255,platform_policy,9.5558,2.8667,6.689
RFD-002941,ORD-0038854,2025-11-07,2025-11-04,T-04,NSW,P-019147,partial_goodwill,3.0504,0.9151,2.1353
RFD-002942,ORD-0038861,2025-12-07,2025-11-04,T-02,STEAM,P-012880,accidental_purchase,49.8387,14.9516,34.8871
RFD-002943,ORD-0038872,2025-12-07,2025-11-04,T-04,XBOX,P-010176,player_request,23.1082,6.9324,16.1757
RFD-002944,ORD-0038874,2025-11-07,2025-11-04,T-03,STEAM,P-041913,partial_goodwill,10.3586,3.1076,7.251
RFD-002945,ORD-0038897,2025-11-25,2025-11-04,T-01,XBOX,P-036023,platform_policy,48.3712,14.5114,33.8598
RFD-002946,ORD-0038904,2025-11-21,2025-11-04,T-04,PSN,P-022225,price_adjustment,7.7277,2.3183,5.4094
RFD-002947,ORD-0038911,2025-11-21,2025-11-04,T-04,STEAM,P-006330,price_adjustment,30.8901,9.267,21.623
RFD-002948,ORD-0038915,2025-11-07,2025-11-04,T-01,PSN,P-016375,partial_goodwill,1.7024,0.5107,1.1917
RFD-002949,ORD-0038931,2025-11-21,2025-11-04,T-01,NSW,P-033889,partial_goodwill,15.2382,4.5715,10.6667
RFD-002950,ORD-0038937,2025-11-06,2025-11-04,T-01,PSN,P-031789,player_request,50.3765,15.113,35.2636
RFD-002951,ORD-0038952,2025-11-18,2025-11-04,T-02,PSN,P-014344,player_request,14.7011,4.4103,10.2908
RFD-002952,ORD-0038953,2025-12-03,2025-11-04,T-02,STEAM,P-014757,partial_goodwill,8.0789,2.4237,5.6552
RFD-002953,ORD-0038968,2025-11-12,2025-11-04,T-02,STEAM,P-009893,partial_goodwill,11.6483,3.4945,8.1538
RFD-002954,ORD-0038972,2025-11-06,2025-11-04,T-01,PSN,P-035572,platform_policy,51.7826,15.5348,36.2478
RFD-002955,ORD-0039004,2025-11-08,2025-11-05,T-01,PSN,P-024248,partial_goodwill,2.5175,0.7552,1.7622
RFD-002956,ORD-0039009,2025-12-15,2025-11-05,T-01,EPIC,P-035694,partial_goodwill,31.9203,3.8304,28.0899
RFD-002957,ORD-0039018,2025-11-07,2025-11-05,T-01,STEAM,P-040878,platform_policy,51.8426,15.5528,36.2898
RFD-002958,ORD-0039019,2025-11-13,2025-11-05,T-03,STEAM,P-029425,price_adjustment,1.2808,0.3842,0.8966
RFD-002959,ORD-0039020,2025-11-08,2025-11-05,T-01,XBOX,P-001822,price_adjustment,4.8259,1.4478,3.3781
RFD-002960,ORD-0039031,2025-12-15,2025-11-05,T-01,PSN,P-034944,partial_goodwill,15.9601,4.788,11.1721
RFD-002961,ORD-0039041,2025-12-04,2025-11-05,T-01,PSN,P-040095,price_adjustment,24.0763,7.2229,16.8534
RFD-002962,ORD-0039045,2025-11-26,2025-11-05,T-01,STEAM,P-023364,platform_policy,62.2028,18.6608,43.542
RFD-002963,ORD-0039052,2025-11-22,2025-11-05,T-04,PSN,P-015789,price_adjustment,1.2396,0.3719,0.8677
RFD-002964,ORD-0039081,2025-12-15,2025-11-05,T-04,STEAM,P-032820,partial_goodwill,13.6917,4.1075,9.5842
RFD-002965,ORD-0039094,2025-11-10,2025-11-05,T-01,PSN,P-035831,platform_policy,16.9315,5.0794,11.852
RFD-002966,ORD-0039119,2025-12-09,2025-11-06,T-01,STEAM,P-036272,player_request,51.7242,15.5172,36.2069
RFD-002967,ORD-0039125,2025-11-09,2025-11-06,T-01,NSW,P-019945,price_adjustment,12.6153,3.7846,8.8307
RFD-002968,ORD-0039143,2025-12-16,2025-11-06,T-02,STEAM,P-021791,price_adjustment,2.4493,0.7348,1.7145
RFD-002969,ORD-0039153,2025-11-23,2025-11-06,T-01,STEAM,P-043240,partial_goodwill,32.7221,9.8166,22.9054
RFD-002970,ORD-0039195,2025-12-16,2025-11-06,T-03,PSN,P-007559,partial_goodwill,2.5558,0.7667,1.7891
RFD-002971,ORD-0039201,2025-12-16,2025-11-06,T-03,PSN,P-016053,price_adjustment,7.1821,2.1546,5.0275
RFD-002972,ORD-0039203,2025-11-15,2025-11-06,T-03,PSN,P-035623,platform_policy,20.6938,6.2081,14.4856
RFD-002973,ORD-0039225,2025-12-16,2025-11-06,T-01,STEAM,P-031289,price_adjustment,16.6502,4.9951,11.6551
RFD-002974,ORD-0039230,2025-12-16,2025-11-06,T-01,STEAM,P-028431,partial_goodwill,12.702,3.8106,8.8914
RFD-002975,ORD-0039231,2025-11-09,2025-11-06,T-04,STEAM,P-005190,price_adjustment,7.7189,2.3157,5.4033
RFD-002976,ORD-0039247,2025-12-05,2025-11-06,T-01,EPIC,P-040079,price_adjustment,25.8569,3.1028,22.7541
RFD-002977,ORD-0039252,2025-12-09,2025-11-06,T-02,STEAM,P-021739,platform_policy,4.8425,1.4528,3.3898
RFD-002978,ORD-0039263,2025-11-09,2025-11-06,T-01,PSN,P-004179,partial_goodwill,5.1631,1.5489,3.6142
RFD-002979,ORD-0039267,2025-11-11,2025-11-06,T-01,XBOX,P-023278,platform_policy,62.0607,18.6182,43.4425
RFD-002980,ORD-0039294,2025-11-21,2025-11-07,T-01,STEAM,P-010312,platform_policy,17.0175,5.1053,11.9123
RFD-002981,ORD-0039302,2025-11-10,2025-11-07,T-01,XBOX,P-042099,partial_goodwill,3.2062,0.9619,2.2443
RFD-002982,ORD-0039304,2025-11-24,2025-11-07,T-01,PSN,P-029917,partial_goodwill,3.17,0.951,2.219
RFD-002983,ORD-0039318,2025-12-17,2025-11-07,T-01,STEAM,P-039007,partial_goodwill,12.9797,3.8939,9.0858
RFD-002984,ORD-0039336,2025-11-16,2025-11-07,T-02,STEAM,P-021024,accidental_purchase,10.1045,3.0314,7.0732
RFD-002985,ORD-0039347,2025-11-28,2025-11-07,T-03,PSN,P-030946,player_request,34.2612,10.2783,23.9828
RFD-002986,ORD-0039353,2025-11-24,2025-11-07,T-03,PSN,P-016948,price_adjustment,1.6557,0.4967,1.159
RFD-002987,ORD-0039366,2025-11-15,2025-11-07,T-03,PSN,P-008184,price_adjustment,4.8504,1.4551,3.3953
RFD-002988,ORD-0039372,2025-11-12,2025-11-07,T-01,EPIC,P-025541,player_request,67.4636,8.0956,59.368
RFD-002989,ORD-0039395,2025-12-10,2025-11-07,T-02,XBOX,P-019523,accidental_purchase,9.7906,2.9372,6.8534
RFD-002990,ORD-0039400,2025-12-10,2025-11-07,T-01,NSW,P-021345,accidental_purchase,57.0902,17.127,39.9631
RFD-002991,ORD-0039415,2025-11-10,2025-11-07,T-02,STEAM,P-023303,price_adjustment,2.456,0.7368,1.7192
RFD-002992,ORD-0039419,2025-11-10,2025-11-07,T-02,PSN,P-020725,partial_goodwill,8.5325,2.5597,5.9727
RFD-002993,ORD-0039432,2025-11-28,2025-11-07,T-01,XBOX,P-003582,accidental_purchase,18.1716,5.4515,12.7201
RFD-002994,ORD-0039434,2026-01-17,2025-11-07,T-01,PSN,P-015221,player_request,5.0162,1.5049,3.5114
RFD-002995,ORD-0039438,2025-11-15,2025-11-07,T-04,STEAM,P-003852,price_adjustment,2.4995,0.7498,1.7496
RFD-002996,ORD-0039439,2025-11-24,2025-11-07,T-02,NSW,P-042304,partial_goodwill,2.8465,0.854,1.9926
RFD-002997,ORD-0039443,2025-12-17,2025-11-07,T-03,NSW,P-025735,partial_goodwill,1.7188,0.5156,1.2031
RFD-002998,ORD-0039457,2025-11-24,2025-11-07,T-01,STEAM,P-031120,partial_goodwill,3.3102,0.9931,2.3171
RFD-002999,ORD-0039483,2025-11-24,2025-11-07,T-02,EPIC,P-006124,partial_goodwill,17.2128,2.0655,15.1473
RFD-003000,ORD-0039496,2025-11-16,2025-11-07,T-02,PSN,P-002270,player_request,9.8344,2.9503,6.8841
RFD-003001,ORD-0039509,2025-11-25,2025-11-08,T-03,XBOX,P-040780,partial_goodwill,3.9094,1.1728,2.7366
RFD-003002,ORD-0039539,2025-12-11,2025-11-08,T-04,PSN,P-005904,platform_policy,10.3114,3.0934,7.218
RFD-003003,ORD-0039562,2025-11-10,2025-11-08,T-04,STEAM,P-004357,accidental_purchase,9.5122,2.8537,6.6585
RFD-003004,ORD-0039565,2025-11-25,2025-11-08,T-02,XBOX,P-008861,partial_goodwill,15.162,4.5486,10.6134
RFD-003005,ORD-0039575,2025-11-17,2025-11-08,T-01,PSN,P-000979,player_request,52.8673,15.8602,37.0071
RFD-003006,ORD-0039586,2025-11-11,2025-11-08,T-01,STEAM,P-040764,price_adjustment,12.0173,3.6052,8.4121
RFD-003007,ORD-0039587,2025-11-17,2025-11-08,T-03,STEAM,P-002963,player_request,15.3792,4.6138,10.7654
RFD-003008,ORD-0039588,2025-12-18,2025-11-08,T-02,XBOX,P-020062,partial_goodwill,2.5236,0.7571,1.7665
RFD-003009,ORD-0039600,2025-11-10,2025-11-08,T-01,STEAM,P-041236,player_request,64.8966,19.469,45.4276
RFD-003010,ORD-0039638,2025-11-25,2025-11-08,T-04,XBOX,P-025999,partial_goodwill,4.7561,1.4268,3.3293
RFD-003011,ORD-0039678,2025-11-25,2025-11-08,T-01,EPIC,P-027651,price_adjustment,2.5856,0.3103,2.2753
RFD-003012,ORD-0039682,2025-12-18,2025-11-08,T-02,STEAM,P-008112,price_adjustment,4.9223,1.4767,3.4456
RFD-003013,ORD-0039683,2025-11-16,2025-11-08,T-01,EPIC,P-022697,price_adjustment,1.6031,0.1924,1.4107
RFD-003014,ORD-0039696,2026-01-18,2025-11-08,T-01,PSN,P-026183,accidental_purchase,18.1716,5.4515,12.7201
RFD-003015,ORD-0039710,2025-11-17,2025-11-08,T-03,PSN,P-043058,player_request,15.3688,4.6107,10.7582
RFD-003016,ORD-0039767,2025-11-25,2025-11-08,T-01,PSN,P-010935,partial_goodwill,15.547,4.6641,10.8829
RFD-003017,ORD-0039768,2025-11-25,2025-11-08,T-03,NSW,P-000895,partial_goodwill,3.8474,1.1542,2.6932
RFD-003018,ORD-0039777,2025-12-27,2025-11-09,T-01,EPIC,P-020240,player_request,18.1716,2.1806,15.991
RFD-003019,ORD-0039782,2025-12-19,2025-11-09,T-02,STEAM,P-035898,price_adjustment,3.7853,1.1356,2.6497
RFD-003020,ORD-0039783,2025-11-12,2025-11-09,T-02,PSN,P-024760,price_adjustment,2.4177,0.7253,1.6924
RFD-003021,ORD-0039800,2025-11-30,2025-11-09,T-04,STEAM,P-002849,player_request,10.0297,3.0089,7.0208
RFD-003022,ORD-0039809,2025-11-17,2025-11-09,T-02,XBOX,P-020798,price_adjustment,12.928,3.8784,9.0496
RFD-003023,ORD-0039831,2026-01-19,2025-11-09,T-03,STEAM,P-018998,accidental_purchase,29.3696,8.8109,20.5587
RFD-003024,ORD-0039838,2025-12-08,2025-11-09,T-01,XBOX,P-018558,partial_goodwill,5.1816,1.5545,3.6271
RFD-003025,ORD-0039839,2025-11-26,2025-11-09,T-01,STEAM,P-030270,price_adjustment,19.9249,5.9775,13.9474
RFD-003026,ORD-0039860,2025-11-11,2025-11-09,T-02,EPIC,P-011722,player_request,24.8526,2.9823,21.8703
RFD-003027,ORD-0039881,2025-11-18,2025-11-09,T-04,PSN,P-034888,accidental_purchase,41.2663,12.3799,28.8864
RFD-003028,ORD-0039916,2025-12-08,2025-11-09,T-01,PSN,P-035886,price_adjustment,3.7685,1.1306,2.638
RFD-003029,ORD-0039969,2025-11-17,2025-11-09,T-03,PSN,P-007644,partial_goodwill,1.6858,0.5057,1.1801
RFD-003030,ORD-0039971,2025-11-11,2025-11-09,T-03,STEAM,P-025812,player_request,14.8323,4.4497,10.3826
RFD-003031,ORD-0039975,2025-11-17,2025-11-09,T-02,STEAM,P-010841,partial_goodwill,8.8428,2.6528,6.1899
RFD-003032,ORD-0040000,2025-12-08,2025-11-09,T-03,STEAM,P-002937,partial_goodwill,3.382,1.0146,2.3674
RFD-003033,ORD-0040007,2025-11-11,2025-11-09,T-02,STEAM,P-044157,platform_policy,29.5135,8.8541,20.6595
RFD-003034,ORD-0040014,2025-11-26,2025-11-09,T-03,STEAM,P-043268,price_adjustment,1.3445,0.4034,0.9412
RFD-003035,ORD-0040016,2025-12-08,2025-11-09,T-03,EPIC,P-012526,partial_goodwill,6.7639,0.8117,5.9523
RFD-003036,ORD-0040027,2025-11-17,2025-11-09,T-02,STEAM,P-029941,price_adjustment,8.2014,2.4604,5.741
RFD-003037,ORD-0040075,2025-12-09,2025-11-10,T-01,EPIC,P-026453,price_adjustment,5.182,0.6218,4.5601
RFD-003038,ORD-0040089,2025-11-24,2025-11-10,T-04,XBOX,P-011349,player_request,30.9678,9.2903,21.6774
RFD-003039,ORD-0040110,2026-01-20,2025-11-10,T-03,STEAM,P-005399,player_request,36.1498,10.8449,25.3048
RFD-003040,ORD-0040119,2025-12-09,2025-11-10,T-01,STEAM,P-016663,partial_goodwill,16.0965,4.829,11.2676
RFD-003041,ORD-0040120,2025-12-13,2025-11-10,T-02,STEAM,P-037438,accidental_purchase,24.6861,7.4058,17.2803
RFD-003042,ORD-0040138,2026-01-20,2025-11-10,T-04,STEAM,P-014277,player_request,28.7489,8.6247,20.1243
RFD-003043,ORD-0040139,2025-11-27,2025-11-10,T-04,PSN,P-037119,price_adjustment,14.8202,4.4461,10.3742
RFD-003044,ORD-0040147,2025-11-19,2025-11-10,T-02,EPIC,P-005278,accidental_purchase,8.4842,1.0181,7.4661
RFD-003045,ORD-0040183,2025-12-21,2025-11-11,T-03,EPIC,P-033520,price_adjustment,1.2683,0.1522,1.1161
RFD-003046,ORD-0040186,2026-01-21,2025-11-11,T-03,EPIC,P-016740,player_request,5.1937,0.6232,4.5705
RFD-003047,ORD-0040187,2025-12-21,2025-11-11,T-01,STEAM,P-022485,partial_goodwill,2.439,0.7317,1.7073
RFD-003048,ORD-0040193,2025-12-14,2025-11-11,T-01,PSN,P-029453,platform_policy,104.215,31.2645,72.9505
RFD-003049,ORD-0040211,2026-01-21,2025-11-11,T-01,PSN,P-037772,player_request,52.1075,15.6323,36.4753
RFD-003050,ORD-0040223,2025-11-25,2025-11-11,T-04,PSN,P-002049,platform_policy,4.7453,1.4236,3.3217
RFD-003051,ORD-0040230,2025-12-29,2025-11-11,T-01,STEAM,P-011134,platform_policy,72.9235,21.8771,51.0465
RFD-003052,ORD-0040238,2025-11-13,2025-11-11,T-04,PSN,P-017983,accidental_purchase,41.9642,12.5893,29.375
RFD-003053,ORD-0040302,2025-12-22,2025-11-12,T-01,PSN,P-005708,partial_goodwill,4.863,1.4589,3.4041
RFD-003054,ORD-0040310,2025-11-15,2025-11-12,T-01,STEAM,P-023895,partial_goodwill,30.5174,9.1552,21.3622
RFD-003055,ORD-0040329,2025-11-29,2025-11-12,T-04,STEAM,P-016524,partial_goodwill,2.7113,0.8134,1.8979
RFD-003056,ORD-0040330,2025-11-20,2025-11-12,T-04,STEAM,P-020688,partial_goodwill,9.0342,2.7102,6.3239
RFD-003057,ORD-0040339,2025-11-15,2025-11-12,T-02,STEAM,P-027333,partial_goodwill,4.8311,1.4493,3.3818
RFD-003058,ORD-0040344,2025-11-18,2025-11-13,T-01,NSW,P-039166,accidental_purchase,9.7125,2.9138,6.7988
RFD-003059,ORD-0040376,2025-12-16,2025-11-13,T-03,XBOX,P-042312,platform_policy,14.9234,4.477,10.4464
RFD-003060,ORD-0040379,2025-11-30,2025-11-13,T-03,NSW,P-026287,price_adjustment,5.1241,1.5372,3.5868
RFD-003061,ORD-0040382,2025-11-30,2025-11-13,T-01,PSN,P-044674,price_adjustment,16.5684,4.9705,11.5979
RFD-003062,ORD-0040425,2025-11-21,2025-11-13,T-01,EPIC,P-042380,price_adjustment,23.8333,2.86,20.9733
RFD-003063,ORD-0040443,2025-12-04,2025-11-13,T-02,NSW,P-023141,platform_policy,9.8359,2.9508,6.8851
RFD-003064,ORD-0040445,2026-01-23,2025-11-13,T-04,PSN,P-009402,accidental_purchase,4.6131,1.3839,3.2292
RFD-003065,ORD-0040460,2025-11-15,2025-11-13,T-03,PSN,P-042658,platform_policy,9.5854,2.8756,6.7098
RFD-003066,ORD-0040463,2025-12-31,2025-11-13,T-02,PSN,P-016748,platform_policy,5.0414,1.5124,3.529
RFD-003067,ORD-0040490,2025-11-23,2025-11-14,T-02,XBOX,P-028174,platform_policy,5.0363,1.5109,3.5254
RFD-003068,ORD-0040494,2025-11-19,2025-11-14,T-01,NSW,P-030726,platform_policy,101.8541,30.5562,71.2978
RFD-003069,ORD-0040499,2025-11-22,2025-11-14,T-03,EPIC,P-007069,partial_goodwill,3.4573,0.4149,3.0424
RFD-003070,ORD-0040509,2025-11-23,2025-11-14,T-01,PSN,P-036875,accidental_purchase,50.7069,15.2121,35.4948
RFD-003071,ORD-0040519,2026-01-01,2025-11-14,T-02,EPIC,P-009140,platform_policy,14.7211,1.7665,12.9546
RFD-003072,ORD-0040524,2025-11-17,2025-11-14,T-01,STEAM,P-003078,price_adjustment,25.8938,7.7681,18.1257
RFD-003073,ORD-0040547,2025-11-22,2025-11-14,T-01,EPIC,P-011739,price_adjustment,5.4873,0.6585,4.8288
RFD-003074,ORD-0040560,2025-11-28,2025-11-14,T-01,PSN,P-043170,platform_policy,48.5068,14.552,33.9548
RFD-003075,ORD-0040563,2025-11-22,2025-11-14,T-01,STEAM,P-043970,partial_goodwill,17.0905,5.1272,11.9634
RFD-003076,ORD-0040588,2025-12-01,2025-11-14,T-03,STEAM,P-003263,price_adjustment,4.7758,1.4327,3.3431
RFD-003077,ORD-0040614,2025-11-17,2025-11-14,T-01,XBOX,P-021560,partial_goodwill,4.8404,1.4521,3.3883
RFD-003078,ORD-0040621,2025-12-17,2025-11-14,T-02,PSN,P-017525,accidental_purchase,8.5764,2.5729,6.0035
RFD-003079,ORD-0040648,2025-12-05,2025-11-14,T-01,XBOX,P-036018,accidental_purchase,56.9684,17.0905,39.8779
RFD-003080,ORD-0040649,2025-11-22,2025-11-14,T-01,XBOX,P-037008,price_adjustment,5.9858,1.7957,4.1901
RFD-003081,ORD-0040683,2025-12-01,2025-11-14,T-01,PSN,P-039572,price_adjustment,2.5904,0.7771,1.8133
RFD-003082,ORD-0040684,2026-01-24,2025-11-14,T-03,STEAM,P-029277,platform_policy,4.7711,1.4313,3.3398
RFD-003083,ORD-0040696,2025-11-19,2025-11-14,T-02,NSW,P-024034,player_request,50.4666,15.14,35.3266
RFD-003084,ORD-0040702,2025-12-17,2025-11-14,T-01,PSN,P-009438,platform_policy,5.0135,1.5041,3.5095
RFD-003085,ORD-0040729,2025-11-17,2025-11-14,T-02,STEAM,P-034290,price_adjustment,1.6203,0.4861,1.1342
RFD-003086,ORD-0040731,2025-12-24,2025-11-14,T-02,STEAM,P-007089,partial_goodwill,11.1811,3.3543,7.8268
RFD-003087,ORD-0040737,2025-12-06,2025-11-15,T-02,XBOX,P-006252,player_request,8.8342,2.6503,6.184
RFD-003088,ORD-0040739,2025-11-17,2025-11-15,T-02,EPIC,P-031832,player_request,9.8174,1.1781,8.6393
RFD-003089,ORD-0040742,2025-11-29,2025-11-15,T-01,EPIC,P-009347,player_request,56.9684,6.8362,50.1322
RFD-003090,ORD-0040753,2025-12-02,2025-11-15,T-03,STEAM,P-031157,partial_goodwill,2.6833,0.805,1.8783
RFD-003091,ORD-0040787,2025-12-14,2025-11-15,T-04,STEAM,P-018743,partial_goodwill,3.5708,1.0713,2.4996
RFD-003092,ORD-0040797,2025-11-23,2025-11-15,T-04,PSN,P-015781,price_adjustment,14.2957,4.2887,10.007
RFD-003093,ORD-0040803,2025-12-06,2025-11-15,T-04,EPIC,P-014367,platform_policy,5.1395,0.6167,4.5228
RFD-003094,ORD-0040815,2025-11-23,2025-11-15,T-01,EPIC,P-014850,partial_goodwill,5.1705,0.6205,4.55
RFD-003095,ORD-0040836,2025-11-18,2025-11-15,T-04,PSN,P-031976,price_adjustment,9.4347,2.8304,6.6043
RFD-003096,ORD-0040840,2025-11-23,2025-11-15,T-04,PSN,P-009764,price_adjustment,13.0037,3.9011,9.1026
RFD-003097,ORD-0040856,2025-12-06,2025-11-15,T-02,XBOX,P-037773,accidental_purchase,34.365,10.3095,24.0555
RFD-003098,ORD-0040917,2025-12-25,2025-11-15,T-02,STEAM,P-040637,price_adjustment,4.6046,1.3814,3.2232
RFD-003099,ORD-0040931,2025-12-06,2025-11-15,T-01,XBOX,P-026655,platform_policy,5.1705,1.5512,3.6194
RFD-003100,ORD-0040940,2025-12-25,2025-11-15,T-01,NSW,P-027048,price_adjustment,5.1705,1.5512,3.6194
RFD-003101,ORD-0040954,2025-11-18,2025-11-15,T-02,STEAM,P-035912,price_adjustment,1.2083,0.3625,0.8458
RFD-003102,ORD-0040978,2025-11-29,2025-11-15,T-03,PSN,P-011066,platform_policy,9.5447,2.8634,6.6813
RFD-003103,ORD-0040987,2025-11-29,2025-11-15,T-01,XBOX,P-030831,platform_policy,18.1329,5.4399,12.693
RFD-003104,ORD-0040997,2025-11-18,2025-11-15,T-01,STEAM,P-011714,partial_goodwill,49.8703,14.9611,34.9092
RFD-003105,ORD-0041001,2025-11-23,2025-11-15,T-01,STEAM,P-023708,partial_goodwill,5.1705,1.5512,3.6194
RFD-003106,ORD-0041013,2025-11-30,2025-11-16,T-01,PSN,P-020453,accidental_purchase,18.1329,5.4399,12.693
RFD-003107,ORD-0041016,2025-12-03,2025-11-16,T-01,STEAM,P-002999,partial_goodwill,3.0371,0.9111,2.126
RFD-003108,ORD-0041024,2025-12-03,2025-11-16,T-02,XBOX,P-004469,partial_goodwill,1.2259,0.3678,0.8581
RFD-003109,ORD-0041029,2025-11-25,2025-11-16,T-03,XBOX,P-010217,platform_policy,9.8743,2.9623,6.912
RFD-003110,ORD-0041047,2025-12-15,2025-11-16,T-04,STEAM,P-032205,price_adjustment,1.1738,0.3521,0.8216
RFD-003111,ORD-0041051,2025-11-24,2025-11-16,T-04,STEAM,P-010689,price_adjustment,15.4496,4.6349,10.8147
RFD-003112,ORD-0041071,2025-12-15,2025-11-16,T-04,EPIC,P-005412,partial_goodwill,5.0879,0.6106,4.4774
RFD-003113,ORD-0041079,2025-12-15,2025-11-16,T-01,PSN,P-018901,price_adjustment,2.4202,0.7261,1.6941
RFD-003114,ORD-0041099,2025-11-19,2025-11-16,T-03,EPIC,P-040175,price_adjustment,14.3361,1.7203,12.6158
RFD-003115,ORD-0041100,2025-12-19,2025-11-16,T-01,STEAM,P-005510,platform_policy,46.1044,13.8313,32.2731
RFD-003116,ORD-0041110,2025-11-21,2025-11-16,T-02,STEAM,P-016702,player_request,50.4666,15.14,35.3266
RFD-003117,ORD-0041115,2025-11-21,2025-11-16,T-01,STEAM,P-002909,player_request,10.3513,3.1054,7.2459
RFD-003118,ORD-0041119,2025-11-24,2025-11-16,T-02,PSN,P-042275,price_adjustment,7.5648,2.2694,5.2954
RFD-003119,ORD-0041167,2025-11-19,2025-11-16,T-02,PSN,P-011883,partial_goodwill,3.2406,0.9722,2.2684
RFD-003120,ORD-0041186,2025-12-03,2025-11-16,T-01,PSN,P-018147,partial_goodwill,5.1705,1.5512,3.6194
RFD-003121,ORD-0041193,2025-12-26,2025-11-16,T-01,STEAM,P-026619,price_adjustment,23.0763,6.9229,16.1534
RFD-003122,ORD-0041203,2025-12-26,2025-11-16,T-03,STEAM,P-041209,price_adjustment,1.6822,0.5047,1.1776
RFD-003123,ORD-0041207,2025-12-07,2025-11-16,T-01,PSN,P-009383,platform_policy,113.9472,34.1842,79.763
RFD-003124,ORD-0041221,2026-01-03,2025-11-16,T-04,NSW,P-001859,player_request,9.8794,2.9638,6.9155
RFD-003125,ORD-0041244,2026-01-04,2025-11-17,T-03,XBOX,P-040414,platform_policy,24.3903,7.3171,17.0732
RFD-003126,ORD-0041255,2025-12-16,2025-11-17,T-01,XBOX,P-028194,partial_goodwill,2.5009,0.7503,1.7507
RFD-003127,ORD-0041260,2025-12-16,2025-11-17,T-01,STEAM,P-004567,price_adjustment,2.5009,0.7503,1.7507
RFD-003128,ORD-0041280,2026-01-04,2025-11-17,T-01,XBOX,P-043212,platform_policy,13.7854,4.1356,9.6498
RFD-003129,ORD-0041293,2025-11-20,2025-11-17,T-02,STEAM,P-039988,partial_goodwill,4.4075,1.3223,3.0853
RFD-003130,ORD-0041321,2025-11-20,2025-11-17,T-01,STEAM,P-031994,price_adjustment,11.8825,3.5647,8.3177
RFD-003131,ORD-0041362,2025-11-20,2025-11-17,T-01,XBOX,P-020363,partial_goodwill,2.4175,0.7253,1.6923
RFD-003132,ORD-0041367,2025-11-26,2025-11-17,T-01,EPIC,P-010978,accidental_purchase,5.1593,0.6191,4.5402
RFD-003133,ORD-0041416,2025-11-26,2025-11-18,T-01,EPIC,P-027141,price_adjustment,12.9287,1.5514,11.3772
RFD-003134,ORD-0041424,2025-11-20,2025-11-18,T-03,XBOX,P-034535,platform_policy,36.0046,10.8014,25.2032
RFD-003135,ORD-0041440,2025-12-09,2025-11-18,T-04,PSN,P-033397,accidental_purchase,9.681,2.9043,6.7767
RFD-003136,ORD-0041445,2025-12-02,2025-11-18,T-01,XBOX,P-029935,accidental_purchase,15.0743,4.5223,10.552
RFD-003137,ORD-0041480,2025-11-21,2025-11-18,T-02,XBOX,P-005760,price_adjustment,4.9158,1.4747,3.441
RFD-003138,ORD-0041504,2025-12-10,2025-11-19,T-01,STEAM,P-009375,platform_policy,9.7049,2.9115,6.7934
RFD-003139,ORD-0041510,2025-12-29,2025-11-19,T-02,XBOX,P-039258,partial_goodwill,8.0765,2.4229,5.6535
RFD-003140,ORD-0041513,2025-12-18,2025-11-19,T-01,STEAM,P-031717,price_adjustment,25.7772,7.7332,18.0441
RFD-003141,ORD-0041547,2026-01-29,2025-11-19,T-01,XBOX,P-031489,player_request,17.0067,5.102,11.9047
RFD-003142,ORD-0041551,2025-12-29,2025-11-19,T-03,STEAM,P-006819,price_adjustment,6.8013,2.0404,4.7609
RFD-003143,ORD-0041563,2025-11-24,2025-11-19,T-03,EPIC,P-015087,player_request,25.4485,3.0538,22.3947
RFD-003144,ORD-0041568,2025-12-29,2025-11-19,T-01,STEAM,P-022819,partial_goodwill,11.8236,3.5471,8.2765
RFD-003145,ORD-0041584,2025-12-18,2025-11-19,T-04,STEAM,P-021435,price_adjustment,4.7241,1.4172,3.3069
RFD-003146,ORD-0041587,2025-12-06,2025-11-19,T-03,NSW,P-008763,price_adjustment,2.6712,0.8014,1.8699
RFD-003147,ORD-0041599,2025-12-06,2025-11-19,T-04,PSN,P-030792,price_adjustment,1.5713,0.4714,1.0999
RFD-003148,ORD-0041613,2025-11-21,2025-11-19,T-02,STEAM,P-015184,player_request,39.1098,11.7329,27.3768
RFD-003149,ORD-0041617,2025-11-22,2025-11-19,T-01,STEAM,P-019555,price_adjustment,5.9589,1.7877,4.1712
RFD-003150,ORD-0041629,2025-11-22,2025-11-19,T-02,PSN,P-026465,price_adjustment,8.291,2.4873,5.8037
RFD-003151,ORD-0041642,2025-12-22,2025-11-19,T-04,STEAM,P-002447,platform_policy,28.6321,8.5896,20.0425
RFD-003152,ORD-0041662,2026-01-07,2025-11-20,T-02,STEAM,P-014478,accidental_purchase,18.2388,5.4716,12.7672
RFD-003153,ORD-0041671,2025-12-19,2025-11-20,T-01,XBOX,P-031598,partial_goodwill,7.2745,2.1823,5.0921
RFD-003154,ORD-0041695,2025-11-29,2025-11-20,T-04,STEAM,P-041958,accidental_purchase,10.2163,3.0649,7.1514
RFD-003155,ORD-0041700,2025-11-25,2025-11-20,T-01,XBOX,P-006475,player_request,50.9506,15.2852,35.6654
RFD-003156,ORD-0041705,2025-11-28,2025-11-20,T-02,STEAM,P-012940,partial_goodwill,6.2672,1.8802,4.387
RFD-003157,ORD-0041720,2025-12-19,2025-11-20,T-01,NSW,P-029538,price_adjustment,2.5643,0.7693,1.795
RFD-003158,ORD-0041726,2025-12-23,2025-11-20,T-02,XBOX,P-012236,platform_policy,30.0846,9.0254,21.0592
RFD-003159,ORD-0041728,2025-11-28,2025-11-20,T-02,EPIC,P-017065,partial_goodwill,12.5344,1.5041,11.0303
RFD-003160,ORD-0041753,2025-12-19,2025-11-20,T-04,XBOX,P-022277,partial_goodwill,19.777,5.9331,13.8439
RFD-003161,ORD-0041759,2025-12-04,2025-11-20,T-02,PSN,P-007658,accidental_purchase,8.6102,2.5831,6.0271
RFD-003162,ORD-0041791,2025-11-25,2025-11-20,T-04,STEAM,P-002045,accidental_purchase,10.7496,3.2249,7.5247
RFD-003163,ORD-0041810,2025-12-07,2025-11-20,T-02,NSW,P-004677,partial_goodwill,3.3028,0.9909,2.312
RFD-003164,ORD-0041827,2025-12-08,2025-11-21,T-01,STEAM,P-022774,price_adjustment,69.4267,20.828,48.5987
RFD-003165,ORD-0041847,2025-11-23,2025-11-21,T-04,PSN,P-000681,player_request,10.7515,3.2255,7.5261
RFD-003166,ORD-0041903,2025-11-29,2025-11-21,T-01,XBOX,P-017507,partial_goodwill,12.1601,3.648,8.5121
RFD-003167,ORD-0041908,2025-12-12,2025-11-21,T-03,XBOX,P-021310,accidental_purchase,5.345,1.6035,3.7415
RFD-003168,ORD-0041928,2025-12-20,2025-11-21,T-01,NSW,P-029601,partial_goodwill,30.8901,9.267,21.623
RFD-003169,ORD-0041933,2025-11-30,2025-11-21,T-02,STEAM,P-024783,platform_policy,8.6211,2.5863,6.0348
RFD-003170,ORD-0041942,2025-11-24,2025-11-21,T-04,STEAM,P-001002,price_adjustment,17.9123,5.3737,12.5386
RFD-003171,ORD-0041964,2025-12-08,2025-11-21,T-04,STEAM,P-035289,partial_goodwill,9.18,2.754,6.426
RFD-003172,ORD-0041972,2025-11-23,2025-11-21,T-01,PSN,P-029528,platform_policy,15.4296,4.6289,10.8007
RFD-003173,ORD-0041980,2025-12-31,2025-11-21,T-04,XBOX,P-010570,price_adjustment,24.135,7.2405,16.8945
RFD-003174,ORD-0041982,2025-11-24,2025-11-21,T-02,STEAM,P-034264,price_adjustment,8.0192,2.4058,5.6134
RFD-003175,ORD-0041997,2026-01-08,2025-11-21,T-03,STEAM,P-029751,player_request,9.7939,2.9382,6.8557
RFD-003176,ORD-0042000,2025-12-20,2025-11-21,T-01,STEAM,P-031947,partial_goodwill,23.6549,7.0965,16.5584
RFD-003177,ORD-0042025,2026-01-08,2025-11-21,T-01,STEAM,P-030235,player_request,97.3218,29.1965,68.1253
RFD-003178,ORD-0042054,2025-11-29,2025-11-21,T-01,XBOX,P-008515,price_adjustment,4.8147,1.4444,3.3703
RFD-003179,ORD-0042079,2025-11-25,2025-11-22,T-01,XBOX,P-032240,partial_goodwill,3.3958,1.0187,2.377
RFD-003180,ORD-0042087,2026-01-01,2025-11-22,T-04,XBOX,P-007685,price_adjustment,21.9544,6.5863,15.3681
RFD-003181,ORD-0042106,2025-12-06,2025-11-22,T-01,STEAM,P-016671,platform_policy,9.7116,2.9135,6.7981
RFD-003182,ORD-0042116,2025-12-09,2025-11-22,T-03,STEAM,P-019179,price_adjustment,3.1656,0.9497,2.2159
RFD-003183,ORD-0042119,2025-11-30,2025-11-22,T-01,PSN,P-022347,price_adjustment,2.3612,0.7084,1.6529
RFD-003184,ORD-0042133,2025-11-30,2025-11-22,T-03,STEAM,P-030783,partial_goodwill,3.1656,0.9497,2.2159
RFD-003185,ORD-0042141,2025-11-27,2025-11-22,T-01,XBOX,P-031131,accidental_purchase,9.7116,2.9135,6.7981
RFD-003186,ORD-0042152,2025-12-21,2025-11-22,T-03,PSN,P-038889,price_adjustment,2.3981,0.7194,1.6787
RFD-003187,ORD-0042182,2025-12-13,2025-11-22,T-04,PSN,P-013829,player_request,10.218,3.0654,7.1526
RFD-003188,ORD-0042185,2025-11-25,2025-11-22,T-01,EPIC,P-011458,price_adjustment,1.6927,0.2031,1.4896
RFD-003189,ORD-0042196,2026-01-01,2025-11-22,T-01,STEAM,P-035317,partial_goodwill,25.0849,7.5255,17.5594
RFD-003190,ORD-0042197,2026-01-09,2025-11-22,T-02,STEAM,P-011864,accidental_purchase,58.3133,17.494,40.8193
RFD-003191,ORD-0042205,2025-11-25,2025-11-22,T-02,NSW,P-012103,price_adjustment,7.5199,2.256,5.2639
RFD-003192,ORD-0042207,2025-12-21,2025-11-22,T-03,PSN,P-017442,price_adjustment,3.8164,1.1449,2.6715
RFD-003193,ORD-0042214,2025-12-09,2025-11-22,T-03,STEAM,P-019702,price_adjustment,1.6258,0.4877,1.138
RFD-003194,ORD-0042246,2025-12-09,2025-11-22,T-03,STEAM,P-043591,price_adjustment,2.4485,0.7345,1.7139
RFD-003195,ORD-0042270,2025-11-24,2025-11-22,T-01,STEAM,P-012619,accidental_purchase,48.6609,14.5983,34.0626
RFD-003196,ORD-0042305,2025-11-30,2025-11-22,T-01,STEAM,P-003859,price_adjustment,1.6927,0.5078,1.1849
RFD-003197,ORD-0042350,2025-12-14,2025-11-23,T-01,EPIC,P-006321,accidental_purchase,14.5777,1.7493,12.8284
RFD-003198,ORD-0042353,2025-12-26,2025-11-23,T-03,PSN,P-040523,accidental_purchase,4.791,1.4373,3.3537
RFD-003199,ORD-0042356,2025-12-01,2025-11-23,T-04,XBOX,P-015796,price_adjustment,20.7336,6.2201,14.5135
RFD-003200,ORD-0042357,2026-01-02,2025-11-23,T-01,PSN,P-004182,partial_goodwill,4.6239,1.3872,3.2367
RFD-003201,ORD-0042358,2026-01-02,2025-11-23,T-02,STEAM,P-004707,price_adjustment,3.2509,0.9753,2.2756
RFD-003202,ORD-0042383,2025-12-22,2025-11-23,T-04,STEAM,P-032808,price_adjustment,5.3758,1.6127,3.763
RFD-003203,ORD-0042385,2025-12-10,2025-11-23,T-01,STEAM,P-017054,price_adjustment,5.0885,1.5265,3.5619
RFD-003204,ORD-0042393,2025-12-02,2025-11-23,T-02,STEAM,P-034595,player_request,25.0834,7.525,17.5584
RFD-003205,ORD-0042398,2026-02-02,2025-11-23,T-01,XBOX,P-020056,platform_policy,9.4544,2.8363,6.6181
RFD-003206,ORD-0042407,2025-11-28,2025-11-23,T-02,STEAM,P-005114,accidental_purchase,25.0834,7.525,17.5584
RFD-003207,ORD-0042414,2025-12-10,2025-11-23,T-02,PSN,P-010412,partial_goodwill,3.2056,0.9617,2.2439
RFD-003208,ORD-0042422,2025-11-25,2025-11-23,T-01,PSN,P-004842,accidental_purchase,108.1203,32.4361,75.6842
RFD-003209,ORD-0042428,2026-01-10,2025-11-23,T-04,STEAM,P-044456,player_request,30.7157,9.2147,21.501
RFD-003210,ORD-0042431,2026-01-02,2025-11-23,T-03,PSN,P-030959,partial_goodwill,6.8018,2.0405,4.7612
RFD-003211,ORD-0042452,2026-02-02,2025-11-23,T-01,STEAM,P-040605,platform_policy,51.4903,15.4471,36.0432
RFD-003212,ORD-0042467,2025-11-26,2025-11-23,T-01,PSN,P-036846,price_adjustment,30.8901,9.267,21.623
RFD-003213,ORD-0042488,2026-01-10,2025-11-23,T-02,EPIC,P-002505,accidental_purchase,40.113,4.8136,35.2994
RFD-003214,ORD-0042491,2025-11-26,2025-11-23,T-03,XBOX,P-011874,price_adjustment,2.5442,0.7633,1.781
RFD-003215,ORD-0042515,2025-12-01,2025-11-23,T-02,XBOX,P-043962,price_adjustment,3.2509,0.9753,2.2756
RFD-003216,ORD-0042536,2025-12-01,2025-11-23,T-03,STEAM,P-042626,price_adjustment,4.7108,1.4132,3.2976
RFD-003217,ORD-0042537,2025-12-14,2025-11-23,T-02,XBOX,P-033835,platform_policy,15.0295,4.5089,10.5207
RFD-003218,ORD-0042566,2025-11-28,2025-11-23,T-03,STEAM,P-042571,accidental_purchase,5.0782,1.5235,3.5548
RFD-003219,ORD-0042595,2026-01-11,2025-11-24,T-01,PSN,P-013514,platform_policy,46.597,13.9791,32.6179
RFD-003220,ORD-0042602,2025-12-03,2025-11-24,T-04,STEAM,P-028656,platform_policy,19.1054,5.7316,13.3738
RFD-003221,ORD-0042629,2025-12-02,2025-11-24,T-02,STEAM,P-015841,price_adjustment,2.141,0.6423,1.4987
RFD-003222,ORD-0042638,2025-12-11,2025-11-24,T-02,XBOX,P-006937,partial_goodwill,4.3036,1.2911,3.0125
RFD-003223,ORD-0042666,2026-01-03,2025-11-24,T-01,STEAM,P-037474,partial_goodwill,12.9633,3.889,9.0743
RFD-003224,ORD-0042675,2025-11-26,2025-11-24,T-02,STEAM,P-039007,platform_policy,15.1325,4.5397,10.5927
RFD-003225,ORD-0042698,2025-12-23,2025-11-24,T-03,XBOX,P-016840,price_adjustment,1.6837,0.5051,1.1786
RFD-003226,ORD-0042704,2025-12-23,2025-11-24,T-03,XBOX,P-014942,price_adjustment,3.8425,1.1528,2.6898
RFD-003227,ORD-0042732,2025-12-02,2025-11-24,T-02,XBOX,P-041647,partial_goodwill,12.6224,3.7867,8.8357
RFD-003228,ORD-0042733,2025-11-26,2025-11-24,T-03,STEAM,P-012732,player_request,9.7945,2.9383,6.8561
RFD-003229,ORD-0042734,2026-01-03,2025-11-24,T-02,STEAM,P-009865,price_adjustment,8.6216,2.5865,6.0351
RFD-003230,ORD-0042745,2025-12-03,2025-11-24,T-01,STEAM,P-006062,platform_policy,103.6858,31.1057,72.5801
RFD-003231,ORD-0042759,2025-12-02,2025-11-24,T-02,STEAM,P-026437,partial_goodwill,8.8316,2.6495,6.1821
RFD-003232,ORD-0042764,2025-12-03,2025-11-25,T-01,EPIC,P-011622,partial_goodwill,1.2917,0.155,1.1367
RFD-003233,ORD-0042775,2025-11-27,2025-11-25,T-04,EPIC,P-022071,platform_policy,30.9379,3.7125,27.2253
RFD-003234,ORD-0042818,2026-01-04,2025-11-25,T-03,STEAM,P-021670,partial_goodwill,3.844,1.1532,2.6908
RFD-003235,ORD-0042823,2026-02-04,2025-11-25,T-01,STEAM,P-019398,platform_policy,5.177,1.5531,3.6239
RFD-003236,ORD-0042826,2025-12-03,2025-11-25,T-01,XBOX,P-011963,price_adjustment,3.202,0.9606,2.2414
RFD-003237,ORD-0042827,2026-01-04,2025-11-25,T-01,STEAM,P-042352,partial_goodwill,17.1119,5.1336,11.9783
RFD-003238,ORD-0042837,2025-12-04,2025-11-25,T-04,STEAM,P-033408,accidental_purchase,30.9379,9.2814,21.6565
RFD-003239,ORD-0042854,2025-12-24,2025-11-25,T-02,STEAM,P-006347,partial_goodwill,12.3144,3.6943,8.6201
RFD-003240,ORD-0042875,2025-12-12,2025-11-25,T-04,PSN,P-010507,price_adjustment,9.021,2.7063,6.3147
RFD-003241,ORD-0042889,2026-01-05,2025-11-26,T-02,STEAM,P-028224,partial_goodwill,6.1091,1.8327,4.2764
RFD-003242,ORD-0042891,2025-12-01,2025-11-26,T-01,STEAM,P-012635,platform_policy,52.5083,15.7525,36.7558
RFD-003243,ORD-0042966,2025-12-29,2025-11-26,T-02,STEAM,P-000202,platform_policy,30.2115,9.0634,21.148
RFD-003244,ORD-0042976,2025-12-29,2025-11-26,T-04,STEAM,P-042527,player_request,41.6347,12.4904,29.1443
RFD-003245,ORD-0043009,2025-12-25,2025-11-26,T-01,PSN,P-039179,partial_goodwill,34.1257,10.2377,23.888
RFD-003246,ORD-0043032,2025-11-29,2025-11-26,T-01,XBOX,P-005080,price_adjustment,17.0577,5.1173,11.9404
RFD-003247,ORD-0043034,2025-11-28,2025-11-26,T-04,PSN,P-029337,player_request,10.2696,3.0809,7.1887
RFD-003248,ORD-0043042,2025-12-13,2025-11-26,T-02,NSW,P-003085,price_adjustment,1.6584,0.4975,1.1609
RFD-003249,ORD-0043046,2025-12-05,2025-11-26,T-03,NSW,P-027024,accidental_purchase,30.6338,9.1901,21.4436
RFD-003250,ORD-0043048,2025-12-29,2025-11-26,T-03,STEAM,P-006139,player_request,30.6338,9.1901,21.4436
RFD-003251,ORD-0043073,2025-12-04,2025-11-26,T-01,STEAM,P-021396,partial_goodwill,17.0577,5.1173,11.9404
RFD-003252,ORD-0043074,2025-12-04,2025-11-26,T-01,STEAM,P-028323,partial_goodwill,7.1074,2.1322,4.9752
RFD-003253,ORD-0043083,2025-11-30,2025-11-27,T-04,STEAM,P-000388,price_adjustment,5.123,1.5369,3.5861
RFD-003254,ORD-0043101,2025-12-14,2025-11-27,T-03,STEAM,P-009026,partial_goodwill,5.0409,1.5123,3.5286
RFD-003255,ORD-0043153,2025-12-06,2025-11-27,T-02,EPIC,P-036517,accidental_purchase,50.2037,6.0244,44.1793
RFD-003256,ORD-0043154,2025-11-30,2025-11-27,T-01,PSN,P-010998,partial_goodwill,32.1403,9.6421,22.4982
RFD-003257,ORD-0043167,2025-12-14,2025-11-27,T-03,STEAM,P-019979,partial_goodwill,5.0409,1.5123,3.5286
RFD-003258,ORD-0043181,2025-12-30,2025-11-27,T-03,STEAM,P-021866,player_request,29.4225,8.8267,20.5957
RFD-003259,ORD-0043188,2025-12-26,2025-11-27,T-04,STEAM,P-018937,price_adjustment,9.7628,2.9289,6.834
RFD-003260,ORD-0043189,2025-12-02,2025-11-27,T-01,XBOX,P-010703,platform_policy,25.6356,7.6907,17.9449
RFD-003261,ORD-0043199,2025-11-29,2025-11-27,T-01,STEAM,P-039275,platform_policy,47.568,14.2704,33.2976
RFD-003262,ORD-0043200,2025-11-30,2025-11-27,T-04,STEAM,P-003861,partial_goodwill,9.4712,2.8414,6.6298
RFD-003263,ORD-0043207,2025-12-14,2025-11-27,T-02,EPIC,P-019872,price_adjustment,8.2852,0.9942,7.2909
RFD-003264,ORD-0043214,2025-12-14,2025-11-27,T-01,EPIC,P-035452,partial_goodwill,8.8329,1.0599,7.773
RFD-003265,ORD-0043229,2025-11-30,2025-11-27,T-03,EPIC,P-017479,price_adjustment,5.0922,0.6111,4.4812
RFD-003266,ORD-0043245,2025-12-12,2025-11-28,T-04,STEAM,P-036253,platform_policy,4.7138,1.4141,3.2997
RFD-003267,ORD-0043282,2025-12-01,2025-11-28,T-01,STEAM,P-002956,price_adjustment,19.875,5.9625,13.9125
RFD-003268,ORD-0043284,2026-01-15,2025-11-28,T-01,XBOX,P-018986,player_request,75.3152,22.5945,52.7206
RFD-003269,ORD-0043286,2025-12-06,2025-11-28,T-04,STEAM,P-043411,partial_goodwill,3.0848,0.9254,2.1594
RFD-003270,ORD-0043309,2025-12-12,2025-11-28,T-03,STEAM,P-028542,player_request,29.0398,8.7119,20.3278
RFD-003271,ORD-0043313,2025-12-31,2025-11-28,T-01,STEAM,P-006741,platform_policy,51.5446,15.4634,36.0812
RFD-003272,ORD-0043329,2025-11-30,2025-11-28,T-03,STEAM,P-014727,accidental_purchase,10.1672,3.0502,7.117
RFD-003273,ORD-0043344,2025-12-01,2025-11-28,T-04,STEAM,P-017779,partial_goodwill,7.1513,2.1454,5.0059
RFD-003274,ORD-0043355,2025-12-19,2025-11-28,T-01,NSW,P-008259,player_request,20.5911,6.1773,14.4138
RFD-003275,ORD-0043363,2025-12-06,2025-11-28,T-01,STEAM,P-017411,partial_goodwill,15.7375,4.7212,11.0162
RFD-003276,ORD-0043383,2025-12-06,2025-11-28,T-04,STEAM,P-006196,price_adjustment,14.83,4.449,10.381
RFD-003277,ORD-0043389,2025-12-15,2025-11-28,T-01,PSN,P-002900,partial_goodwill,7.6511,2.2953,5.3557
RFD-003278,ORD-0043427,2026-02-07,2025-11-28,T-01,XBOX,P-008142,platform_policy,9.5302,2.8591,6.6712
RFD-003279,ORD-0043429,2025-12-27,2025-11-28,T-02,XBOX,P-029957,partial_goodwill,2.4475,0.7342,1.7132
RFD-003280,ORD-0043443,2026-01-01,2025-11-29,T-02,NSW,P-007415,accidental_purchase,50.2198,15.0659,35.1538
RFD-003281,ORD-0043455,2026-01-01,2025-11-29,T-04,XBOX,P-015554,player_request,15.3535,4.606,10.7474
RFD-003282,ORD-0043467,2026-01-16,2025-11-29,T-01,STEAM,P-005002,platform_policy,47.6894,14.3068,33.3826
RFD-003283,ORD-0043474,2025-12-16,2025-11-29,T-03,EPIC,P-022271,partial_goodwill,7.3363,0.8804,6.4559
RFD-003284,ORD-0043482,2025-12-02,2025-11-29,T-01,STEAM,P-005452,partial_goodwill,28.3449,8.5035,19.8414
RFD-003285,ORD-0043525,2025-12-13,2025-11-29,T-01,EPIC,P-026853,player_request,5.1452,0.6174,4.5278
RFD-003286,ORD-0043549,2025-12-16,2025-11-29,T-01,EPIC,P-042371,partial_goodwill,5.0939,0.6113,4.4826
RFD-003287,ORD-0043552,2025-12-16,2025-11-29,T-01,EPIC,P-017271,partial_goodwill,5.1452,0.6174,4.5278
RFD-003288,ORD-0043568,2026-02-08,2025-11-29,T-01,PSN,P-037844,player_request,10.3007,3.0902,7.2105
RFD-003289,ORD-0043588,2025-12-02,2025-11-29,T-02,XBOX,P-021942,price_adjustment,6.1547,1.8464,4.3083
RFD-003290,ORD-0043602,2026-01-16,2025-11-29,T-02,STEAM,P-028509,platform_policy,25.1099,7.533,17.5769
RFD-003291,ORD-0043606,2025-12-13,2025-11-29,T-04,PSN,P-013187,platform_policy,15.3535,4.606,10.7474
RFD-003292,ORD-0043622,2025-12-28,2025-11-29,T-01,STEAM,P-024393,partial_goodwill,56.6898,17.0069,39.6829
RFD-003293,ORD-0043631,2025-12-07,2025-11-29,T-01,PSN,P-005214,partial_goodwill,6.9966,2.099,4.8976
RFD-003294,ORD-0043635,2025-12-16,2025-11-29,T-01,STEAM,P-038541,partial_goodwill,18.7117,5.6135,13.0982
RFD-003295,ORD-0043636,2025-12-28,2025-11-29,T-04,NSW,P-029560,partial_goodwill,14.165,4.2495,9.9155
RFD-003296,ORD-0043655,2025-12-08,2025-11-30,T-04,XBOX,P-003486,price_adjustment,20.4884,6.1465,14.3419
RFD-003297,ORD-0043658,2025-12-05,2025-11-30,T-01,EPIC,P-005015,platform_policy,66.9905,8.0389,58.9516
RFD-003298,ORD-0043665,2026-01-09,2025-11-30,T-03,STEAM,P-011405,price_adjustment,3.3583,1.0075,2.3508
RFD-003299,ORD-0043710,2025-12-02,2025-11-30,T-01,STEAM,P-005026,accidental_purchase,113.3899,34.017,79.3729
RFD-003300,ORD-0043711,2025-12-08,2025-11-30,T-03,XBOX,P-038339,partial_goodwill,2.5469,0.7641,1.7829
RFD-003301,ORD-0043754,2025-12-17,2025-11-30,T-01,PSN,P-003671,price_adjustment,5.9565,1.787,4.1696
RFD-003302,ORD-0043759,2026-01-09,2025-11-30,T-01,EPIC,P-026160,price_adjustment,22.1111,2.6533,19.4577
RFD-003303,ORD-0043770,2025-12-08,2025-11-30,T-02,PSN,P-043436,price_adjustment,8.2878,2.4863,5.8015
RFD-003304,ORD-0043797,2026-01-02,2025-11-30,T-01,NSW,P-009767,accidental_purchase,113.3899,34.017,79.3729
RFD-003305,ORD-0043803,2025-12-21,2025-11-30,T-04,PSN,P-018095,accidental_purchase,62.0605,18.6182,43.4424
RFD-003306,ORD-0043810,2025-12-17,2025-11-30,T-01,XBOX,P-003340,price_adjustment,29.1499,8.745,20.405
RFD-003307,ORD-0043887,2025-12-08,2025-11-30,T-04,PSN,P-019303,partial_goodwill,1.1676,0.3503,0.8173
RFD-003308,ORD-0043895,2025-12-05,2025-11-30,T-01,STEAM,P-036181,platform_policy,103.0892,30.9267,72.1624
RFD-003309,ORD-0043904,2025-12-09,2025-11-30,T-02,XBOX,P-024966,player_request,24.5982,7.3794,17.2187
RFD-003310,ORD-0043927,2025-12-14,2025-11-30,T-03,STEAM,P-034427,player_request,29.6092,8.8827,20.7264
RFD-003311,ORD-0043931,2026-02-09,2025-11-30,T-01,XBOX,P-043117,player_request,9.7098,2.9129,6.7969
RFD-003312,ORD-0043939,2026-01-17,2025-11-30,T-04,XBOX,P-027753,platform_policy,40.9871,12.2961,28.691
RFD-003313,ORD-0043944,2025-12-29,2025-11-30,T-01,XBOX,P-014120,partial_goodwill,5.1452,1.5436,3.6017
RFD-003314,ORD-0043950,2026-02-09,2025-11-30,T-01,STEAM,P-020404,platform_policy,97.2007,29.1602,68.0405
RFD-003315,ORD-0043958,2025-12-08,2025-11-30,T-01,PSN,P-005536,price_adjustment,14.5801,4.374,10.2061
RFD-003316,ORD-0043959,2025-12-03,2025-11-30,T-01,EPIC,P-021548,price_adjustment,16.0392,1.9247,14.1145
RFD-003317,ORD-0044002,2025-12-04,2025-12-01,T-04,EPIC,P-042277,price_adjustment,2.3689,0.2843,2.0847
RFD-003318,ORD-0044008,2025-12-15,2025-12-01,T-04,STEAM,P-033814,platform_policy,15.2509,4.5753,10.6756
RFD-003319,ORD-0044012,2025-12-03,2025-12-01,T-01,PSN,P-015874,platform_policy,5.1108,1.5333,3.5776
RFD-003320,ORD-0044023,2025-12-04,2025-12-01,T-02,XBOX,P-043322,price_adjustment,2.4891,0.7467,1.7424
RFD-003321,ORD-0044107,2025-12-22,2025-12-01,T-02,PSN,P-012187,platform_policy,9.9564,2.9869,6.9695
RFD-003322,ORD-0044126,2026-01-10,2025-12-01,T-02,XBOX,P-043611,price_adjustment,3.2491,0.9747,2.2744
RFD-003323,ORD-0044137,2025-12-15,2025-12-01,T-01,STEAM,P-044605,platform_policy,51.2002,15.3601,35.8401
RFD-003324,ORD-0044141,2026-01-10,2025-12-01,T-02,STEAM,P-011164,partial_goodwill,4.3661,1.3098,3.0563
RFD-003325,ORD-0044155,2026-02-11,2025-12-02,T-01,STEAM,P-027373,platform_policy,51.3816,15.4145,35.9671
RFD-003326,ORD-0044170,2025-12-19,2025-12-02,T-04,PSN,P-039062,price_adjustment,15.3254,4.5976,10.7278
RFD-003327,ORD-0044182,2025-12-07,2025-12-02,T-02,XBOX,P-003348,player_request,8.7632,2.629,6.1343
RFD-003328,ORD-0044203,2025-12-05,2025-12-02,T-04,STEAM,P-012772,partial_goodwill,11.4491,3.4347,8.0144
RFD-003329,ORD-0044258,2025-12-11,2025-12-02,T-03,STEAM,P-019642,platform_policy,10.1453,3.0436,7.1017
RFD-003330,ORD-0044263,2025-12-23,2025-12-02,T-01,STEAM,P-025504,player_request,16.9325,5.0798,11.8528
RFD-003331,ORD-0044311,2025-12-31,2025-12-02,T-03,STEAM,P-031813,partial_goodwill,14.3968,4.319,10.0778
RFD-003332,ORD-0044324,2025-12-06,2025-12-03,T-01,XBOX,P-011259,partial_goodwill,26.2293,7.8688,18.3605
RFD-003333,ORD-0044328,2026-01-12,2025-12-03,T-02,STEAM,P-034130,price_adjustment,3.2902,0.987,2.3031
RFD-003334,ORD-0044357,2025-12-11,2025-12-03,T-01,STEAM,P-032240,partial_goodwill,16.9208,5.0763,11.8446
RFD-003335,ORD-0044376,2026-01-01,2025-12-03,T-01,XBOX,P-019836,price_adjustment,51.2836,15.3851,35.8985
RFD-003336,ORD-0044391,2025-12-20,2025-12-03,T-01,STEAM,P-038086,partial_goodwill,6.9066,2.072,4.8346
RFD-003337,ORD-0044425,2025-12-06,2025-12-03,T-01,STEAM,P-032440,partial_goodwill,25.6367,7.691,17.9457
RFD-003338,ORD-0044427,2025-12-20,2025-12-03,T-01,STEAM,P-036563,partial_goodwill,15.2194,4.5658,10.6536
RFD-003339,ORD-0044441,2026-01-01,2025-12-03,T-02,EPIC,P-000552,partial_goodwill,6.1239,0.7349,5.3891
RFD-003340,ORD-0044510,2026-01-13,2025-12-04,T-03,PSN,P-003520,price_adjustment,3.213,0.9639,2.2491
RFD-003341,ORD-0044544,2026-01-02,2025-12-04,T-03,PSN,P-020130,partial_goodwill,2.3798,0.7139,1.6658
RFD-003342,ORD-0044545,2026-01-13,2025-12-04,T-04,STEAM,P-001957,partial_goodwill,8.0552,2.4166,5.6387
RFD-003343,ORD-0044552,2026-01-02,2025-12-04,T-03,STEAM,P-035219,price_adjustment,7.1462,2.1439,5.0023
RFD-003344,ORD-0044556,2026-01-02,2025-12-04,T-01,XBOX,P-028568,partial_goodwill,5.8099,1.743,4.0669
RFD-003345,ORD-0044575,2026-01-02,2025-12-04,T-03,PSN,P-034369,price_adjustment,1.279,0.3837,0.8953
RFD-003346,ORD-0044588,2025-12-07,2025-12-04,T-01,STEAM,P-042592,partial_goodwill,4.7378,1.4213,3.3164
RFD-003347,ORD-0044590,2026-01-02,2025-12-04,T-01,PSN,P-027640,price_adjustment,18.6346,5.5904,13.0442
RFD-003348,ORD-0044594,2025-12-12,2025-12-04,T-01,PSN,P-011245,price_adjustment,3.1925,0.9578,2.2348
RFD-003349,ORD-0044619,2025-12-06,2025-12-04,T-04,XBOX,P-029980,accidental_purchase,40.8855,12.2657,28.6199
RFD-003350,ORD-0044623,2026-02-13,2025-12-04,T-03,EPIC,P-016085,accidental_purchase,30.4669,3.656,26.8109
RFD-003351,ORD-0044630,2026-01-21,2025-12-04,T-01,STEAM,P-033719,player_request,66.3673,19.9102,46.4571
RFD-003352,ORD-0044636,2025-12-12,2025-12-04,T-03,EPIC,P-031331,partial_goodwill,1.1907,0.1429,1.0478
RFD-003353,ORD-0044654,2026-01-13,2025-12-04,T-01,STEAM,P-015440,partial_goodwill,5.1325,1.5397,3.5927
RFD-003354,ORD-0044658,2026-01-21,2025-12-04,T-01,XBOX,P-044408,accidental_purchase,51.4168,15.425,35.9918
RFD-003355,ORD-0044662,2026-01-03,2025-12-05,T-03,XBOX,P-032800,price_adjustment,9.8656,2.9597,6.9059
RFD-003356,ORD-0044749,2025-12-26,2025-12-05,T-02,PSN,P-016871,platform_policy,24.5003,7.3501,17.1502
RFD-003357,ORD-0044766,2025-12-22,2025-12-05,T-04,EPIC,P-023844,partial_goodwill,14.2663,1.712,12.5543
RFD-003358,ORD-0044774,2025-12-13,2025-12-05,T-04,NSW,P-015367,partial_goodwill,9.4153,2.8246,6.5907
RFD-003359,ORD-0044803,2025-12-08,2025-12-05,T-04,PSN,P-040423,partial_goodwill,3.3662,1.0098,2.3563
RFD-003360,ORD-0044823,2025-12-26,2025-12-05,T-03,STEAM,P-034197,accidental_purchase,4.9983,1.4995,3.4988
RFD-003361,ORD-0044828,2026-01-03,2025-12-05,T-01,STEAM,P-029653,price_adjustment,8.9935,2.698,6.2954
RFD-003362,ORD-0044831,2025-12-08,2025-12-05,T-02,NSW,P-038173,price_adjustment,2.4507,0.7352,1.7155
RFD-003363,ORD-0044834,2025-12-13,2025-12-05,T-04,STEAM,P-004328,partial_goodwill,3.3662,1.0098,2.3563
RFD-003364,ORD-0044846,2025-12-10,2025-12-05,T-02,NSW,P-042454,accidental_purchase,24.5464,7.3639,17.1825
RFD-003365,ORD-0044848,2026-01-07,2025-12-05,T-01,STEAM,P-010542,accidental_purchase,10.2519,3.0756,7.1764
RFD-003366,ORD-0044852,2025-12-08,2025-12-05,T-01,STEAM,P-035173,partial_goodwill,28.2389,8.4717,19.7672
RFD-003367,ORD-0044872,2025-12-13,2025-12-05,T-01,STEAM,P-021652,partial_goodwill,38.5113,11.5534,26.9579
RFD-003368,ORD-0044874,2025-12-13,2025-12-05,T-03,XBOX,P-021054,price_adjustment,2.5374,0.7612,1.7762
RFD-003369,ORD-0044894,2025-12-22,2025-12-05,T-01,XBOX,P-003612,price_adjustment,16.6014,4.9804,11.621
RFD-003370,ORD-0044901,2026-01-03,2025-12-05,T-01,STEAM,P-033530,price_adjustment,12.8405,3.8521,8.9883
RFD-003371,ORD-0044905,2026-01-03,2025-12-05,T-02,STEAM,P-006506,price_adjustment,9.9961,2.9988,6.9973
RFD-003372,ORD-0044939,2025-12-23,2025-12-06,T-02,STEAM,P-038386,partial_goodwill,11.5513,3.4654,8.0859
RFD-003373,ORD-0044953,2026-02-15,2025-12-06,T-01,XBOX,P-032897,player_request,35.2144,10.5643,24.6501
RFD-003374,ORD-0044963,2026-01-08,2025-12-06,T-01,STEAM,P-035390,accidental_purchase,69.3284,20.7985,48.5299
RFD-003375,ORD-0044976,2026-01-08,2025-12-06,T-01,XBOX,P-013738,accidental_purchase,10.2519,3.0756,7.1764
RFD-003376,ORD-0044979,2025-12-09,2025-12-06,T-01,XBOX,P-006545,partial_goodwill,25.6708,7.7012,17.9695
RFD-003377,ORD-0044984,2025-12-08,2025-12-06,T-03,STEAM,P-027287,platform_policy,5.3306,1.5992,3.7314
RFD-003378,ORD-0044985,2025-12-14,2025-12-06,T-01,XBOX,P-025847,partial_goodwill,5.0288,1.5086,3.5202
RFD-003379,ORD-0044986,2025-12-11,2025-12-06,T-04,STEAM,P-029099,accidental_purchase,19.7842,5.9353,13.8489
RFD-003380,ORD-0044995,2026-01-04,2025-12-06,T-01,EPIC,P-026550,price_adjustment,3.3866,0.4064,2.9802
RFD-003381,ORD-0045010,2025-12-09,2025-12-06,T-02,XBOX,P-034539,price_adjustment,28.7884,8.6365,20.1519
RFD-003382,ORD-0045012,2026-01-04,2025-12-06,T-02,STEAM,P-042266,price_adjustment,14.9993,4.4998,10.4995
RFD-003383,ORD-0045016,2025-12-20,2025-12-06,T-01,EPIC,P-022530,platform_policy,51.3517,6.1622,45.1895
RFD-003384,ORD-0045023,2026-01-04,2025-12-06,T-01,EPIC,P-043117,price_adjustment,12.0762,1.4491,10.627
RFD-003385,ORD-0045024,2025-12-11,2025-12-06,T-01,NSW,P-008782,accidental_purchase,69.3284,20.7985,48.5299
RFD-003386,ORD-0045040,2025-12-14,2025-12-06,T-01,STEAM,P-006497,price_adjustment,2.4152,0.7246,1.6907
RFD-003387,ORD-0045042,2026-02-15,2025-12-06,T-01,NSW,P-038352,player_request,33.8952,10.1686,23.7266
RFD-003388,ORD-0045072,2026-01-23,2025-12-06,T-02,PSN,P-040459,player_request,14.9891,4.4967,10.4924
RFD-003389,ORD-0045075,2025-12-14,2025-12-06,T-01,STEAM,P-008862,partial_goodwill,8.4738,2.5421,5.9317
RFD-003390,ORD-0045079,2025-12-09,2025-12-06,T-04,XBOX,P-036851,price_adjustment,15.3165,4.595,10.7216
RFD-003391,ORD-0045093,2025-12-15,2025-12-06,T-03,STEAM,P-016606,accidental_purchase,14.6245,4.3873,10.2371
RFD-003392,ORD-0045095,2026-01-08,2025-12-06,T-03,EPIC,P-043114,accidental_purchase,5.0646,0.6077,4.4568
RFD-003393,ORD-0045100,2025-12-09,2025-12-06,T-04,STEAM,P-021153,price_adjustment,18.6246,5.5874,13.0372
RFD-003394,ORD-0045114,2025-12-23,2025-12-06,T-02,EPIC,P-036713,price_adjustment,25.0159,3.0019,22.014
RFD-003395,ORD-0045127,2025-12-09,2025-12-06,T-01,EPIC,P-041770,partial_goodwill,56.8808,6.8257,50.0551
RFD-003396,ORD-0045132,2025-12-23,2025-12-06,T-01,NSW,P-015772,price_adjustment,2.4152,0.7246,1.6907
RFD-003397,ORD-0045148,2025-12-15,2025-12-06,T-01,XBOX,P-027011,platform_policy,48.4071,14.5221,33.8849
RFD-003398,ORD-0045149,2025-12-09,2025-12-06,T-04,PSN,P-003377,partial_goodwill,9.4153,2.8246,6.5907
RFD-003399,ORD-0045210,2026-01-16,2025-12-07,T-01,XBOX,P-035735,price_adjustment,25.6708,7.7012,17.9695
RFD-003400,ORD-0045226,2025-12-10,2025-12-07,T-03,STEAM,P-015692,partial_goodwill,2.4698,0.741,1.7289
RFD-003401,ORD-0045238,2025-12-09,2025-12-07,T-02,PSN,P-039364,platform_policy,33.0755,9.9227,23.1529
RFD-003402,ORD-0045248,2025-12-24,2025-12-07,T-03,XBOX,P-002505,partial_goodwill,5.0237,1.5071,3.5166
RFD-003403,ORD-0045256,2025-12-15,2025-12-07,T-04,XBOX,P-027196,price_adjustment,6.8969,2.0691,4.8278
RFD-003404,ORD-0045312,2025-12-10,2025-12-07,T-04,XBOX,P-004552,partial_goodwill,33.2811,9.9843,23.2968
RFD-003405,ORD-0045323,2025-12-10,2025-12-07,T-01,NSW,P-041054,partial_goodwill,5.9343,1.7803,4.154
RFD-003406,ORD-0045330,2025-12-15,2025-12-07,T-01,STEAM,P-029156,price_adjustment,12.8405,3.8521,8.9883
RFD-003407,ORD-0045336,2025-12-10,2025-12-07,T-01,XBOX,P-021736,price_adjustment,12.8405,3.8521,8.9883
RFD-003408,ORD-0045339,2026-01-16,2025-12-07,T-03,STEAM,P-010748,partial_goodwill,1.2793,0.3838,0.8955
RFD-003409,ORD-0045358,2026-01-17,2025-12-08,T-02,XBOX,P-020391,price_adjustment,24.4265,7.328,17.0986
RFD-003410,ORD-0045372,2026-01-25,2025-12-08,T-02,PSN,P-004827,player_request,8.3945,2.5183,5.8761
RFD-003411,ORD-0045381,2026-01-06,2025-12-08,T-02,STEAM,P-036708,partial_goodwill,12.8969,3.8691,9.0278
RFD-003412,ORD-0045393,2025-12-13,2025-12-08,T-01,STEAM,P-032616,platform_policy,9.5242,2.8572,6.6669
RFD-003413,ORD-0045413,2025-12-16,2025-12-08,T-01,STEAM,P-020835,price_adjustment,12.0602,3.6181,8.4421
RFD-003414,ORD-0045424,2025-12-22,2025-12-08,T-01,STEAM,P-023323,accidental_purchase,10.2082,3.0624,7.1457
RFD-003415,ORD-0045440,2025-12-13,2025-12-08,T-03,STEAM,P-039384,platform_policy,14.1997,4.2599,9.9398
RFD-003416,ORD-0045446,2025-12-25,2025-12-08,T-04,XBOX,P-039467,partial_goodwill,4.9563,1.4869,3.4694
RFD-003417,ORD-0045453,2025-12-17,2025-12-08,T-03,STEAM,P-031610,platform_policy,20.063,6.0189,14.0441
RFD-003418,ORD-0045457,2025-12-16,2025-12-08,T-03,NSW,P-041134,price_adjustment,11.6534,3.496,8.1574
RFD-003419,ORD-0045470,2025-12-10,2025-12-08,T-02,STEAM,P-035111,platform_policy,17.4241,5.2272,12.1969
RFD-003420,ORD-0045507,2025-12-23,2025-12-09,T-03,STEAM,P-029866,platform_policy,20.1312,6.0394,14.0919
RFD-003421,ORD-0045521,2026-01-18,2025-12-09,T-02,EPIC,P-030931,partial_goodwill,4.7961,0.5755,4.2206
RFD-003422,ORD-0045543,2026-02-18,2025-12-09,T-03,NSW,P-021324,platform_policy,19.4051,5.8215,13.5836
RFD-003423,ORD-0045587,2025-12-14,2025-12-09,T-02,EPIC,P-028265,accidental_purchase,8.5362,1.0243,7.5119
RFD-003424,ORD-0045612,2025-12-12,2025-12-09,T-01,XBOX,P-006118,price_adjustment,8.8093,2.6428,6.1665
RFD-003425,ORD-0045623,2025-12-12,2025-12-09,T-03,STEAM,P-039494,partial_goodwill,1.747,0.5241,1.2229
RFD-003426,ORD-0045638,2025-12-14,2025-12-09,T-02,XBOX,P-033762,platform_policy,8.5988,2.5796,6.0192
RFD-003427,ORD-0045667,2026-01-26,2025-12-09,T-01,STEAM,P-041606,accidental_purchase,9.616,2.8848,6.7312
RFD-003428,ORD-0045682,2026-01-08,2025-12-10,T-04,STEAM,P-004338,partial_goodwill,5.0384,1.5115,3.5269
RFD-003429,ORD-0045699,2025-12-31,2025-12-10,T-01,EPIC,P-001758,player_request,52.9263,6.3512,46.5751
RFD-003430,ORD-0045700,2026-01-08,2025-12-10,T-01,PSN,P-044963,price_adjustment,8.2875,2.4863,5.8013
RFD-003431,ORD-0045748,2026-01-08,2025-12-10,T-03,PSN,P-003313,price_adjustment,3.7636,1.1291,2.6345
RFD-003432,ORD-0045749,2026-01-08,2025-12-10,T-02,STEAM,P-009678,price_adjustment,12.3633,3.709,8.6543
RFD-003433,ORD-0045765,2026-01-27,2025-12-10,T-02,XBOX,P-036845,player_request,18.5449,5.5635,12.9814
RFD-003434,ORD-0045767,2025-12-19,2025-12-10,T-01,STEAM,P-022690,platform_policy,50.7785,15.2335,35.5449
RFD-003435,ORD-0045773,2025-12-27,2025-12-10,T-02,STEAM,P-041985,price_adjustment,7.7498,2.3249,5.4249
RFD-003436,ORD-0045774,2026-02-19,2025-12-10,T-01,PSN,P-029541,platform_policy,16.0519,4.8156,11.2363
RFD-003437,ORD-0045787,2025-12-27,2025-12-10,T-03,EPIC,P-042667,price_adjustment,1.6491,0.1979,1.4512
RFD-003438,ORD-0045807,2026-01-01,2025-12-11,T-04,STEAM,P-018638,player_request,5.0243,1.5073,3.517
RFD-003439,ORD-0045820,2025-12-14,2025-12-11,T-02,PSN,P-033940,partial_goodwill,2.4272,0.7282,1.6991
RFD-003440,ORD-0045838,2025-12-16,2025-12-11,T-02,STEAM,P-021138,platform_policy,24.1498,7.245,16.9049
RFD-003441,ORD-0045854,2025-12-19,2025-12-11,T-01,STEAM,P-001599,partial_goodwill,16.7072,5.0122,11.695
RFD-003442,ORD-0045862,2025-12-14,2025-12-11,T-01,XBOX,P-042390,price_adjustment,4.7355,1.4206,3.3148
RFD-003443,ORD-0045916,2025-12-14,2025-12-11,T-02,PSN,P-005602,partial_goodwill,2.8451,0.8535,1.9915
RFD-003444,ORD-0045922,2025-12-19,2025-12-11,T-01,EPIC,P-001951,price_adjustment,22.9997,2.76,20.2397
RFD-003445,ORD-0045927,2026-01-28,2025-12-11,T-02,EPIC,P-028397,player_request,8.5796,1.0295,7.55
RFD-003446,ORD-0045932,2025-12-28,2025-12-11,T-04,STEAM,P-021781,partial_goodwill,3.0388,0.9117,2.1272
RFD-003447,ORD-0045934,2025-12-13,2025-12-11,T-01,PSN,P-019046,accidental_purchase,96.0737,28.8221,67.2516
RFD-003448,ORD-0045984,2026-01-02,2025-12-12,T-01,EPIC,P-031311,accidental_purchase,16.0721,1.9287,14.1434
RFD-003449,ORD-0045985,2025-12-20,2025-12-12,T-03,PSN,P-030397,price_adjustment,1.7355,0.5206,1.2148
RFD-003450,ORD-0046131,2026-01-10,2025-12-12,T-01,PSN,P-036434,partial_goodwill,17.0926,5.1278,11.9649
RFD-003451,ORD-0046138,2025-12-20,2025-12-12,T-02,XBOX,P-044646,partial_goodwill,17.084,5.1252,11.9588
RFD-003452,ORD-0046145,2025-12-17,2025-12-12,T-01,XBOX,P-008314,accidental_purchase,9.5536,2.8661,6.6875
RFD-003453,ORD-0046151,2026-02-21,2025-12-12,T-02,STEAM,P-027030,platform_policy,24.6703,7.4011,17.2692
RFD-003454,ORD-0046159,2025-12-29,2025-12-12,T-01,XBOX,P-041697,partial_goodwill,8.8692,2.6608,6.2084
RFD-003455,ORD-0046170,2025-12-20,2025-12-12,T-02,STEAM,P-014473,partial_goodwill,2.4097,0.7229,1.6868
RFD-003456,ORD-0046179,2025-12-14,2025-12-12,T-01,STEAM,P-020250,player_request,16.5325,4.9598,11.5728
RFD-003457,ORD-0046188,2026-01-21,2025-12-12,T-04,STEAM,P-022733,partial_goodwill,15.1049,4.5315,10.5734
RFD-003458,ORD-0046195,2025-12-15,2025-12-12,T-01,STEAM,P-017999,partial_goodwill,8.3796,2.5139,5.8657
RFD-003459,ORD-0046216,2026-01-10,2025-12-12,T-03,STEAM,P-031756,price_adjustment,7.9282,2.3784,5.5497
RFD-003460,ORD-0046225,2025-12-20,2025-12-12,T-04,EPIC,P-033832,partial_goodwill,3.5219,0.4226,3.0992
RFD-003461,ORD-0046248,2025-12-17,2025-12-12,T-04,EPIC,P-037693,player_request,4.9242,0.5909,4.3333
RFD-003462,ORD-0046281,2026-01-02,2025-12-12,T-01,PSN,P-000142,platform_policy,17.7283,5.3185,12.4098
RFD-003463,ORD-0046321,2025-12-16,2025-12-13,T-04,STEAM,P-016109,price_adjustment,20.1298,6.0389,14.0908
RFD-003464,ORD-0046357,2025-12-15,2025-12-13,T-04,STEAM,P-023526,accidental_purchase,9.3916,2.8175,6.5741
RFD-003465,ORD-0046398,2025-12-21,2025-12-13,T-04,PSN,P-006111,partial_goodwill,4.8297,1.4489,3.3808
RFD-003466,ORD-0046410,2025-12-21,2025-12-13,T-03,XBOX,P-041056,price_adjustment,1.2043,0.3613,0.843
RFD-003467,ORD-0046456,2025-12-16,2025-12-13,T-02,XBOX,P-003681,partial_goodwill,9.6708,2.9012,6.7695
RFD-003468,ORD-0046460,2025-12-18,2025-12-13,T-01,EPIC,P-044114,player_request,57.4326,6.8919,50.5407
RFD-003469,ORD-0046484,2025-12-22,2025-12-13,T-01,PSN,P-025687,platform_policy,68.3706,20.5112,47.8594
RFD-003470,ORD-0046487,2026-02-22,2025-12-13,T-02,NSW,P-015898,accidental_purchase,8.6371,2.5911,6.046
RFD-003471,ORD-0046491,2025-12-30,2025-12-13,T-01,STEAM,P-008297,partial_goodwill,4.5864,1.3759,3.2104
RFD-003472,ORD-0046512,2026-01-30,2025-12-13,T-01,STEAM,P-035510,platform_policy,16.0721,4.8216,11.2505
RFD-003473,ORD-0046514,2025-12-15,2025-12-13,T-03,EPIC,P-009568,player_request,14.4518,1.7342,12.7176
RFD-003474,ORD-0046515,2026-01-22,2025-12-13,T-01,EPIC,P-024827,price_adjustment,16.7092,2.0051,14.7041
RFD-003475,ORD-0046516,2026-01-22,2025-12-13,T-01,STEAM,P-012295,partial_goodwill,24.2264,7.2679,16.9584
RFD-003476,ORD-0046517,2026-01-11,2025-12-13,T-03,PSN,P-020604,partial_goodwill,8.2537,2.4761,5.7776
RFD-003477,ORD-0046534,2025-12-21,2025-12-13,T-03,STEAM,P-014055,price_adjustment,14.2452,4.2736,9.9717
RFD-003478,ORD-0046573,2026-01-12,2025-12-14,T-03,STEAM,P-005835,partial_goodwill,7.2259,2.1678,5.0581
RFD-003479,ORD-0046577,2025-12-17,2025-12-14,T-01,PSN,P-000407,partial_goodwill,5.3044,1.5913,3.7131
RFD-003480,ORD-0046621,2026-01-23,2025-12-14,T-04,STEAM,P-042567,price_adjustment,7.5575,2.2672,5.2902
RFD-003481,ORD-0046647,2026-01-16,2025-12-14,T-01,PSN,P-011438,player_request,50.6423,15.1927,35.4496
RFD-003482,ORD-0046658,2025-12-17,2025-12-14,T-04,STEAM,P-008505,price_adjustment,10.0598,3.018,7.0419
RFD-003483,ORD-0046669,2025-12-22,2025-12-14,T-04,PSN,P-014223,price_adjustment,14.1077,4.2323,9.8754
RFD-003484,ORD-0046676,2025-12-16,2025-12-14,T-01,STEAM,P-015932,player_request,55.0829,16.5249,38.558
RFD-003485,ORD-0046718,2025-12-31,2025-12-14,T-02,XBOX,P-015493,price_adjustment,9.594,2.8782,6.7158
RFD-003486,ORD-0046727,2025-12-23,2025-12-14,T-04,STEAM,P-042285,platform_policy,30.2098,9.0629,21.1469
RFD-003487,ORD-0046734,2025-12-23,2025-12-14,T-03,PSN,P-006931,player_request,5.2569,1.5771,3.6799
RFD-003488,ORD-0046736,2026-01-04,2025-12-14,T-02,XBOX,P-016644,accidental_purchase,9.6851,2.9055,6.7796
RFD-003489,ORD-0046753,2026-01-04,2025-12-14,T-04,XBOX,P-040722,accidental_purchase,28.2154,8.4646,19.7508
RFD-003490,ORD-0046765,2026-01-23,2025-12-14,T-01,STEAM,P-025170,price_adjustment,1.6649,0.4995,1.1654
RFD-003491,ORD-0046769,2026-02-01,2025-12-15,T-01,STEAM,P-040137,player_request,20.3474,6.1042,14.2432
RFD-003492,ORD-0046775,2026-01-01,2025-12-15,T-01,STEAM,P-034825,price_adjustment,12.7361,3.8208,8.9153
RFD-003493,ORD-0046782,2025-12-23,2025-12-15,T-02,STEAM,P-007216,price_adjustment,16.453,4.9359,11.5171
RFD-003494,ORD-0046789,2026-01-24,2025-12-15,T-04,NSW,P-037909,partial_goodwill,7.6011,2.2803,5.3208
RFD-003495,ORD-0046795,2026-02-01,2025-12-15,T-01,STEAM,P-001518,platform_policy,4.5805,1.3741,3.2063
RFD-003496,ORD-0046805,2025-12-24,2025-12-15,T-03,EPIC,P-002873,platform_policy,5.2873,0.6345,4.6528
RFD-003497,ORD-0046806,2026-01-01,2025-12-15,T-02,PSN,P-029917,partial_goodwill,17.0037,5.1011,11.9026
RFD-003498,ORD-0046808,2026-01-13,2025-12-15,T-03,XBOX,P-020791,partial_goodwill,1.2491,0.3747,0.8743
RFD-003499,ORD-0046813,2026-02-24,2025-12-15,T-01,EPIC,P-037141,platform_policy,50.0429,6.0051,44.0377
RFD-003500,ORD-0046861,2025-12-18,2025-12-15,T-01,STEAM,P-020510,partial_goodwill,2.5371,0.7611,1.776
RFD-003501,ORD-0046866,2026-01-01,2025-12-15,T-02,NSW,P-017817,partial_goodwill,2.4316,0.7295,1.7021
RFD-003502,ORD-0046871,2026-01-17,2025-12-15,T-01,PSN,P-033034,player_request,10.1788,3.0536,7.1251
RFD-003503,ORD-0046872,2026-01-24,2025-12-15,T-03,EPIC,P-007681,partial_goodwill,4.9144,0.5897,4.3246
RFD-003504,ORD-0046879,2025-12-18,2025-12-15,T-01,STEAM,P-032524,price_adjustment,3.0989,0.9297,2.1692
RFD-003505,ORD-0046884,2026-01-24,2025-12-15,T-02,STEAM,P-026979,partial_goodwill,9.6183,2.8855,6.7328
RFD-003506,ORD-0046885,2025-12-17,2025-12-15,T-01,NSW,P-039496,accidental_purchase,50.9344,15.2803,35.6541
RFD-003507,ORD-0046910,2026-01-13,2025-12-15,T-03,PSN,P-042759,price_adjustment,7.5402,2.2621,5.2781
RFD-003508,ORD-0046911,2025-12-17,2025-12-15,T-02,STEAM,P-040140,accidental_purchase,9.9149,2.9745,6.9404
RFD-003509,ORD-0046926,2025-12-17,2025-12-15,T-03,STEAM,P-039488,platform_policy,14.7557,4.4267,10.329
RFD-003510,ORD-0046928,2025-12-23,2025-12-15,T-03,EPIC,P-042850,partial_goodwill,7.3864,0.8864,6.5001
RFD-003511,ORD-0046953,2026-01-14,2025-12-16,T-04,STEAM,P-000841,partial_goodwill,12.2319,3.6696,8.5623
RFD-003512,ORD-0046985,2025-12-18,2025-12-16,T-01,PSN,P-032440,platform_policy,30.5506,9.1652,21.3854
RFD-003513,ORD-0046995,2026-01-14,2025-12-16,T-01,EPIC,P-033542,partial_goodwill,5.0901,0.6108,4.4793
RFD-003514,ORD-0047000,2025-12-18,2025-12-16,T-03,XBOX,P-043108,platform_policy,9.531,2.8593,6.6717
RFD-003515,ORD-0047009,2026-01-14,2025-12-16,T-01,XBOX,P-042258,partial_goodwill,16.9915,5.0975,11.8941
RFD-003516,ORD-0047016,2026-02-02,2025-12-16,T-01,XBOX,P-040087,accidental_purchase,61.1826,18.3548,42.8278
RFD-003517,ORD-0047017,2026-02-25,2025-12-16,T-01,EPIC,P-018511,platform_policy,50.0318,6.0038,44.028
RFD-003518,ORD-0047049,2025-12-24,2025-12-16,T-02,STEAM,P-034739,price_adjustment,8.199,2.4597,5.7393
RFD-003519,ORD-0047050,2026-01-25,2025-12-16,T-03,PSN,P-034721,partial_goodwill,7.5488,2.2646,5.2841
RFD-003520,ORD-0047055,2026-01-25,2025-12-16,T-03,STEAM,P-040645,price_adjustment,7.0537,2.1161,4.9376
RFD-003521,ORD-0047057,2025-12-24,2025-12-16,T-02,STEAM,P-012427,price_adjustment,6.0512,1.8154,4.2358
RFD-003522,ORD-0047060,2025-12-19,2025-12-16,T-04,NSW,P-012832,partial_goodwill,7.3826,2.2148,5.1678
RFD-003523,ORD-0047069,2026-01-02,2025-12-16,T-01,EPIC,P-023797,price_adjustment,15.8575,1.9029,13.9546
RFD-003524,ORD-0047076,2026-01-14,2025-12-16,T-01,PSN,P-004381,partial_goodwill,5.0901,1.527,3.5631
RFD-003525,ORD-0047089,2026-01-25,2025-12-16,T-01,XBOX,P-019997,price_adjustment,24.0249,7.2075,16.8175
RFD-003526,ORD-0047090,2025-12-21,2025-12-16,T-01,EPIC,P-022547,accidental_purchase,5.0901,0.6108,4.4793
RFD-003527,ORD-0047132,2026-01-15,2025-12-17,T-03,XBOX,P-030031,partial_goodwill,4.7264,1.4179,3.3085
RFD-003528,ORD-0047138,2026-01-03,2025-12-17,T-04,STEAM,P-019895,partial_goodwill,5.1755,1.5526,3.6228
RFD-003529,ORD-0047151,2025-12-20,2025-12-17,T-04,PSN,P-029489,partial_goodwill,15.1619,4.5486,10.6133
RFD-003530,ORD-0047178,2025-12-20,2025-12-17,T-02,STEAM,P-010142,partial_goodwill,8.6596,2.5979,6.0617
RFD-003531,ORD-0047190,2026-01-03,2025-12-17,T-01,STEAM,P-041632,partial_goodwill,5.5683,1.6705,3.8978
RFD-003532,ORD-0047198,2026-01-26,2025-12-17,T-04,STEAM,P-023712,partial_goodwill,10.0066,3.002,7.0046
RFD-003533,ORD-0047205,2025-12-19,2025-12-17,T-03,NSW,P-030474,accidental_purchase,10.0269,3.0081,7.0188
RFD-003534,ORD-0047211,2026-01-26,2025-12-17,T-02,XBOX,P-041246,partial_goodwill,2.1194,0.6358,1.4836
RFD-003535,ORD-0047232,2026-01-15,2025-12-17,T-02,PSN,P-039177,partial_goodwill,12.3766,3.713,8.6636
RFD-003536,ORD-0047246,2026-01-03,2025-12-17,T-03,STEAM,P-013333,price_adjustment,10.1687,3.0506,7.1181
RFD-003537,ORD-0047256,2026-02-26,2025-12-17,T-03,XBOX,P-033812,accidental_purchase,5.0134,1.504,3.5094
RFD-003538,ORD-0047275,2026-02-26,2025-12-17,T-02,EPIC,P-012898,accidental_purchase,24.2127,2.9055,21.3072
RFD-003539,ORD-0047280,2026-01-20,2025-12-18,T-01,STEAM,P-003153,accidental_purchase,111.9878,33.5963,78.3914
RFD-003540,ORD-0047286,2025-12-26,2025-12-18,T-03,STEAM,P-015342,partial_goodwill,5.8642,1.7593,4.1049
RFD-003541,ORD-0047287,2026-01-16,2025-12-18,T-01,PSN,P-005867,partial_goodwill,1.6385,0.4916,1.147
RFD-003542,ORD-0047293,2026-01-27,2025-12-18,T-04,EPIC,P-004877,price_adjustment,9.6812,1.1617,8.5194
RFD-003543,ORD-0047307,2026-01-16,2025-12-18,T-03,STEAM,P-040915,partial_goodwill,10.1835,3.055,7.1284
RFD-003544,ORD-0047310,2026-02-04,2025-12-18,T-04,STEAM,P-017713,player_request,9.7025,2.9107,6.7917
RFD-003545,ORD-0047328,2026-01-27,2025-12-18,T-03,STEAM,P-006231,partial_goodwill,7.5362,2.2609,5.2753
RFD-003546,ORD-0047340,2026-01-16,2025-12-18,T-03,STEAM,P-004735,partial_goodwill,4.645,1.3935,3.2515
RFD-003547,ORD-0047344,2026-02-27,2025-12-18,T-01,STEAM,P-006959,platform_policy,61.0805,18.3242,42.7564
RFD-003548,ORD-0047350,2025-12-20,2025-12-18,T-03,STEAM,P-016210,platform_policy,20.6205,6.1862,14.4344
RFD-003549,ORD-0047393,2026-02-27,2025-12-18,T-01,EPIC,P-007106,accidental_purchase,48.0502,5.766,42.2842
RFD-003550,ORD-0047405,2025-12-23,2025-12-18,T-04,XBOX,P-032159,player_request,10.6298,3.1889,7.4408
RFD-003551,ORD-0047409,2026-01-16,2025-12-18,T-01,EPIC,P-002799,partial_goodwill,2.2923,0.2751,2.0172
RFD-003552,ORD-0047410,2026-02-04,2025-12-18,T-01,NSW,P-000210,player_request,9.1743,2.7523,6.422
RFD-003553,ORD-0047420,2025-12-26,2025-12-18,T-01,PSN,P-042383,price_adjustment,8.4113,2.5234,5.8879
RFD-003554,ORD-0047449,2025-12-21,2025-12-18,T-04,STEAM,P-022998,partial_goodwill,1.6634,0.499,1.1644
RFD-003555,ORD-0047487,2025-12-22,2025-12-19,T-01,STEAM,P-013797,partial_goodwill,12.4942,3.7483,8.746
RFD-003556,ORD-0047501,2026-01-28,2025-12-19,T-04,STEAM,P-018810,price_adjustment,5.2959,1.5888,3.7072
RFD-003557,ORD-0047514,2026-01-21,2025-12-19,T-04,XBOX,P-040328,accidental_purchase,30.2596,9.0779,21.1817
RFD-003558,ORD-0047526,2025-12-27,2025-12-19,T-03,EPIC,P-000287,partial_goodwill,3.3049,0.3966,2.9083
RFD-003559,ORD-0047534,2026-01-09,2025-12-19,T-04,XBOX,P-041347,accidental_purchase,32.2751,9.6825,22.5925
RFD-003560,ORD-0047537,2025-12-22,2025-12-19,T-01,EPIC,P-007227,partial_goodwill,3.0362,0.3643,2.6719
RFD-003561,ORD-0047583,2026-01-28,2025-12-19,T-01,NSW,P-036524,partial_goodwill,4.0298,1.209,2.8209
RFD-003562,ORD-0047590,2025-12-28,2025-12-19,T-01,STEAM,P-015387,platform_policy,55.7893,16.7368,39.0525
RFD-003563,ORD-0047624,2025-12-27,2025-12-19,T-01,STEAM,P-037654,partial_goodwill,2.3005,0.6902,1.6104
RFD-003564,ORD-0047627,2025-12-28,2025-12-19,T-02,STEAM,P-019105,platform_policy,29.6431,8.8929,20.7502
RFD-003565,ORD-0047641,2026-02-28,2025-12-19,T-01,PSN,P-006652,platform_policy,101.4517,30.4355,71.0162
RFD-003566,ORD-0047655,2026-01-17,2025-12-19,T-02,STEAM,P-009524,partial_goodwill,21.148,6.3444,14.8036
RFD-003567,ORD-0047660,2025-12-27,2025-12-19,T-03,STEAM,P-017606,partial_goodwill,1.6721,0.5016,1.1705
RFD-003568,ORD-0047673,2025-12-28,2025-12-19,T-04,XBOX,P-031618,accidental_purchase,9.2463,2.7739,6.4724
RFD-003569,ORD-0047709,2026-01-09,2025-12-19,T-03,PSN,P-019453,platform_policy,5.0028,1.5009,3.502
RFD-003570,ORD-0047710,2025-12-22,2025-12-19,T-02,STEAM,P-015828,price_adjustment,24.2604,7.2781,16.9823
RFD-003571,ORD-0047716,2025-12-27,2025-12-19,T-01,STEAM,P-015615,price_adjustment,5.5331,1.6599,3.8732
RFD-003572,ORD-0047724,2025-12-21,2025-12-19,T-01,EPIC,P-043094,platform_policy,5.0635,0.6076,4.4559
RFD-003573,ORD-0047741,2025-12-27,2025-12-19,T-03,STEAM,P-039178,price_adjustment,9.9147,2.9744,6.9403
RFD-003574,ORD-0047757,2026-01-05,2025-12-19,T-04,XBOX,P-027286,price_adjustment,2.4727,0.7418,1.7309
RFD-003575,ORD-0047761,2026-01-17,2025-12-19,T-01,PSN,P-010920,partial_goodwill,5.0635,1.519,3.5444
RFD-003576,ORD-0047763,2025-12-22,2025-12-19,T-01,PSN,P-040571,partial_goodwill,1.2633,0.379,0.8843
RFD-003577,ORD-0047767,2026-01-29,2025-12-20,T-02,XBOX,P-018525,price_adjustment,12.3505,3.7051,8.6453
RFD-003578,ORD-0047774,2026-01-03,2025-12-20,T-02,EPIC,P-043112,accidental_purchase,18.2355,2.1883,16.0472
RFD-003579,ORD-0047808,2026-01-29,2025-12-20,T-01,PSN,P-007002,price_adjustment,3.3006,0.9902,2.3104
RFD-003580,ORD-0047811,2026-01-18,2025-12-20,T-01,STEAM,P-035511,price_adjustment,33.4837,10.0451,23.4386
RFD-003581,ORD-0047817,2025-12-22,2025-12-20,T-01,XBOX,P-040536,accidental_purchase,50.7258,15.2177,35.5081
RFD-003582,ORD-0047824,2026-01-18,2025-12-20,T-03,STEAM,P-030839,price_adjustment,3.7597,1.1279,2.6318
RFD-003583,ORD-0047841,2026-01-29,2025-12-20,T-04,PSN,P-006798,partial_goodwill,3.101,0.9303,2.1707
RFD-003584,ORD-0047853,2026-01-22,2025-12-20,T-01,STEAM,P-033264,accidental_purchase,17.7576,5.3273,12.4303
RFD-003585,ORD-0047855,2026-02-06,2025-12-20,T-03,STEAM,P-021762,platform_policy,5.2656,1.5797,3.6859
RFD-003586,ORD-0047864,2026-02-06,2025-12-20,T-01,PSN,P-014603,platform_policy,49.9642,14.9893,34.975
RFD-003587,ORD-0047883,2026-01-10,2025-12-20,T-01,STEAM,P-027227,accidental_purchase,17.4894,5.2468,12.2426
RFD-003588,ORD-0047915,2025-12-23,2025-12-20,T-04,STEAM,P-027045,price_adjustment,3.2631,0.9789,2.2842
RFD-003589,ORD-0047930,2025-12-28,2025-12-20,T-04,STEAM,P-004226,partial_goodwill,9.9855,2.9956,6.9898
RFD-003590,ORD-0047937,2026-01-03,2025-12-20,T-02,PSN,P-042699,player_request,9.8743,2.9623,6.912
RFD-003591,ORD-0047950,2026-02-06,2025-12-20,T-01,PSN,P-000908,accidental_purchase,46.7252,14.0176,32.7076
RFD-003592,ORD-0047983,2025-12-22,2025-12-20,T-03,EPIC,P-005748,accidental_purchase,9.5397,1.1448,8.3949
RFD-003593,ORD-0048004,2026-01-06,2025-12-20,T-04,XBOX,P-033149,partial_goodwill,3.3251,0.9975,2.3276
RFD-003594,ORD-0048021,2026-01-18,2025-12-20,T-03,EPIC,P-030002,partial_goodwill,7.1578,0.8589,6.2989
RFD-003595,ORD-0048024,2026-01-06,2025-12-20,T-01,STEAM,P-026721,partial_goodwill,12.4942,3.7483,8.746
RFD-003596,ORD-0048040,2026-02-06,2025-12-20,T-02,STEAM,P-037328,accidental_purchase,49.4221,14.8266,34.5954
RFD-003597,ORD-0048054,2026-01-30,2025-12-21,T-01,XBOX,P-031668,partial_goodwill,23.0192,6.9058,16.1135
RFD-003598,ORD-0048094,2025-12-24,2025-12-21,T-02,STEAM,P-001731,price_adjustment,29.1995,8.7599,20.4397
RFD-003599,ORD-0048108,2026-01-04,2025-12-21,T-04,STEAM,P-002703,player_request,27.6705,8.3012,19.3694
RFD-003600,ORD-0048112,2025-12-24,2025-12-21,T-02,XBOX,P-041262,partial_goodwill,21.8283,6.5485,15.2798
RFD-003601,ORD-0048117,2025-12-29,2025-12-21,T-01,XBOX,P-039212,partial_goodwill,18.5007,5.5502,12.9505
RFD-003602,ORD-0048127,2026-01-30,2025-12-21,T-04,XBOX,P-036424,partial_goodwill,1.6575,0.4973,1.1603
RFD-003603,ORD-0048134,2026-01-07,2025-12-21,T-03,NSW,P-028814,price_adjustment,1.2344,0.3703,0.8641
RFD-003604,ORD-0048155,2025-12-26,2025-12-21,T-01,PSN,P-012631,player_request,20.7135,6.2141,14.4995
RFD-003605,ORD-0048156,2026-01-19,2025-12-21,T-04,STEAM,P-005904,price_adjustment,5.0433,1.513,3.5303
RFD-003606,ORD-0048168,2026-01-07,2025-12-21,T-03,EPIC,P-042957,partial_goodwill,4.724,0.5669,4.1571
RFD-003607,ORD-0048185,2026-01-19,2025-12-21,T-02,PSN,P-019777,price_adjustment,12.0843,3.6253,8.459
RFD-003608,ORD-0048188,2025-12-23,2025-12-21,T-01,PSN,P-033692,platform_policy,104.911,31.4733,73.4377
RFD-003609,ORD-0048245,2025-12-29,2025-12-21,T-04,XBOX,P-022413,partial_goodwill,3.2374,0.9712,2.2662
RFD-003610,ORD-0048248,2025-12-23,2025-12-21,T-03,EPIC,P-010452,platform_policy,14.3156,1.7179,12.5977
RFD-003611,ORD-0048262,2026-01-19,2025-12-21,T-01,EPIC,P-038071,price_adjustment,9.1972,1.1037,8.0935
RFD-003612,ORD-0048282,2025-12-25,2025-12-22,T-04,XBOX,P-033238,price_adjustment,32.7602,9.8281,22.9322
RFD-003613,ORD-0048343,2026-01-20,2025-12-22,T-02,STEAM,P-024529,price_adjustment,9.2982,2.7895,6.5087
RFD-003614,ORD-0048353,2026-01-08,2025-12-22,T-03,PSN,P-002503,price_adjustment,2.6463,0.7939,1.8524
RFD-003615,ORD-0048354,2025-12-30,2025-12-22,T-02,STEAM,P-040772,price_adjustment,2.419,0.7257,1.6933
RFD-003616,ORD-0048362,2025-12-24,2025-12-22,T-01,NSW,P-022435,platform_policy,26.1921,7.8576,18.3344
RFD-003617,ORD-0048376,2025-12-25,2025-12-22,T-03,STEAM,P-022594,price_adjustment,14.2136,4.2641,9.9496
RFD-003618,ORD-0048385,2026-02-08,2025-12-22,T-02,STEAM,P-030416,platform_policy,24.1168,7.2351,16.8818
RFD-003619,ORD-0048400,2026-03-03,2025-12-22,T-03,PSN,P-012153,player_request,20.4376,6.1313,14.3063
RFD-003620,ORD-0048407,2025-12-30,2025-12-22,T-03,STEAM,P-005385,partial_goodwill,4.9974,1.4992,3.4982
RFD-003621,ORD-0048409,2026-03-03,2025-12-22,T-03,PSN,P-012759,accidental_purchase,4.7316,1.4195,3.3121
RFD-003622,ORD-0048416,2025-12-30,2025-12-22,T-02,STEAM,P-000429,price_adjustment,6.0342,1.8103,4.224
RFD-003623,ORD-0048453,2025-12-25,2025-12-22,T-04,XBOX,P-021267,partial_goodwill,2.4367,0.731,1.7057
RFD-003624,ORD-0048496,2026-01-21,2025-12-23,T-01,PSN,P-013217,partial_goodwill,8.9532,2.686,6.2672
RFD-003625,ORD-0048500,2026-02-09,2025-12-23,T-01,STEAM,P-027931,accidental_purchase,63.4205,19.0262,44.3944
RFD-003626,ORD-0048519,2026-01-21,2025-12-23,T-01,XBOX,P-013416,partial_goodwill,23.7813,7.1344,16.6469
RFD-003627,ORD-0048525,2026-01-21,2025-12-23,T-01,PSN,P-002889,price_adjustment,12.783,3.8349,8.9481
RFD-003628,ORD-0048530,2026-01-21,2025-12-23,T-04,STEAM,P-005207,partial_goodwill,5.3373,1.6012,3.7361
RFD-003629,ORD-0048535,2026-01-06,2025-12-23,T-02,XBOX,P-020476,accidental_purchase,29.8746,8.9624,20.9122
RFD-003630,ORD-0048538,2026-01-09,2025-12-23,T-01,EPIC,P-034117,partial_goodwill,27.5453,3.3054,24.2399
RFD-003631,ORD-0048543,2026-01-06,2025-12-23,T-02,STEAM,P-001882,platform_policy,8.3964,2.5189,5.8775
RFD-003632,ORD-0048557,2026-01-13,2025-12-23,T-03,STEAM,P-035195,player_request,20.4528,6.1359,14.317
RFD-003633,ORD-0048560,2025-12-31,2025-12-23,T-02,XBOX,P-040908,price_adjustment,4.1991,1.2597,2.9393
RFD-003634,ORD-0048565,2025-12-31,2025-12-23,T-03,XBOX,P-017176,partial_goodwill,3.5898,1.0769,2.5129
RFD-003635,ORD-0048583,2026-02-01,2025-12-23,T-04,STEAM,P-003269,partial_goodwill,9.2511,2.7753,6.4758
RFD-003636,ORD-0048586,2026-01-21,2025-12-23,T-02,STEAM,P-008174,price_adjustment,2.7854,0.8356,1.9498
RFD-003637,ORD-0048607,2025-12-26,2025-12-23,T-01,XBOX,P-026131,price_adjustment,31.3933,9.418,21.9753
RFD-003638,ORD-0048632,2026-02-02,2025-12-24,T-01,STEAM,P-037610,partial_goodwill,11.7477,3.5243,8.2234
RFD-003639,ORD-0048647,2026-01-10,2025-12-24,T-01,STEAM,P-035799,price_adjustment,1.5679,0.4704,1.0975
RFD-003640,ORD-0048655,2026-01-22,2025-12-24,T-03,XBOX,P-008157,price_adjustment,5.015,1.5045,3.5105
RFD-003641,ORD-0048690,2026-02-10,2025-12-24,T-01,STEAM,P-024362,player_request,9.4976,2.8493,6.6483
RFD-003642,ORD-0048700,2026-01-01,2025-12-24,T-02,XBOX,P-010525,price_adjustment,9.6183,2.8855,6.7328
RFD-003643,ORD-0048714,2026-01-02,2025-12-24,T-01,STEAM,P-010315,accidental_purchase,47.5383,14.2615,33.2768
RFD-003644,ORD-0048719,2026-01-01,2025-12-24,T-01,PSN,P-036920,price_adjustment,12.8183,3.8455,8.9728
RFD-003645,ORD-0048720,2025-12-26,2025-12-24,T-02,STEAM,P-028187,accidental_purchase,24.9727,7.4918,17.4809
RFD-003646,ORD-0048722,2026-01-14,2025-12-24,T-01,STEAM,P-011897,platform_policy,15.3615,4.6085,10.7531
RFD-003647,ORD-0048743,2026-02-02,2025-12-24,T-01,PSN,P-033459,price_adjustment,2.2859,0.6858,1.6001
RFD-003648,ORD-0048771,2026-01-10,2025-12-24,T-03,STEAM,P-034836,partial_goodwill,3.1183,0.9355,2.1828
RFD-003649,ORD-0048812,2026-02-02,2025-12-24,T-04,STEAM,P-025209,partial_goodwill,9.212,2.7636,6.4484
RFD-003650,ORD-0048828,2026-01-11,2025-12-25,T-01,XBOX,P-033591,price_adjustment,47.7332,14.32,33.4132
RFD-003651,ORD-0048830,2026-01-11,2025-12-25,T-02,PSN,P-038455,price_adjustment,12.5129,3.7539,8.759
RFD-003652,ORD-0048854,2025-12-28,2025-12-25,T-03,STEAM,P-043588,price_adjustment,4.917,1.4751,3.4419
RFD-003653,ORD-0048868,2025-12-28,2025-12-25,T-01,NSW,P-021602,price_adjustment,18.645,5.5935,13.0515
RFD-003654,ORD-0048896,2026-01-08,2025-12-25,T-02,EPIC,P-032096,platform_policy,35.0403,4.2048,30.8354
RFD-003655,ORD-0048903,2026-01-23,2025-12-25,T-01,EPIC,P-014811,partial_goodwill,2.2814,0.2738,2.0076
RFD-003656,ORD-0048904,2025-12-30,2025-12-25,T-02,STEAM,P-026748,accidental_purchase,4.8238,1.4471,3.3766
RFD-003657,ORD-0048916,2026-02-11,2025-12-25,T-02,STEAM,P-030191,accidental_purchase,43.8477,13.1543,30.6934
RFD-003658,ORD-0048928,2025-12-30,2025-12-25,T-01,PSN,P-026898,platform_policy,95.9401,28.782,67.1581
RFD-003659,ORD-0048936,2026-02-11,2025-12-25,T-01,PSN,P-001969,player_request,9.4104,2.8231,6.5872
RFD-003660,ORD-0048939,2025-12-28,2025-12-25,T-01,STEAM,P-006221,partial_goodwill,12.8508,3.8552,8.9956
RFD-003661,ORD-0048959,2026-01-02,2025-12-25,T-01,PSN,P-025889,price_adjustment,23.8666,7.16,16.7066
RFD-003662,ORD-0048995,2025-12-29,2025-12-26,T-04,NSW,P-029547,partial_goodwill,17.2624,5.1787,12.0836
RFD-003663,ORD-0049007,2026-02-04,2025-12-26,T-01,EPIC,P-030632,price_adjustment,15.7172,1.8861,13.8311
RFD-003664,ORD-0049020,2026-03-07,2025-12-26,T-02,STEAM,P-010787,player_request,4.9832,1.495,3.4882
RFD-003665,ORD-0049022,2026-01-12,2025-12-26,T-01,STEAM,P-010346,partial_goodwill,22.7562,6.8269,15.9293
RFD-003666,ORD-0049026,2026-01-28,2025-12-26,T-01,NSW,P-040532,platform_policy,15.9334,4.78,11.1534
RFD-003667,ORD-0049029,2026-02-04,2025-12-26,T-01,STEAM,P-027864,price_adjustment,8.3369,2.5011,5.8358
RFD-003668,ORD-0049033,2026-02-12,2025-12-26,T-02,PSN,P-025769,player_request,24.967,7.4901,17.4769
RFD-003669,ORD-0049042,2025-12-31,2025-12-26,T-01,NSW,P-028670,player_request,112.7448,33.8235,78.9214
RFD-003670,ORD-0049048,2026-01-24,2025-12-26,T-01,PSN,P-032837,price_adjustment,11.263,3.3789,7.8841
RFD-003671,ORD-0049059,2026-01-04,2025-12-26,T-04,STEAM,P-035349,accidental_purchase,30.5731,9.1719,21.4012
RFD-003672,ORD-0049072,2026-01-24,2025-12-26,T-04,PSN,P-005893,price_adjustment,15.2866,4.586,10.7006
RFD-003673,ORD-0049088,2026-01-24,2025-12-26,T-01,NSW,P-030632,partial_goodwill,2.3762,0.7129,1.6633
RFD-003674,ORD-0049098,2026-01-12,2025-12-26,T-03,NSW,P-035626,price_adjustment,15.1845,4.5553,10.6291
RFD-003675,ORD-0049124,2026-01-03,2025-12-26,T-01,STEAM,P-031417,price_adjustment,7.1286,2.1386,4.99
RFD-003676,ORD-0049129,2026-02-04,2025-12-26,T-02,STEAM,P-020470,price_adjustment,2.4064,0.7219,1.6845
RFD-003677,ORD-0049146,2026-01-03,2025-12-26,T-01,PSN,P-032412,price_adjustment,2.2725,0.6818,1.5908
RFD-003678,ORD-0049156,2026-01-03,2025-12-26,T-01,EPIC,P-038319,partial_goodwill,13.6524,1.6383,12.0141
RFD-003679,ORD-0049160,2026-01-24,2025-12-26,T-02,STEAM,P-024999,price_adjustment,6.1008,1.8302,4.2706
RFD-003680,ORD-0049176,2025-12-31,2025-12-26,T-02,PSN,P-026538,accidental_purchase,8.741,2.6223,6.1187
RFD-003681,ORD-0049178,2026-01-03,2025-12-26,T-03,XBOX,P-017502,partial_goodwill,1.5808,0.4742,1.1065
RFD-003682,ORD-0049206,2026-01-12,2025-12-26,T-01,XBOX,P-022688,price_adjustment,5.2587,1.5776,3.6811
RFD-003683,ORD-0049208,2026-01-09,2025-12-26,T-02,PSN,P-028325,platform_policy,32.9519,9.8856,23.0664
RFD-003684,ORD-0049236,2026-01-24,2025-12-26,T-02,PSN,P-037867,partial_goodwill,4.7761,1.4328,3.3433
RFD-003685,ORD-0049266,2026-01-17,2025-12-27,T-02,PSN,P-027944,accidental_purchase,4.9832,1.495,3.4882
RFD-003686,ORD-0049270,2026-01-10,2025-12-27,T-02,PSN,P-025456,player_request,18.7176,5.6153,13.1023
RFD-003687,ORD-0049305,2026-01-25,2025-12-27,T-01,PSN,P-003173,partial_goodwill,2.5529,0.7659,1.787
RFD-003688,ORD-0049311,2026-01-25,2025-12-27,T-03,XBOX,P-006820,price_adjustment,3.5945,1.0784,2.5162
RFD-003689,ORD-0049335,2026-01-04,2025-12-27,T-03,NSW,P-037742,partial_goodwill,10.0175,3.0052,7.0122
RFD-003690,ORD-0049347,2026-02-13,2025-12-27,T-01,STEAM,P-036824,accidental_purchase,22.7254,6.8176,15.9078
RFD-003691,ORD-0049353,2026-01-04,2025-12-27,T-02,PSN,P-035548,partial_goodwill,3.2881,0.9864,2.3017
RFD-003692,ORD-0049385,2026-01-13,2025-12-27,T-03,STEAM,P-016687,partial_goodwill,5.0138,1.5041,3.5097
RFD-003693,ORD-0049394,2026-01-13,2025-12-27,T-01,STEAM,P-027459,price_adjustment,25.6206,7.6862,17.9344
RFD-003694,ORD-0049396,2026-01-01,2025-12-27,T-01,XBOX,P-001572,accidental_purchase,51.2514,15.3754,35.876
RFD-003695,ORD-0049397,2026-02-13,2025-12-27,T-01,PSN,P-036310,accidental_purchase,9.5149,2.8545,6.6604
RFD-003696,ORD-0049422,2026-01-13,2025-12-27,T-04,XBOX,P-021734,partial_goodwill,6.4945,1.9483,4.5461
RFD-003697,ORD-0049429,2026-01-25,2025-12-27,T-04,XBOX,P-019053,partial_goodwill,9.8678,2.9603,6.9075
RFD-003698,ORD-0049430,2026-01-17,2025-12-27,T-04,STEAM,P-022994,platform_policy,9.3241,2.7972,6.5269
RFD-003699,ORD-0049436,2026-01-01,2025-12-27,T-01,XBOX,P-027087,player_request,51.2514,15.3754,35.876
RFD-003700,ORD-0049453,2026-01-04,2025-12-27,T-04,STEAM,P-006898,price_adjustment,3.2421,0.9726,2.2695
RFD-003701,ORD-0049454,2026-02-05,2025-12-27,T-03,XBOX,P-044137,partial_goodwill,7.5871,2.2761,5.311
RFD-003702,ORD-0049456,2026-01-13,2025-12-27,T-04,XBOX,P-011120,price_adjustment,20.1779,6.0534,14.1245
RFD-003703,ORD-0049457,2026-01-10,2025-12-27,T-01,STEAM,P-030473,accidental_purchase,4.9973,1.4992,3.4981
RFD-003704,ORD-0049459,2026-01-10,2025-12-27,T-04,PSN,P-000737,accidental_purchase,41.2748,12.3824,28.8923
RFD-003705,ORD-0049474,2026-02-05,2025-12-27,T-03,XBOX,P-035959,partial_goodwill,4.7145,1.4143,3.3001
RFD-003706,ORD-0049511,2026-02-05,2025-12-27,T-03,STEAM,P-026975,partial_goodwill,1.1773,0.3532,0.8241
RFD-003707,ORD-0049515,2026-01-04,2025-12-27,T-01,STEAM,P-038173,price_adjustment,14.1478,4.2443,9.9034
RFD-003708,ORD-0049519,2026-01-14,2025-12-28,T-03,STEAM,P-043786,partial_goodwill,2.5324,0.7597,1.7727
RFD-003709,ORD-0049526,2026-01-02,2025-12-28,T-03,PSN,P-024372,platform_policy,30.3587,9.1076,21.2511
RFD-003710,ORD-0049533,2025-12-30,2025-12-28,T-01,PSN,P-020846,player_request,47.6248,14.2874,33.3374
RFD-003711,ORD-0049534,2025-12-31,2025-12-28,T-03,NSW,P-017259,partial_goodwill,4.7524,1.4257,3.3267
RFD-003712,ORD-0049554,2026-01-06,2025-12-28,T-02,STEAM,P-028197,accidental_purchase,24.967,7.4901,17.4769
RFD-003713,ORD-0049572,2025-12-31,2025-12-28,T-01,XBOX,P-013731,price_adjustment,15.7172,4.7152,11.002
RFD-003714,ORD-0049577,2026-01-26,2025-12-28,T-02,STEAM,P-022109,price_adjustment,8.4375,2.5313,5.9063
RFD-003715,ORD-0049597,2026-01-05,2025-12-28,T-01,STEAM,P-034918,partial_goodwill,11.7914,3.5374,8.254
RFD-003716,ORD-0049599,2026-01-06,2025-12-28,T-04,XBOX,P-014393,accidental_purchase,4.662,1.3986,3.2634
RFD-003717,ORD-0049603,2026-01-11,2025-12-28,T-04,STEAM,P-020815,player_request,14.4719,4.3416,10.1303
RFD-003718,ORD-0049609,2026-01-14,2025-12-28,T-02,NSW,P-029344,price_adjustment,8.0472,2.4142,5.633
RFD-003719,ORD-0049616,2026-03-09,2025-12-28,T-02,STEAM,P-035782,player_request,18.0733,5.422,12.6513
RFD-003720,ORD-0049634,2026-01-11,2025-12-28,T-01,STEAM,P-039567,player_request,110.2457,33.0737,77.172
RFD-003721,ORD-0049635,2025-12-31,2025-12-28,T-01,XBOX,P-029008,partial_goodwill,4.6641,1.3992,3.2649
RFD-003722,ORD-0049664,2026-02-06,2025-12-28,T-01,STEAM,P-016094,partial_goodwill,5.7837,1.7351,4.0486
RFD-003723,ORD-0049672,2026-01-02,2025-12-28,T-01,STEAM,P-002544,platform_policy,64.2985,19.2896,45.009
RFD-003724,ORD-0049683,2026-01-30,2025-12-28,T-04,PSN,P-035401,accidental_purchase,30.5731,9.1719,21.4012
RFD-003725,ORD-0049688,2026-01-05,2025-12-28,T-01,STEAM,P-013379,price_adjustment,16.9102,5.0731,11.8371
RFD-003726,ORD-0049696,2025-12-30,2025-12-28,T-04,PSN,P-028969,player_request,19.134,5.7402,13.3938
RFD-003727,ORD-0049699,2026-01-30,2025-12-28,T-01,EPIC,P-009328,player_request,51.2514,6.1502,45.1012
RFD-003728,ORD-0049705,2026-03-09,2025-12-28,T-04,PSN,P-032039,platform_policy,5.0853,1.5256,3.5597
RFD-003729,ORD-0049713,2026-01-11,2025-12-28,T-02,NSW,P-027073,platform_policy,9.6256,2.8877,6.738
RFD-003730,ORD-0049724,2025-12-31,2025-12-28,T-04,XBOX,P-028503,price_adjustment,7.9761,2.3928,5.5833
RFD-003731,ORD-0049738,2026-02-06,2025-12-28,T-02,NSW,P-019046,partial_goodwill,7.9542,2.3863,5.568
RFD-003732,ORD-0049748,2026-01-30,2025-12-28,T-01,XBOX,P-028219,platform_policy,51.2514,15.3754,35.876
RFD-003733,ORD-0049751,2026-01-02,2025-12-28,T-01,EPIC,P-041777,platform_policy,17.9416,2.153,15.7886
RFD-003734,ORD-0049765,2026-01-14,2025-12-28,T-03,PSN,P-015469,price_adjustment,1.5538,0.4661,1.0877
RFD-003735,ORD-0049772,2026-02-06,2025-12-28,T-03,XBOX,P-000446,partial_goodwill,2.5324,0.7597,1.7727
RFD-003736,ORD-0049813,2025-12-30,2025-12-28,T-04,XBOX,P-010904,platform_policy,18.2248,5.4674,12.7574
RFD-003737,ORD-0049817,2026-03-09,2025-12-28,T-04,STEAM,P-007335,player_request,30.5731,9.1719,21.4012
RFD-003738,ORD-0049825,2026-02-06,2025-12-28,T-01,STEAM,P-041192,partial_goodwill,5.4487,1.6346,3.8141
RFD-003739,ORD-0049830,2025-12-30,2025-12-28,T-03,STEAM,P-032219,player_request,25.304,7.5912,17.7128
RFD-003740,ORD-0049835,2026-01-19,2025-12-29,T-01,PSN,P-008349,accidental_purchase,51.1362,15.3409,35.7954
RFD-003741,ORD-0049851,2026-01-03,2025-12-29,T-03,PSN,P-029088,accidental_purchase,5.3082,1.5925,3.7158
RFD-003742,ORD-0049854,2026-02-07,2025-12-29,T-01,NSW,P-030201,price_adjustment,27.3187,8.1956,19.1231
RFD-003743,ORD-0049855,2026-02-07,2025-12-29,T-03,EPIC,P-010970,price_adjustment,7.5701,0.9084,6.6617
RFD-003744,ORD-0049861,2026-01-15,2025-12-29,T-01,STEAM,P-005384,price_adjustment,16.9211,5.0763,11.8447
RFD-003745,ORD-0049863,2026-02-07,2025-12-29,T-03,NSW,P-031788,partial_goodwill,3.7901,1.137,2.6531
RFD-003746,ORD-0049884,2026-01-01,2025-12-29,T-01,PSN,P-014483,price_adjustment,16.8722,5.0617,11.8105
RFD-003747,ORD-0049889,2026-01-31,2025-12-29,T-01,STEAM,P-014336,accidental_purchase,10.2191,3.0657,7.1534
RFD-003748,ORD-0049926,2026-01-06,2025-12-29,T-01,PSN,P-008799,price_adjustment,25.563,7.6689,17.8941
RFD-003749,ORD-0049929,2026-01-07,2025-12-29,T-04,XBOX,P-018813,accidental_purchase,5.0739,1.5222,3.5517
RFD-003750,ORD-0049930,2026-02-07,2025-12-29,T-02,STEAM,P-008605,price_adjustment,12.6208,3.7862,8.8345
RFD-003751,ORD-0049937,2026-01-06,2025-12-29,T-02,XBOX,P-035323,partial_goodwill,7.4682,2.2405,5.2277
RFD-003752,ORD-0049953,2026-01-15,2025-12-29,T-04,STEAM,P-042489,price_adjustment,1.2736,0.3821,0.8915
RFD-003753,ORD-0049955,2026-01-12,2025-12-29,T-01,PSN,P-013505,accidental_purchase,45.5443,13.6633,31.881
RFD-003754,ORD-0049958,2026-01-12,2025-12-29,T-01,PSN,P-035417,player_request,10.2191,3.0657,7.1534
RFD-003755,ORD-0049976,2026-01-12,2025-12-29,T-01,EPIC,P-021763,player_request,51.1362,6.1363,44.9999
RFD-003756,ORD-0050012,2026-01-15,2025-12-29,T-03,PSN,P-010035,partial_goodwill,2.4608,0.7382,1.7225
RFD-003757,ORD-0050025,2026-03-10,2025-12-29,T-03,STEAM,P-003228,player_request,23.8461,7.1538,16.6923
RFD-003758,ORD-0050059,2026-01-07,2025-12-30,T-01,PSN,P-038576,partial_goodwill,5.7427,1.7228,4.0199
RFD-003759,ORD-0050061,2026-02-08,2025-12-30,T-04,STEAM,P-017226,partial_goodwill,2.6677,0.8003,1.8674
RFD-003760,ORD-0050077,2026-01-02,2025-12-30,T-04,PSN,P-021787,price_adjustment,9.2027,2.7608,6.4419
RFD-003761,ORD-0050081,2026-01-16,2025-12-30,T-01,PSN,P-023344,price_adjustment,5.9057,1.7717,4.134
RFD-003762,ORD-0050085,2026-01-02,2025-12-30,T-04,PSN,P-004021,price_adjustment,9.5328,2.8599,6.673
RFD-003763,ORD-0050131,2026-02-01,2025-12-30,T-02,STEAM,P-017664,player_request,24.4743,7.3423,17.132
RFD-003764,ORD-0050153,2026-02-08,2025-12-30,T-01,STEAM,P-033722,price_adjustment,52.0355,15.6107,36.4249
RFD-003765,ORD-0050157,2026-01-28,2025-12-30,T-01,STEAM,P-034572,partial_goodwill,25.5471,7.6641,17.883
RFD-003766,ORD-0050163,2026-01-02,2025-12-30,T-02,STEAM,P-010441,partial_goodwill,12.2371,3.6711,8.566
RFD-003767,ORD-0050188,2026-01-07,2025-12-30,T-02,STEAM,P-044351,partial_goodwill,16.8006,5.0402,11.7604
RFD-003768,ORD-0050190,2026-01-08,2025-12-30,T-02,EPIC,P-044369,platform_policy,4.7814,0.5738,4.2077
RFD-003769,ORD-0050198,2026-01-29,2025-12-31,T-01,STEAM,P-043192,price_adjustment,5.892,1.7676,4.1244
RFD-003770,ORD-0050203,2026-01-03,2025-12-31,T-03,PSN,P-027160,price_adjustment,5.1606,1.5482,3.6124
RFD-003771,ORD-0050217,2026-02-02,2025-12-31,T-03,STEAM,P-044840,accidental_purchase,14.2847,4.2854,9.9993
RFD-003772,ORD-0050220,2026-02-09,2025-12-31,T-01,STEAM,P-009874,partial_goodwill,15.6042,4.6813,10.923
RFD-003773,ORD-0050227,2026-01-29,2025-12-31,T-02,STEAM,P-040056,price_adjustment,21.6005,6.4802,15.1204
RFD-003774,ORD-0050253,2026-01-02,2025-12-31,T-01,PSN,P-025959,accidental_purchase,9.4365,2.831,6.6056
RFD-003775,ORD-0050286,2026-02-09,2025-12-31,T-02,STEAM,P-032891,partial_goodwill,11.9656,3.5897,8.3759
RFD-003776,ORD-0050287,2026-01-08,2025-12-31,T-03,XBOX,P-017173,price_adjustment,3.779,1.1337,2.6453
RFD-003777,ORD-0050292,2026-02-02,2025-12-31,T-04,EPIC,P-017825,platform_policy,27.4197,3.2904,24.1293
RFD-003778,ORD-0050324,2026-01-29,2025-12-31,T-03,XBOX,P-010738,price_adjustment,5.0285,1.5086,3.52
RFD-003779,ORD-0050327,2026-01-03,2025-12-31,T-03,STEAM,P-002869,price_adjustment,14.8035,4.441,10.3624
RFD-003780,ORD-0050331,2026-01-09,2025-12-31,T-03,STEAM,P-001569,player_request,10.5853,3.1756,7.4097
RFD-003781,ORD-0050343,2026-03-12,2025-12-31,T-01,PSN,P-006256,accidental_purchase,20.3682,6.1104,14.2577
RFD-003782,ORD-0050348,2026-01-17,2025-12-31,T-01,STEAM,P-040207,price_adjustment,16.8228,5.0468,11.7759
RFD-003783,ORD-0050355,2026-01-08,2025-12-31,T-03,XBOX,P-037239,price_adjustment,11.8956,3.5687,8.3269
RFD-003784,ORD-0050365,2026-01-09,2025-12-31,T-02,STEAM,P-017069,accidental_purchase,23.9513,7.1854,16.7659
RFD-003785,ORD-0050367,2026-01-08,2025-12-31,T-02,STEAM,P-034779,partial_goodwill,4.3384,1.3015,3.0369
RFD-003786,ORD-0050379,2026-01-29,2025-12-31,T-02,EPIC,P-026275,partial_goodwill,8.3809,1.0057,7.3752
RFD-003787,ORD-0050384,2026-02-09,2025-12-31,T-01,STEAM,P-017434,partial_goodwill,4.3966,1.319,3.0776
RFD-003788,ORD-0050393,2026-01-09,2026-01-01,T-01,STEAM,P-032270,partial_goodwill,13.0205,3.2551,9.7653
RFD-003789,ORD-0050398,2026-01-04,2026-01-01,T-01,PSN,P-017278,price_adjustment,11.8295,3.5489,8.2807
RFD-003790,ORD-0050404,2026-02-10,2026-01-01,T-01,EPIC,P-015642,price_adjustment,3.353,0.4024,2.9506
RFD-003791,ORD-0050412,2026-02-10,2026-01-01,T-02,STEAM,P-038047,partial_goodwill,2.3919,0.598,1.7939
RFD-003792,ORD-0050416,2026-02-18,2026-01-01,T-04,XBOX,P-016854,platform_policy,18.9733,5.692,13.2813
RFD-003793,ORD-0050425,2026-03-13,2026-01-01,T-03,STEAM,P-021338,player_request,15.0428,3.7607,11.2821
RFD-003794,ORD-0050451,2026-01-09,2026-01-01,T-03,STEAM,P-036793,partial_goodwill,9.6404,2.4101,7.2303
RFD-003795,ORD-0050455,2026-02-10,2026-01-01,T-01,PSN,P-010101,partial_goodwill,23.669,7.1007,16.5683
RFD-003796,ORD-0050480,2026-01-30,2026-01-01,T-02,STEAM,P-038357,partial_goodwill,6.3101,1.5775,4.7326
RFD-003797,ORD-0050498,2026-01-04,2026-01-01,T-04,STEAM,P-035641,partial_goodwill,1.2662,0.3166,0.9497
RFD-003798,ORD-0050541,2026-01-09,2026-01-01,T-01,PSN,P-016134,partial_goodwill,16.775,5.0325,11.7425
RFD-003799,ORD-0050565,2026-01-06,2026-01-01,T-01,PSN,P-043325,player_request,5.075,1.5225,3.5525
RFD-003800,ORD-0050581,2026-03-14,2026-01-02,T-01,NSW,P-005035,platform_policy,68.5273,20.5582,47.9691
RFD-003801,ORD-0050596,2026-01-05,2026-01-02,T-01,STEAM,P-014381,price_adjustment,7.1704,1.7926,5.3778
RFD-003802,ORD-0050601,2026-01-31,2026-01-02,T-02,STEAM,P-038775,price_adjustment,12.0211,3.0053,9.0158
RFD-003803,ORD-0050608,2026-01-05,2026-01-02,T-02,XBOX,P-008416,partial_goodwill,2.7818,0.8345,1.9473
RFD-003804,ORD-0050630,2026-01-19,2026-01-02,T-04,STEAM,P-000418,partial_goodwill,4.6598,1.165,3.4949
RFD-003805,ORD-0050640,2026-01-05,2026-01-02,T-02,PSN,P-028937,price_adjustment,12.0211,3.6063,8.4148
RFD-003806,ORD-0050655,2026-01-19,2026-01-02,T-03,XBOX,P-043513,partial_goodwill,6.331,1.8993,4.4317
RFD-003807,ORD-0050669,2026-01-04,2026-01-02,T-01,STEAM,P-009086,accidental_purchase,10.1335,2.5334,7.6001
RFD-003808,ORD-0050673,2026-03-14,2026-01-02,T-01,PSN,P-007513,accidental_purchase,9.4903,2.8471,6.6432
RFD-003809,ORD-0050688,2026-02-04,2026-01-02,T-03,EPIC,P-035320,player_request,14.4436,1.7332,12.7103
RFD-003810,ORD-0050690,2026-01-19,2026-01-02,T-01,NSW,P-027160,price_adjustment,17.769,5.3307,12.4383
RFD-003811,ORD-0050715,2026-01-05,2026-01-02,T-02,PSN,P-004820,price_adjustment,2.1642,0.6493,1.515
RFD-003812,ORD-0050731,2026-01-31,2026-01-02,T-01,XBOX,P-008728,partial_goodwill,5.0667,1.52,3.5467
RFD-003813,ORD-0050739,2026-02-11,2026-01-02,T-01,XBOX,P-011578,price_adjustment,6.2812,1.8843,4.3968
RFD-003814,ORD-0050743,2026-01-31,2026-01-02,T-01,STEAM,P-039944,partial_goodwill,14.355,3.5888,10.7663
RFD-003815,ORD-0050760,2026-01-31,2026-01-02,T-02,NSW,P-016971,price_adjustment,18.9409,5.6823,13.2586
RFD-003816,ORD-0050798,2026-01-24,2026-01-03,T-03,XBOX,P-012723,platform_policy,30.0667,9.02,21.0467
RFD-003817,ORD-0050800,2026-02-05,2026-01-03,T-03,NSW,P-009450,platform_policy,25.3134,7.594,17.7194
RFD-003818,ORD-0050803,2026-02-12,2026-01-03,T-04,STEAM,P-018875,partial_goodwill,7.4012,1.8503,5.5509
RFD-003819,ORD-0050820,2026-02-01,2026-01-03,T-01,STEAM,P-032066,partial_goodwill,30.451,7.6127,22.8382
RFD-003820,ORD-0050830,2026-01-20,2026-01-03,T-04,EPIC,P-008617,partial_goodwill,4.9008,0.5881,4.3127
RFD-003821,ORD-0050840,2026-01-08,2026-01-03,T-04,EPIC,P-018549,player_request,34.5557,4.1467,30.409
RFD-003822,ORD-0050876,2026-01-17,2026-01-03,T-01,PSN,P-034332,platform_policy,9.4803,2.8441,6.6362
RFD-003823,ORD-0050877,2026-01-17,2026-01-03,T-01,STEAM,P-001205,accidental_purchase,22.8357,5.7089,17.1268
RFD-003824,ORD-0050891,2026-02-01,2026-01-03,T-01,XBOX,P-011647,price_adjustment,4.4397,1.3319,3.1078
RFD-003825,ORD-0050897,2026-03-15,2026-01-03,T-04,EPIC,P-025638,platform_policy,29.63,3.5556,26.0744
RFD-003826,ORD-0050908,2026-02-01,2026-01-03,T-02,STEAM,P-035728,price_adjustment,15.8675,3.9669,11.9006
RFD-003827,ORD-0050926,2026-02-01,2026-01-03,T-01,STEAM,P-017516,price_adjustment,4.7401,1.185,3.5551
RFD-003828,ORD-0050932,2026-03-15,2026-01-03,T-01,EPIC,P-026638,accidental_purchase,68.5273,8.2233,60.304
RFD-003829,ORD-0050954,2026-02-01,2026-01-03,T-03,EPIC,P-041092,partial_goodwill,3.1534,0.3784,2.775
RFD-003830,ORD-0050964,2026-02-06,2026-01-04,T-01,STEAM,P-033136,player_request,86.2963,21.5741,64.7222
RFD-003831,ORD-0050969,2026-02-02,2026-01-04,T-01,XBOX,P-043016,partial_goodwill,1.5667,0.47,1.0967
RFD-003832,ORD-0050971,2026-02-02,2026-01-04,T-02,STEAM,P-011457,partial_goodwill,1.6282,0.4071,1.2212
RFD-003833,ORD-0050978,2026-01-21,2026-01-04,T-01,STEAM,P-036631,partial_goodwill,8.3153,2.0788,6.2365
RFD-003834,ORD-0051019,2026-02-02,2026-01-04,T-01,PSN,P-036899,price_adjustment,4.5614,1.3684,3.193
RFD-003835,ORD-0051057,2026-02-02,2026-01-04,T-01,PSN,P-025165,partial_goodwill,20.095,6.0285,14.0665
RFD-003836,ORD-0051065,2026-01-21,2026-01-04,T-01,STEAM,P-022563,price_adjustment,12.6921,3.173,9.5191
RFD-003837,ORD-0051066,2026-02-21,2026-01-04,T-04,STEAM,P-001407,player_request,60.5581,15.1395,45.4186
RFD-003838,ORD-0051067,2026-02-13,2026-01-04,T-03,STEAM,P-021341,partial_goodwill,3.307,0.8268,2.4803
RFD-003839,ORD-0051086,2026-01-07,2026-01-04,T-03,STEAM,P-008766,price_adjustment,5.0162,1.254,3.7621
RFD-003840,ORD-0051117,2026-01-09,2026-01-04,T-01,XBOX,P-038015,player_request,47.5019,14.2506,33.2513
RFD-003841,ORD-0051122,2026-02-13,2026-01-04,T-02,STEAM,P-012982,price_adjustment,12.3483,3.0871,9.2612
RFD-003842,ORD-0051136,2026-02-21,2026-01-04,T-02,XBOX,P-008044,player_request,23.989,7.1967,16.7923
RFD-003843,ORD-0051166,2026-03-17,2026-01-05,T-02,EPIC,P-006132,accidental_purchase,19.1863,2.3024,16.884
RFD-003844,ORD-0051176,2026-01-22,2026-01-05,T-01,PSN,P-033794,price_adjustment,38.9665,11.6899,27.2765
RFD-003845,ORD-0051181,2026-03-17,2026-01-05,T-03,STEAM,P-002111,accidental_purchase,14.3321,3.583,10.7491
RFD-003846,ORD-0051184,2026-01-08,2026-01-05,T-01,STEAM,P-032431,price_adjustment,6.9124,1.7281,5.1843
RFD-003847,ORD-0051185,2026-02-07,2026-01-05,T-01,STEAM,P-008434,accidental_purchase,78.0015,19.5004,58.5011
RFD-003848,ORD-0051195,2026-01-08,2026-01-05,T-01,STEAM,P-032024,partial_goodwill,2.5233,0.6308,1.8925
RFD-003849,ORD-0051236,2026-01-22,2026-01-05,T-02,PSN,P-012820,partial_goodwill,8.1128,2.4338,5.679
RFD-003850,ORD-0051257,2026-02-14,2026-01-05,T-03,XBOX,P-016006,price_adjustment,1.6386,0.4916,1.1471
RFD-003851,ORD-0051290,2026-01-07,2026-01-05,T-04,PSN,P-026791,platform_policy,18.3714,5.5114,12.8599
RFD-003852,ORD-0051300,2026-01-20,2026-01-06,T-04,STEAM,P-009006,accidental_purchase,40.5808,10.1452,30.4356
RFD-003853,ORD-0051358,2026-02-04,2026-01-06,T-01,STEAM,P-039742,price_adjustment,5.0299,1.2575,3.7724
RFD-003854,ORD-0051365,2026-02-04,2026-01-06,T-02,EPIC,P-006000,price_adjustment,16.1105,1.9333,14.1773
RFD-003855,ORD-0051369,2026-01-09,2026-01-06,T-01,STEAM,P-030751,partial_goodwill,3.1226,0.7807,2.342
RFD-003856,ORD-0051372,2026-02-15,2026-01-06,T-01,STEAM,P-040072,partial_goodwill,12.5999,3.15,9.4499
RFD-003857,ORD-0051392,2026-02-04,2026-01-06,T-01,STEAM,P-017152,price_adjustment,11.4837,2.8709,8.6128
RFD-003858,ORD-0051412,2026-02-09,2026-01-07,T-02,STEAM,P-024401,accidental_purchase,28.6292,7.1573,21.4719
RFD-003859,ORD-0051421,2026-03-19,2026-01-07,T-01,STEAM,P-013029,platform_policy,10.056,2.514,7.542
RFD-003860,ORD-0051436,2026-01-21,2026-01-07,T-04,STEAM,P-013206,player_request,40.0133,10.0033,30.01
RFD-003861,ORD-0051442,2026-01-10,2026-01-07,T-02,XBOX,P-036742,price_adjustment,2.4463,0.7339,1.7124
RFD-003862,ORD-0051446,2026-01-15,2026-01-07,T-02,PSN,P-001915,price_adjustment,7.349,2.2047,5.1443
RFD-003863,ORD-0051477,2026-02-09,2026-01-07,T-01,PSN,P-043752,accidental_purchase,62.0153,18.6046,43.4107
RFD-003864,ORD-0051483,2026-02-16,2026-01-07,T-03,STEAM,P-019287,partial_goodwill,2.4864,0.6216,1.8648
RFD-003865,ORD-0051498,2026-03-19,2026-01-07,T-02,XBOX,P-034499,player_request,8.5822,2.5746,6.0075
RFD-003866,ORD-0051504,2026-02-09,2026-01-07,T-03,XBOX,P-031097,accidental_purchase,5.0017,1.5005,3.5012
RFD-003867,ORD-0051551,2026-03-20,2026-01-08,T-02,XBOX,P-041333,accidental_purchase,32.2492,9.6748,22.5745
RFD-003868,ORD-0051574,2026-02-06,2026-01-08,T-02,STEAM,P-005118,price_adjustment,7.9314,1.9829,5.9486
RFD-003869,ORD-0051594,2026-01-25,2026-01-08,T-03,NSW,P-007903,price_adjustment,6.651,1.9953,4.6557
RFD-003870,ORD-0051596,2026-01-25,2026-01-08,T-03,STEAM,P-025901,partial_goodwill,1.585,0.3963,1.1888
RFD-003871,ORD-0051613,2026-01-10,2026-01-08,T-01,STEAM,P-000375,platform_policy,25.1661,6.2915,18.8746
RFD-003872,ORD-0051632,2026-01-22,2026-01-08,T-01,EPIC,P-015223,player_request,60.1397,7.2168,52.923
RFD-003873,ORD-0051651,2026-01-11,2026-01-08,T-02,STEAM,P-000115,partial_goodwill,1.1997,0.2999,0.8998
RFD-003874,ORD-0051660,2026-01-17,2026-01-09,T-02,PSN,P-018121,partial_goodwill,9.2787,2.7836,6.4951
RFD-003875,ORD-0051662,2026-02-18,2026-01-09,T-04,STEAM,P-035782,price_adjustment,13.9426,3.4856,10.4569
RFD-003876,ORD-0051672,2026-01-12,2026-01-09,T-01,PSN,P-034154,price_adjustment,15.042,4.5126,10.5294
RFD-003877,ORD-0051674,2026-01-30,2026-01-09,T-01,PSN,P-014034,platform_policy,61.5374,18.4612,43.0762
RFD-003878,ORD-0051675,2026-02-18,2026-01-09,T-02,XBOX,P-032155,price_adjustment,14.6282,4.3885,10.2397
RFD-003879,ORD-0051680,2026-02-18,2026-01-09,T-01,EPIC,P-043268,partial_goodwill,2.5052,0.3006,2.2046
RFD-003880,ORD-0051700,2026-01-26,2026-01-09,T-04,STEAM,P-017830,price_adjustment,1.5303,0.3826,1.1477
RFD-003881,ORD-0051720,2026-02-07,2026-01-09,T-02,PSN,P-040175,price_adjustment,14.3565,4.307,10.0496
RFD-003882,ORD-0051736,2026-02-07,2026-01-09,T-01,EPIC,P-001338,partial_goodwill,16.9752,2.037,14.9382
RFD-003883,ORD-0051744,2026-01-17,2026-01-09,T-02,STEAM,P-032734,partial_goodwill,8.0868,2.0217,6.0651
RFD-003884,ORD-0051746,2026-02-07,2026-01-09,T-02,EPIC,P-015927,price_adjustment,4.3408,0.5209,3.8199
RFD-003885,ORD-0051778,2026-01-26,2026-01-09,T-01,PSN,P-022495,partial_goodwill,3.1206,0.9362,2.1844
RFD-003886,ORD-0051784,2026-02-07,2026-01-09,T-01,PSN,P-034409,price_adjustment,16.3439,4.9032,11.4407
RFD-003887,ORD-0051814,2026-01-18,2026-01-09,T-03,PSN,P-002389,accidental_purchase,19.8612,5.9584,13.9028
RFD-003888,ORD-0051839,2026-02-19,2026-01-10,T-04,XBOX,P-023722,partial_goodwill,13.9426,4.1828,9.7598
RFD-003889,ORD-0051849,2026-01-27,2026-01-10,T-02,PSN,P-043445,partial_goodwill,4.7909,1.4373,3.3536
RFD-003890,ORD-0051853,2026-03-22,2026-01-10,T-04,PSN,P-020944,accidental_purchase,9.126,2.7378,6.3882
RFD-003891,ORD-0051867,2026-03-22,2026-01-10,T-01,PSN,P-027611,platform_policy,17.6065,5.282,12.3246
RFD-003892,ORD-0051874,2026-01-12,2026-01-10,T-02,PSN,P-022715,accidental_purchase,24.3887,7.3166,17.0721
RFD-003893,ORD-0051891,2026-02-27,2026-01-10,T-01,PSN,P-040927,player_request,21.2839,6.3852,14.8988
RFD-003894,ORD-0051898,2026-02-19,2026-01-10,T-04,EPIC,P-014241,price_adjustment,18.8235,2.2588,16.5647
RFD-003895,ORD-0051923,2026-01-27,2026-01-10,T-02,NSW,P-030327,price_adjustment,12.3733,3.712,8.6613
RFD-003896,ORD-0051926,2026-01-12,2026-01-10,T-03,STEAM,P-000646,accidental_purchase,4.7609,1.1902,3.5707
RFD-003897,ORD-0051937,2026-02-12,2026-01-10,T-04,EPIC,P-039740,accidental_purchase,69.9951,8.3994,61.5957
RFD-003898,ORD-0051947,2026-02-08,2026-01-10,T-04,NSW,P-030461,price_adjustment,9.2017,2.7605,6.4412
RFD-003899,ORD-0051965,2026-01-18,2026-01-10,T-01,NSW,P-007420,price_adjustment,3.1565,0.9469,2.2095
RFD-003900,ORD-0051966,2026-01-27,2026-01-10,T-01,XBOX,P-034186,partial_goodwill,19.9113,5.9734,13.9379
RFD-003901,ORD-0051985,2026-02-19,2026-01-10,T-03,PSN,P-020023,partial_goodwill,11.9022,3.5707,8.3315
RFD-003902,ORD-0052012,2026-01-13,2026-01-10,T-02,STEAM,P-043148,partial_goodwill,5.9211,1.4803,4.4408
RFD-003903,ORD-0052026,2026-02-13,2026-01-11,T-02,PSN,P-001723,platform_policy,29.3909,8.8173,20.5737
RFD-003904,ORD-0052041,2026-01-16,2026-01-11,T-04,STEAM,P-013838,accidental_purchase,27.8852,6.9713,20.9139
RFD-003905,ORD-0052070,2026-03-23,2026-01-11,T-02,STEAM,P-041542,accidental_purchase,33.4114,8.3528,25.0585
RFD-003906,ORD-0052071,2026-01-19,2026-01-11,T-01,XBOX,P-021659,partial_goodwill,2.3913,0.7174,1.6739
RFD-003907,ORD-0052128,2026-01-19,2026-01-11,T-02,PSN,P-026783,partial_goodwill,2.3925,0.7177,1.6747
RFD-003908,ORD-0052133,2026-01-19,2026-01-11,T-04,PSN,P-032851,partial_goodwill,3.0706,0.9212,2.1494
RFD-003909,ORD-0052138,2026-01-16,2026-01-11,T-01,NSW,P-001157,player_request,9.4517,2.8355,6.6162
RFD-003910,ORD-0052174,2026-01-19,2026-01-11,T-01,XBOX,P-000361,partial_goodwill,6.5012,1.9504,4.5508
RFD-003911,ORD-0052188,2026-02-09,2026-01-11,T-04,XBOX,P-036777,price_adjustment,9.9005,2.9702,6.9304
RFD-003912,ORD-0052223,2026-03-23,2026-01-11,T-01,PSN,P-035864,accidental_purchase,60.3451,18.1035,42.2416
RFD-003913,ORD-0052230,2026-02-20,2026-01-11,T-04,NSW,P-033009,price_adjustment,1.6225,0.4868,1.1358
RFD-003914,ORD-0052236,2026-01-20,2026-01-11,T-03,STEAM,P-021780,accidental_purchase,9.4362,2.359,7.0771
RFD-003915,ORD-0052238,2026-01-28,2026-01-11,T-03,PSN,P-004262,partial_goodwill,7.7944,2.3383,5.4561
RFD-003916,ORD-0052261,2026-01-29,2026-01-12,T-03,STEAM,P-040667,price_adjustment,2.4901,0.6225,1.8675
RFD-003917,ORD-0052262,2026-02-21,2026-01-12,T-01,STEAM,P-036478,price_adjustment,19.9506,4.9876,14.9629
RFD-003918,ORD-0052265,2026-01-20,2026-01-12,T-04,PSN,P-012059,price_adjustment,1.1412,0.3424,0.7988
RFD-003919,ORD-0052271,2026-01-20,2026-01-12,T-01,STEAM,P-021349,partial_goodwill,15.6319,3.908,11.7239
RFD-003920,ORD-0052297,2026-01-20,2026-01-12,T-02,STEAM,P-020214,partial_goodwill,5.9907,1.4977,4.493
RFD-003921,ORD-0052298,2026-01-29,2026-01-12,T-04,EPIC,P-024619,partial_goodwill,14.7557,1.7707,12.985
RFD-003922,ORD-0052312,2026-02-10,2026-01-12,T-02,STEAM,P-014591,price_adjustment,11.3358,2.8339,8.5018
RFD-003923,ORD-0052318,2026-01-15,2026-01-12,T-01,STEAM,P-034640,price_adjustment,13.856,3.464,10.392
RFD-003924,ORD-0052324,2026-03-01,2026-01-12,T-03,NSW,P-002769,player_request,19.9004,5.9701,13.9303
RFD-003925,ORD-0052337,2026-02-21,2026-01-12,T-03,XBOX,P-025991,partial_goodwill,2.4901,0.747,1.743
RFD-003926,ORD-0052347,2026-01-26,2026-01-12,T-03,PSN,P-029801,player_request,14.1917,4.2575,9.9342
RFD-003927,ORD-0052379,2026-01-26,2026-01-12,T-04,XBOX,P-008039,player_request,38.3586,11.5076,26.851
RFD-003928,ORD-0052386,2026-03-01,2026-01-12,T-01,STEAM,P-027609,platform_policy,100.787,25.1968,75.5903
RFD-003929,ORD-0052396,2026-01-14,2026-01-12,T-03,STEAM,P-004680,accidental_purchase,9.4486,2.3621,7.0864
RFD-003930,ORD-0052404,2026-01-21,2026-01-13,T-01,XBOX,P-010637,partial_goodwill,8.8198,2.6459,6.1739
RFD-003931,ORD-0052424,2026-02-22,2026-01-13,T-04,PSN,P-014659,partial_goodwill,2.6289,0.7887,1.8402
RFD-003932,ORD-0052428,2026-01-27,2026-01-13,T-03,NSW,P-001901,accidental_purchase,34.8077,10.4423,24.3654
RFD-003933,ORD-0052457,2026-02-11,2026-01-13,T-03,STEAM,P-034335,partial_goodwill,7.5254,1.8814,5.6441
RFD-003934,ORD-0052476,2026-01-16,2026-01-13,T-01,STEAM,P-031597,price_adjustment,25.1751,6.2938,18.8813
RFD-003935,ORD-0052484,2026-02-03,2026-01-13,T-02,STEAM,P-022669,accidental_purchase,4.8966,1.2241,3.6724
RFD-003936,ORD-0052532,2026-02-11,2026-01-13,T-01,PSN,P-022846,partial_goodwill,19.9374,5.9812,13.9562
RFD-003937,ORD-0052568,2026-03-26,2026-01-14,T-03,XBOX,P-019978,accidental_purchase,10.1325,3.0398,7.0928
RFD-003938,ORD-0052595,2026-02-12,2026-01-14,T-01,PSN,P-025913,price_adjustment,31.6103,9.4831,22.1272
RFD-003939,ORD-0052599,2026-01-17,2026-01-14,T-01,STEAM,P-021357,price_adjustment,4.1417,1.0354,3.1063
RFD-003940,ORD-0052625,2026-01-17,2026-01-14,T-01,STEAM,P-000660,partial_goodwill,7.5727,1.8932,5.6795
RFD-003941,ORD-0052629,2026-02-04,2026-01-14,T-02,EPIC,P-036867,platform_policy,18.4585,2.215,16.2434
RFD-003942,ORD-0052685,2026-01-24,2026-01-15,T-04,STEAM,P-004876,platform_policy,4.7228,1.1807,3.5421
RFD-003943,ORD-0052687,2026-02-24,2026-01-15,T-01,EPIC,P-013193,partial_goodwill,11.3685,1.3642,10.0043
RFD-003944,ORD-0052692,2026-02-17,2026-01-15,T-03,PSN,P-014246,platform_policy,9.9593,2.9878,6.9715
RFD-003945,ORD-0052702,2026-02-13,2026-01-15,T-04,PSN,P-030140,partial_goodwill,3.158,0.9474,2.2106
RFD-003946,ORD-0052751,2026-01-20,2026-01-15,T-01,PSN,P-038870,accidental_purchase,50.4397,15.1319,35.3078
RFD-003947,ORD-0052788,2026-01-23,2026-01-15,T-04,EPIC,P-042178,price_adjustment,19.813,2.3776,17.4355
RFD-003948,ORD-0052810,2026-02-02,2026-01-16,T-01,STEAM,P-019983,price_adjustment,1.6561,0.414,1.2421
RFD-003949,ORD-0052811,2026-01-24,2026-01-16,T-01,STEAM,P-041049,partial_goodwill,4.5491,1.1373,3.4118
RFD-003950,ORD-0052816,2026-02-25,2026-01-16,T-04,XBOX,P-010108,price_adjustment,2.6297,0.7889,1.8408
RFD-003951,ORD-0052856,2026-02-18,2026-01-16,T-01,EPIC,P-029675,player_request,17.6351,2.1162,15.5189
RFD-003952,ORD-0052870,2026-01-19,2026-01-16,T-02,STEAM,P-038894,partial_goodwill,4.7785,1.1946,3.5839
RFD-003953,ORD-0052872,2026-02-14,2026-01-16,T-01,XBOX,P-029783,partial_goodwill,2.5093,0.7528,1.7565
RFD-003954,ORD-0052874,2026-02-25,2026-01-16,T-01,EPIC,P-003613,price_adjustment,50.3759,6.0451,44.3308
RFD-003955,ORD-0052875,2026-01-25,2026-01-16,T-04,PSN,P-018863,player_request,9.7913,2.9374,6.8539
RFD-003956,ORD-0052889,2026-02-02,2026-01-16,T-01,PSN,P-019589,partial_goodwill,15.1057,4.5317,10.574
RFD-003957,ORD-0052896,2026-01-25,2026-01-16,T-01,PSN,P-025722,accidental_purchase,47.7578,14.3273,33.4304
RFD-003958,ORD-0052913,2026-01-24,2026-01-16,T-03,XBOX,P-041663,price_adjustment,2.4009,0.7203,1.6806
RFD-003959,ORD-0052920,2026-02-14,2026-01-16,T-02,NSW,P-003343,partial_goodwill,9.7158,2.9148,6.8011
RFD-003960,ORD-0052926,2026-02-02,2026-01-16,T-01,PSN,P-031194,partial_goodwill,2.5093,0.7528,1.7565
RFD-003961,ORD-0052928,2026-02-14,2026-01-16,T-04,STEAM,P-030546,price_adjustment,9.0314,2.2578,6.7735
RFD-003962,ORD-0052929,2026-01-21,2026-01-16,T-04,PSN,P-015949,accidental_purchase,30.0509,9.0153,21.0356
RFD-003963,ORD-0052964,2026-02-14,2026-01-16,T-03,STEAM,P-042801,partial_goodwill,5.9691,1.4923,4.4768
RFD-003964,ORD-0052978,2026-01-24,2026-01-16,T-01,STEAM,P-001559,partial_goodwill,1.1368,0.2842,0.8526
RFD-003965,ORD-0053005,2026-01-30,2026-01-16,T-02,EPIC,P-001295,accidental_purchase,4.8981,0.5878,4.3103
RFD-003966,ORD-0053016,2026-02-26,2026-01-17,T-01,STEAM,P-007579,price_adjustment,12.5526,3.1382,9.4145
RFD-003967,ORD-0053033,2026-03-29,2026-01-17,T-04,XBOX,P-038464,player_request,59.2904,17.7871,41.5033
RFD-003968,ORD-0053036,2026-02-03,2026-01-17,T-03,PSN,P-025455,partial_goodwill,6.421,1.9263,4.4947
RFD-003969,ORD-0053050,2026-03-29,2026-01-17,T-03,STEAM,P-028901,platform_policy,14.8073,3.7018,11.1055
RFD-003970,ORD-0053065,2026-02-15,2026-01-17,T-02,PSN,P-015067,partial_goodwill,12.9478,3.8843,9.0634
RFD-003971,ORD-0053067,2026-02-07,2026-01-17,T-01,STEAM,P-026377,player_request,10.0671,2.5168,7.5504
RFD-003972,ORD-0053071,2026-01-25,2026-01-17,T-02,STEAM,P-006691,partial_goodwill,11.3318,2.833,8.4989
RFD-003973,ORD-0053091,2026-02-26,2026-01-17,T-03,STEAM,P-033406,price_adjustment,7.578,1.8945,5.6835
RFD-003974,ORD-0053095,2026-01-26,2026-01-17,T-01,STEAM,P-037938,accidental_purchase,55.4044,13.8511,41.5533
RFD-003975,ORD-0053102,2026-02-19,2026-01-17,T-01,STEAM,P-011673,player_request,10.0671,2.5168,7.5504
RFD-003976,ORD-0053103,2026-02-26,2026-01-17,T-01,STEAM,P-002849,price_adjustment,23.7258,5.9314,17.7943
RFD-003977,ORD-0053114,2026-02-26,2026-01-17,T-04,STEAM,P-029396,partial_goodwill,9.5827,2.3957,7.187
RFD-003978,ORD-0053118,2026-01-19,2026-01-17,T-04,NSW,P-018092,accidental_purchase,29.6537,8.8961,20.7576
RFD-003979,ORD-0053144,2026-01-26,2026-01-17,T-01,XBOX,P-026227,accidental_purchase,15.9415,4.7824,11.159
RFD-003980,ORD-0053166,2026-02-07,2026-01-17,T-04,XBOX,P-041040,platform_policy,9.7913,2.9374,6.8539
RFD-003981,ORD-0053180,2026-01-20,2026-01-17,T-04,NSW,P-022743,price_adjustment,6.8313,2.0494,4.7819
RFD-003982,ORD-0053204,2026-01-25,2026-01-17,T-01,XBOX,P-004166,partial_goodwill,12.5965,3.7789,8.8175
RFD-003983,ORD-0053205,2026-02-26,2026-01-17,T-04,STEAM,P-016500,price_adjustment,9.5605,2.3901,7.1704
RFD-003984,ORD-0053245,2026-02-16,2026-01-18,T-03,STEAM,P-006984,price_adjustment,1.6368,0.4092,1.2276
RFD-003985,ORD-0053269,2026-01-20,2026-01-18,T-01,STEAM,P-028867,player_request,10.037,2.5093,7.5278
RFD-003986,ORD-0053277,2026-02-01,2026-01-18,T-04,STEAM,P-024505,accidental_purchase,4.6549,1.1637,3.4911
RFD-003987,ORD-0053294,2026-01-26,2026-01-18,T-04,XBOX,P-036583,partial_goodwill,3.4728,1.0418,2.431
RFD-003988,ORD-0053309,2026-01-21,2026-01-18,T-04,STEAM,P-020007,price_adjustment,3.0065,0.7516,2.2548
RFD-003989,ORD-0053314,2026-01-21,2026-01-18,T-01,STEAM,P-016822,price_adjustment,4.7351,1.1838,3.5513
RFD-003990,ORD-0053325,2026-02-08,2026-01-18,T-01,STEAM,P-007057,platform_policy,68.0109,17.0027,51.0082
RFD-003991,ORD-0053360,2026-01-26,2026-01-18,T-04,STEAM,P-008262,partial_goodwill,2.5918,0.648,1.9439
RFD-003992,ORD-0053378,2026-03-30,2026-01-18,T-04,EPIC,P-018001,accidental_purchase,29.6537,3.5584,26.0953
RFD-003993,ORD-0053399,2026-01-26,2026-01-18,T-01,EPIC,P-012554,partial_goodwill,15.1057,1.8127,13.293
RFD-003994,ORD-0053418,2026-02-20,2026-01-18,T-02,XBOX,P-044270,platform_policy,34.3467,10.304,24.0427
RFD-003995,ORD-0053437,2026-02-27,2026-01-18,T-03,EPIC,P-039461,price_adjustment,4.9282,0.5914,4.3368
RFD-003996,ORD-0053453,2026-01-26,2026-01-18,T-03,STEAM,P-031669,price_adjustment,2.3985,0.5996,1.7989
RFD-003997,ORD-0053457,2026-02-04,2026-01-18,T-02,PSN,P-006146,partial_goodwill,4.2816,1.2845,2.9971
RFD-003998,ORD-0053465,2026-01-27,2026-01-18,T-03,EPIC,P-012949,player_request,14.1591,1.6991,12.4601
RFD-003999,ORD-0053475,2026-01-22,2026-01-19,T-02,NSW,P-007394,partial_goodwill,3.236,0.9708,2.2652
RFD-004000,ORD-0053511,2026-02-17,2026-01-19,T-04,PSN,P-010488,price_adjustment,3.4657,1.0397,2.426
RFD-004001,ORD-0053522,2026-03-31,2026-01-19,T-03,STEAM,P-012485,platform_policy,24.8206,6.2051,18.6154
RFD-004002,ORD-0053537,2026-01-21,2026-01-19,T-01,XBOX,P-014535,accidental_purchase,100.5444,30.1633,70.3811
RFD-004003,ORD-0053564,2026-02-21,2026-01-19,T-04,EPIC,P-012295,accidental_purchase,4.9882,0.5986,4.3896
RFD-004004,ORD-0053573,2026-03-08,2026-01-19,T-04,STEAM,P-002203,accidental_purchase,9.9863,2.4966,7.4897
RFD-004005,ORD-0053579,2026-02-28,2026-01-19,T-01,PSN,P-031728,price_adjustment,23.6162,7.0849,16.5313
RFD-004006,ORD-0053629,2026-02-21,2026-01-19,T-01,PSN,P-021901,player_request,4.7133,1.414,3.2993
RFD-004007,ORD-0053636,2026-02-18,2026-01-20,T-03,PSN,P-008581,price_adjustment,4.944,1.4832,3.4608
RFD-004008,ORD-0053649,2026-01-25,2026-01-20,T-02,STEAM,P-023395,accidental_purchase,24.5495,6.1374,18.4121
RFD-004009,ORD-0053732,2026-02-22,2026-01-20,T-02,STEAM,P-013765,accidental_purchase,24.5495,6.1374,18.4121
RFD-004010,ORD-0053750,2026-02-03,2026-01-20,T-03,STEAM,P-016546,accidental_purchase,14.9305,3.7326,11.1979
RFD-004011,ORD-0053757,2026-01-22,2026-01-20,T-02,EPIC,P-017440,platform_policy,28.6622,3.4395,25.2227
RFD-004012,ORD-0053776,2026-02-10,2026-01-20,T-02,PSN,P-031885,platform_policy,56.6017,16.9805,39.6212
RFD-004013,ORD-0053777,2026-02-18,2026-01-20,T-03,PSN,P-004463,price_adjustment,3.7351,1.1205,2.6146
RFD-004014,ORD-0053794,2026-01-23,2026-01-20,T-04,PSN,P-043071,partial_goodwill,15.0309,4.5093,10.5216
RFD-004015,ORD-0053800,2026-01-28,2026-01-20,T-03,PSN,P-037044,partial_goodwill,4.7737,1.4321,3.3416
RFD-004016,ORD-0053803,2026-02-18,2026-01-20,T-01,EPIC,P-014458,partial_goodwill,21.0276,2.5233,18.5043
RFD-004017,ORD-0053813,2026-01-25,2026-01-20,T-02,PSN,P-023552,player_request,24.5163,7.3549,17.1614
RFD-004018,ORD-0053836,2026-02-04,2026-01-21,T-03,STEAM,P-022020,accidental_purchase,18.9445,4.7361,14.2084
RFD-004019,ORD-0053878,2026-01-30,2026-01-21,T-04,EPIC,P-035961,platform_policy,55.4804,6.6576,48.8227
RFD-004020,ORD-0053884,2026-04-02,2026-01-21,T-01,STEAM,P-036495,platform_policy,47.0628,11.7657,35.2971
RFD-004021,ORD-0053886,2026-01-29,2026-01-21,T-03,NSW,P-042020,price_adjustment,2.3681,0.7104,1.6576
RFD-004022,ORD-0053902,2026-02-19,2026-01-21,T-01,STEAM,P-037333,price_adjustment,17.0513,4.2628,12.7885
RFD-004023,ORD-0053916,2026-03-10,2026-01-21,T-03,STEAM,P-018397,accidental_purchase,23.6906,5.9226,17.7679
RFD-004024,ORD-0053927,2026-04-02,2026-01-21,T-02,STEAM,P-010112,accidental_purchase,8.338,2.0845,6.2535
RFD-004025,ORD-0053938,2026-02-11,2026-01-21,T-01,STEAM,P-008898,accidental_purchase,5.0125,1.2531,3.7594
RFD-004026,ORD-0053945,2026-01-26,2026-01-21,T-04,EPIC,P-006630,accidental_purchase,10.5489,1.2659,9.283
RFD-004027,ORD-0054015,2026-02-08,2026-01-22,T-01,STEAM,P-008589,price_adjustment,11.764,2.941,8.823
RFD-004028,ORD-0054057,2026-01-25,2026-01-22,T-02,STEAM,P-023914,price_adjustment,3.2416,0.8104,2.4312
RFD-004029,ORD-0054058,2026-02-08,2026-01-22,T-01,STEAM,P-029587,price_adjustment,8.5393,2.1348,6.4045
RFD-004030,ORD-0054059,2026-02-24,2026-01-22,T-01,NSW,P-025465,platform_policy,9.5556,2.8667,6.6889
RFD-004031,ORD-0054079,2026-01-25,2026-01-22,T-01,PSN,P-015354,price_adjustment,16.6709,5.0013,11.6696
RFD-004032,ORD-0054091,2026-02-08,2026-01-22,T-01,PSN,P-042879,partial_goodwill,5.8388,1.7517,4.0872
RFD-004033,ORD-0054110,2026-01-25,2026-01-22,T-01,STEAM,P-028861,partial_goodwill,5.8388,1.4597,4.3791
RFD-004034,ORD-0054117,2026-01-31,2026-01-22,T-03,STEAM,P-042398,platform_policy,14.9696,3.7424,11.2272
RFD-004035,ORD-0054143,2026-03-11,2026-01-22,T-02,XBOX,P-002014,accidental_purchase,34.6294,10.3888,24.2406
RFD-004036,ORD-0054176,2026-02-25,2026-01-23,T-02,STEAM,P-030458,accidental_purchase,8.3368,2.0842,6.2526
RFD-004037,ORD-0054186,2026-01-31,2026-01-23,T-02,XBOX,P-011950,partial_goodwill,24.5166,7.355,17.1616
RFD-004038,ORD-0054190,2026-01-31,2026-01-23,T-04,XBOX,P-042428,price_adjustment,2.3547,0.7064,1.6483
RFD-004039,ORD-0054193,2026-01-31,2026-01-23,T-01,STEAM,P-012024,partial_goodwill,2.3478,0.587,1.7609
RFD-004040,ORD-0054204,2026-02-09,2026-01-23,T-02,XBOX,P-020392,price_adjustment,7.8593,2.3578,5.5015
RFD-004041,ORD-0054205,2026-01-26,2026-01-23,T-03,PSN,P-030150,price_adjustment,4.6957,1.4087,3.287
RFD-004042,ORD-0054210,2026-01-26,2026-01-23,T-01,PSN,P-008655,partial_goodwill,11.7591,3.5277,8.2313
RFD-004043,ORD-0054230,2026-03-12,2026-01-23,T-02,XBOX,P-030901,platform_policy,24.5166,7.355,17.1616
RFD-004044,ORD-0054236,2026-02-06,2026-01-23,T-03,STEAM,P-018111,platform_policy,4.7963,1.1991,3.5972
RFD-004045,ORD-0054239,2026-02-06,2026-01-23,T-01,PSN,P-004022,player_request,50.3267,15.098,35.2287
RFD-004046,ORD-0054245,2026-01-31,2026-01-23,T-01,EPIC,P-014041,partial_goodwill,25.1566,3.0188,22.1378
RFD-004047,ORD-0054252,2026-02-21,2026-01-23,T-01,STEAM,P-011539,price_adjustment,6.9188,1.7297,5.1891
RFD-004048,ORD-0054253,2026-01-26,2026-01-23,T-01,PSN,P-011573,price_adjustment,30.192,9.0576,21.1344
RFD-004049,ORD-0054264,2026-02-13,2026-01-23,T-04,STEAM,P-025472,platform_policy,35.0151,8.7538,26.2613
RFD-004050,ORD-0054296,2026-03-04,2026-01-23,T-02,XBOX,P-017050,partial_goodwill,3.1437,0.9431,2.2006
RFD-004051,ORD-0054301,2026-02-09,2026-01-23,T-02,STEAM,P-008814,price_adjustment,15.8654,3.9663,11.899
RFD-004052,ORD-0054303,2026-02-01,2026-01-23,T-01,XBOX,P-015567,platform_policy,22.6415,6.7925,15.8491
RFD-004053,ORD-0054328,2026-01-31,2026-01-23,T-02,XBOX,P-037035,price_adjustment,9.7064,2.9119,6.7945
RFD-004054,ORD-0054346,2026-03-05,2026-01-24,T-01,XBOX,P-044158,price_adjustment,4.179,1.2537,2.9253
RFD-004055,ORD-0054356,2026-02-22,2026-01-24,T-02,EPIC,P-040819,price_adjustment,11.9083,1.429,10.4793
RFD-004056,ORD-0054376,2026-02-01,2026-01-24,T-03,STEAM,P-027714,price_adjustment,17.3872,4.3468,13.0404
RFD-004057,ORD-0054387,2026-02-02,2026-01-24,T-03,STEAM,P-018592,player_request,14.2163,3.5541,10.6623
RFD-004058,ORD-0054402,2026-01-29,2026-01-24,T-01,STEAM,P-013773,player_request,9.5424,2.3856,7.1568
RFD-004059,ORD-0054411,2026-02-07,2026-01-24,T-04,XBOX,P-036796,player_request,9.4206,2.8262,6.5944
RFD-004060,ORD-0054462,2026-02-22,2026-01-24,T-01,EPIC,P-040762,partial_goodwill,27.6752,3.321,24.3542
RFD-004061,ORD-0054463,2026-01-27,2026-01-24,T-04,STEAM,P-026922,partial_goodwill,2.308,0.577,1.731
RFD-004062,ORD-0054475,2026-01-29,2026-01-24,T-01,EPIC,P-027700,accidental_purchase,4.4688,0.5363,3.9325
RFD-004063,ORD-0054494,2026-02-02,2026-01-24,T-03,STEAM,P-023829,platform_policy,14.3985,3.5996,10.7989
RFD-004064,ORD-0054508,2026-02-10,2026-01-24,T-02,STEAM,P-013889,price_adjustment,2.7557,0.6889,2.0668
RFD-004065,ORD-0054516,2026-02-01,2026-01-24,T-02,STEAM,P-038318,price_adjustment,8.6392,2.1598,6.4794
RFD-004066,ORD-0054542,2026-02-10,2026-01-24,T-01,NSW,P-017853,price_adjustment,33.2202,9.9661,23.2542
RFD-004067,ORD-0054562,2026-03-13,2026-01-24,T-04,XBOX,P-013333,accidental_purchase,10.5085,3.1526,7.356
RFD-004068,ORD-0054564,2026-04-05,2026-01-24,T-03,XBOX,P-042622,accidental_purchase,33.4069,10.0221,23.3848
RFD-004069,ORD-0054581,2026-03-05,2026-01-24,T-02,STEAM,P-014312,price_adjustment,14.6999,3.675,11.025
RFD-004070,ORD-0054588,2026-02-07,2026-01-24,T-01,XBOX,P-005339,player_request,63.5308,19.0592,44.4716
RFD-004071,ORD-0054614,2026-02-01,2026-01-24,T-01,STEAM,P-032173,partial_goodwill,14.773,3.6933,11.0798
RFD-004072,ORD-0054659,2026-02-27,2026-01-25,T-01,STEAM,P-004592,player_request,4.6957,1.1739,3.5218
RFD-004073,ORD-0054662,2026-04-06,2026-01-25,T-03,XBOX,P-006145,player_request,14.2163,4.2649,9.9514
RFD-004074,ORD-0054669,2026-02-11,2026-01-25,T-03,STEAM,P-018254,price_adjustment,2.6071,0.6518,1.9553
RFD-004075,ORD-0054686,2026-02-03,2026-01-25,T-04,XBOX,P-021170,accidental_purchase,27.7363,8.3209,19.4154
RFD-004076,ORD-0054696,2026-01-30,2026-01-25,T-01,PSN,P-040497,player_request,21.1703,6.3511,14.8192
RFD-004077,ORD-0054699,2026-02-02,2026-01-25,T-03,STEAM,P-039036,partial_goodwill,3.7301,0.9325,2.7976
RFD-004078,ORD-0054718,2026-02-27,2026-01-25,T-01,XBOX,P-037102,player_request,55.3504,16.6051,38.7453
RFD-004079,ORD-0054729,2026-02-11,2026-01-25,T-01,PSN,P-031113,partial_goodwill,31.0591,9.3177,21.7413
RFD-004080,ORD-0054734,2026-03-06,2026-01-25,T-01,EPIC,P-014949,partial_goodwill,18.9066,2.2688,16.6378
RFD-004081,ORD-0054766,2026-02-02,2026-01-25,T-01,XBOX,P-024948,price_adjustment,28.6463,8.5939,20.0524
RFD-004082,ORD-0054782,2026-04-06,2026-01-25,T-04,EPIC,P-036300,player_request,29.7293,3.5675,26.1618
RFD-004083,ORD-0054786,2026-03-06,2026-01-25,T-02,PSN,P-008563,partial_goodwill,9.3903,2.8171,6.5732
RFD-004084,ORD-0054787,2026-02-23,2026-01-25,T-01,NSW,P-044807,partial_goodwill,22.3825,6.7148,15.6678
RFD-004085,ORD-0054797,2026-01-28,2026-01-25,T-01,PSN,P-017589,price_adjustment,11.1913,3.3574,7.8339
RFD-004086,ORD-0054809,2026-02-03,2026-01-25,T-04,XBOX,P-042763,player_request,23.5579,7.0674,16.4906
RFD-004087,ORD-0054813,2026-02-23,2026-01-25,T-02,XBOX,P-002333,price_adjustment,3.2288,0.9686,2.2601
RFD-004088,ORD-0054827,2026-03-06,2026-01-25,T-04,XBOX,P-024141,partial_goodwill,2.308,0.6924,1.6156
RFD-004089,ORD-0054836,2026-02-11,2026-01-25,T-02,NSW,P-015192,partial_goodwill,4.6977,1.4093,3.2884
RFD-004090,ORD-0054856,2026-02-11,2026-01-25,T-03,STEAM,P-012925,price_adjustment,2.4868,0.6217,1.8651
RFD-004091,ORD-0054862,2026-02-02,2026-01-25,T-01,PSN,P-008751,price_adjustment,2.5068,0.752,1.7548
RFD-004092,ORD-0054871,2026-02-23,2026-01-25,T-04,STEAM,P-031723,partial_goodwill,7.4903,1.8726,5.6178
RFD-004093,ORD-0054888,2026-02-24,2026-01-26,T-04,EPIC,P-014832,partial_goodwill,8.9536,1.0744,7.8792
RFD-004094,ORD-0054889,2026-01-29,2026-01-26,T-04,EPIC,P-019888,partial_goodwill,19.8261,2.3791,17.447
RFD-004095,ORD-0054891,2026-02-12,2026-01-26,T-01,NSW,P-032422,price_adjustment,21.2028,6.3608,14.8419
RFD-004096,ORD-0054893,2026-03-07,2026-01-26,T-02,PSN,P-020399,price_adjustment,8.2933,2.488,5.8053
RFD-004097,ORD-0054909,2026-02-09,2026-01-26,T-01,EPIC,P-035375,accidental_purchase,56.422,6.7706,49.6513
RFD-004098,ORD-0054922,2026-02-16,2026-01-26,T-01,STEAM,P-008259,player_request,60.4216,15.1054,45.3162
RFD-004099,ORD-0054923,2026-04-07,2026-01-26,T-04,STEAM,P-016870,player_request,4.9967,1.2492,3.7475
RFD-004100,ORD-0054928,2026-01-29,2026-01-26,T-02,EPIC,P-026545,price_adjustment,5.9554,0.7146,5.2407
RFD-004101,ORD-0054933,2026-04-07,2026-01-26,T-02,STEAM,P-017372,platform_policy,13.0307,3.2577,9.773
RFD-004102,ORD-0054936,2026-03-15,2026-01-26,T-04,STEAM,P-000397,platform_policy,4.6132,1.1533,3.4599
RFD-004103,ORD-0054939,2026-04-07,2026-01-26,T-01,STEAM,P-008420,platform_policy,100.716,25.179,75.537
RFD-004104,ORD-0054940,2026-01-29,2026-01-26,T-01,PSN,P-035595,partial_goodwill,23.5133,7.054,16.4593
RFD-004105,ORD-0054953,2026-03-15,2026-01-26,T-02,PSN,P-028777,platform_policy,8.6276,2.5883,6.0393
RFD-004106,ORD-0054963,2026-02-04,2026-01-26,T-03,XBOX,P-012716,player_request,15.1706,4.5512,10.6194
RFD-004107,ORD-0054970,2026-02-17,2026-01-27,T-03,STEAM,P-023648,accidental_purchase,29.8904,7.4726,22.4178
RFD-004108,ORD-0054972,2026-02-13,2026-01-27,T-01,PSN,P-015679,partial_goodwill,5.8313,1.7494,4.0819
RFD-004109,ORD-0054994,2026-01-30,2026-01-27,T-02,STEAM,P-011653,partial_goodwill,5.9018,1.4755,4.4264
RFD-004110,ORD-0055007,2026-01-30,2026-01-27,T-01,PSN,P-031020,price_adjustment,2.5235,0.7571,1.7665
RFD-004111,ORD-0055020,2026-02-04,2026-01-27,T-01,STEAM,P-035850,price_adjustment,8.1604,2.0401,6.1203
RFD-004112,ORD-0055031,2026-02-04,2026-01-27,T-03,STEAM,P-005065,partial_goodwill,9.2238,2.306,6.9179
RFD-004113,ORD-0055058,2026-01-30,2026-01-27,T-03,XBOX,P-012919,partial_goodwill,3.7401,1.122,2.618
RFD-004114,ORD-0055083,2026-02-17,2026-01-27,T-01,STEAM,P-043886,platform_policy,10.1376,2.5344,7.6032
RFD-004115,ORD-0055116,2026-02-01,2026-01-27,T-03,PSN,P-040522,platform_policy,9.5501,2.865,6.6851
RFD-004116,ORD-0055119,2026-03-08,2026-01-27,T-02,STEAM,P-002150,partial_goodwill,12.2859,3.0715,9.2144
RFD-004117,ORD-0055122,2026-01-30,2026-01-27,T-02,PSN,P-005879,price_adjustment,2.0659,0.6198,1.4461
RFD-004118,ORD-0055150,2026-02-26,2026-01-28,T-01,EPIC,P-041429,partial_goodwill,23.8864,2.8664,21.0201
RFD-004119,ORD-0055155,2026-03-09,2026-01-28,T-01,STEAM,P-003146,price_adjustment,4.7687,1.1922,3.5765
RFD-004120,ORD-0055167,2026-03-09,2026-01-28,T-02,STEAM,P-039791,partial_goodwill,6.1548,1.5387,4.6161
RFD-004121,ORD-0055173,2026-02-05,2026-01-28,T-01,STEAM,P-011119,partial_goodwill,23.5921,5.898,17.6941
RFD-004122,ORD-0055178,2026-02-06,2026-01-28,T-03,STEAM,P-026348,accidental_purchase,4.7986,1.1996,3.5989
RFD-004123,ORD-0055189,2026-02-05,2026-01-28,T-01,EPIC,P-007944,price_adjustment,11.7911,1.4149,10.3761
RFD-004124,ORD-0055192,2026-01-31,2026-01-28,T-04,XBOX,P-042788,partial_goodwill,4.9661,1.4898,3.4763
RFD-004125,ORD-0055206,2026-01-31,2026-01-28,T-01,PSN,P-027380,partial_goodwill,2.5284,0.7585,1.7699
RFD-004126,ORD-0055211,2026-02-14,2026-01-28,T-01,STEAM,P-007347,partial_goodwill,11.265,2.8163,8.4488
RFD-004127,ORD-0055213,2026-03-17,2026-01-28,T-03,EPIC,P-039361,player_request,19.9552,2.3946,17.5606
RFD-004128,ORD-0055246,2026-02-26,2026-01-28,T-03,XBOX,P-012839,partial_goodwill,3.0818,0.9245,2.1573
RFD-004129,ORD-0055255,2026-04-09,2026-01-28,T-03,PSN,P-000363,player_request,14.979,4.4937,10.4853
RFD-004130,ORD-0055276,2026-04-09,2026-01-28,T-04,STEAM,P-038569,player_request,30.1595,7.5399,22.6196
RFD-004131,ORD-0055294,2026-02-15,2026-01-29,T-01,STEAM,P-042001,partial_goodwill,1.2638,0.316,0.9479
RFD-004132,ORD-0055299,2026-02-03,2026-01-29,T-03,STEAM,P-026228,player_request,4.9176,1.2294,3.6882
RFD-004133,ORD-0055303,2026-02-03,2026-01-29,T-01,STEAM,P-007363,platform_policy,50.7455,12.6864,38.0591
RFD-004134,ORD-0055308,2026-02-01,2026-01-29,T-04,XBOX,P-010346,partial_goodwill,13.5709,4.0713,9.4996
RFD-004135,ORD-0055317,2026-02-27,2026-01-29,T-04,PSN,P-006387,price_adjustment,3.9128,1.1738,2.739
RFD-004136,ORD-0055331,2026-02-12,2026-01-29,T-01,XBOX,P-020717,platform_policy,45.1616,13.5485,31.6131
RFD-004137,ORD-0055333,2026-03-18,2026-01-29,T-01,STEAM,P-041680,platform_policy,9.5408,2.3852,7.1556
RFD-004138,ORD-0055339,2026-02-27,2026-01-29,T-02,PSN,P-037095,partial_goodwill,3.1244,0.9373,2.1871
RFD-004139,ORD-0055341,2026-03-03,2026-01-29,T-04,EPIC,P-028328,accidental_purchase,29.9662,3.5959,26.3703
RFD-004140,ORD-0055355,2026-02-06,2026-01-29,T-03,XBOX,P-041794,partial_goodwill,2.5074,0.7522,1.7552
RFD-004141,ORD-0055362,2026-02-27,2026-01-29,T-04,EPIC,P-028860,price_adjustment,3.2868,0.3944,2.8924
RFD-004142,ORD-0055387,2026-02-07,2026-01-29,T-01,STEAM,P-017134,platform_policy,50.7455,12.6864,38.0591
RFD-004143,ORD-0055391,2026-02-19,2026-01-29,T-01,XBOX,P-008187,platform_policy,94.3036,28.2911,66.0125
RFD-004144,ORD-0055397,2026-04-10,2026-01-29,T-01,NSW,P-043621,player_request,47.1518,14.1455,33.0063
RFD-004145,ORD-0055398,2026-02-06,2026-01-29,T-04,PSN,P-039116,partial_goodwill,10.1171,3.0351,7.082
RFD-004146,ORD-0055405,2026-03-11,2026-01-30,T-04,PSN,P-038129,partial_goodwill,3.5079,1.0524,2.4555
RFD-004147,ORD-0055447,2026-03-04,2026-01-30,T-04,XBOX,P-005121,platform_policy,9.4611,2.8383,6.6228
RFD-004148,ORD-0055460,2026-02-01,2026-01-30,T-01,EPIC,P-030985,accidental_purchase,50.8851,6.1062,44.7789
RFD-004149,ORD-0055463,2026-02-20,2026-01-30,T-01,XBOX,P-020965,accidental_purchase,47.8109,14.3433,33.4676
RFD-004150,ORD-0055465,2026-02-28,2026-01-30,T-03,XBOX,P-015908,partial_goodwill,12.5616,3.7685,8.7931
RFD-004151,ORD-0055497,2026-02-04,2026-01-30,T-02,XBOX,P-032536,platform_policy,23.9576,7.1873,16.7703
RFD-004152,ORD-0055503,2026-02-02,2026-01-30,T-01,STEAM,P-018438,price_adjustment,15.2584,3.8146,11.4438
RFD-004153,ORD-0055509,2026-02-01,2026-01-30,T-01,STEAM,P-039406,player_request,47.3348,11.8337,35.5011
RFD-004154,ORD-0055513,2026-02-04,2026-01-30,T-01,PSN,P-014332,player_request,10.1689,3.0507,7.1182
RFD-004155,ORD-0055531,2026-02-16,2026-01-30,T-01,NSW,P-040114,price_adjustment,22.5539,6.7662,15.7878
RFD-004156,ORD-0055536,2026-02-28,2026-01-30,T-03,STEAM,P-003886,price_adjustment,7.5329,1.8832,5.6497
RFD-004157,ORD-0055542,2026-02-28,2026-01-30,T-04,NSW,P-022634,partial_goodwill,9.3728,2.8118,6.5609
RFD-004158,ORD-0055565,2026-02-28,2026-01-30,T-03,PSN,P-013688,price_adjustment,2.3948,0.7184,1.6764
RFD-004159,ORD-0055615,2026-02-07,2026-01-30,T-03,PSN,P-003446,partial_goodwill,6.2175,1.8653,4.3523
RFD-004160,ORD-0055619,2026-02-16,2026-01-30,T-03,NSW,P-028807,partial_goodwill,9.4369,2.8311,6.6059
RFD-004161,ORD-0055625,2026-02-28,2026-01-30,T-01,STEAM,P-038985,price_adjustment,14.6555,3.6639,10.9916
RFD-004162,ORD-0055648,2026-02-16,2026-01-30,T-01,STEAM,P-011177,price_adjustment,17.1746,4.2937,12.881
RFD-004163,ORD-0055653,2026-02-03,2026-01-31,T-03,STEAM,P-024542,price_adjustment,9.3486,2.3371,7.0114
RFD-004164,ORD-0055657,2026-02-08,2026-01-31,T-04,EPIC,P-031091,price_adjustment,3.3356,0.4003,2.9353
RFD-004165,ORD-0055658,2026-03-05,2026-01-31,T-04,STEAM,P-043621,player_request,27.9005,6.9751,20.9254
RFD-004166,ORD-0055711,2026-02-17,2026-01-31,T-01,XBOX,P-015137,price_adjustment,29.7706,8.9312,20.8394
RFD-004167,ORD-0055713,2026-03-20,2026-01-31,T-03,PSN,P-027222,accidental_purchase,9.855,2.9565,6.8985
RFD-004168,ORD-0055723,2026-02-17,2026-01-31,T-02,STEAM,P-019714,price_adjustment,12.3071,3.0768,9.2304
RFD-004169,ORD-0055733,2026-02-09,2026-01-31,T-04,STEAM,P-020325,player_request,10.6251,2.6563,7.9689
RFD-004170,ORD-0055739,2026-03-12,2026-01-31,T-01,PSN,P-034816,partial_goodwill,3.1223,0.9367,2.1856
RFD-004171,ORD-0055775,2026-02-05,2026-01-31,T-03,STEAM,P-004710,player_request,20.0843,5.0211,15.0633
RFD-004172,ORD-0055840,2026-03-06,2026-02-01,T-02,STEAM,P-038078,platform_policy,18.5839,4.646,13.9379
RFD-004173,ORD-0055845,2026-03-02,2026-02-01,T-02,PSN,P-021635,price_adjustment,4.3393,1.3018,3.0375
RFD-004174,ORD-0055847,2026-02-04,2026-02-01,T-04,STEAM,P-034378,price_adjustment,2.3728,0.5932,1.7796
RFD-004175,ORD-0055851,2026-03-02,2026-02-01,T-04,STEAM,P-029955,partial_goodwill,20.2263,5.0566,15.1697
RFD-004176,ORD-0055856,2026-03-02,2026-02-01,T-02,STEAM,P-033006,partial_goodwill,4.7435,1.1859,3.5576
RFD-004177,ORD-0055868,2026-02-09,2026-02-01,T-04,XBOX,P-033214,price_adjustment,3.0723,0.9217,2.1506
RFD-004178,ORD-0055887,2026-03-02,2026-02-01,T-01,XBOX,P-029001,price_adjustment,7.1635,2.1491,5.0145
RFD-004179,ORD-0055906,2026-02-22,2026-02-01,T-01,STEAM,P-001966,accidental_purchase,5.0794,1.2698,3.8095
RFD-004180,ORD-0055925,2026-02-03,2026-02-01,T-01,STEAM,P-035613,accidental_purchase,17.8133,4.4533,13.36
RFD-004181,ORD-0055965,2026-02-03,2026-02-01,T-04,STEAM,P-001953,player_request,20.2161,5.054,15.1621
RFD-004182,ORD-0055975,2026-02-09,2026-02-01,T-04,STEAM,P-017900,partial_goodwill,15.1773,3.7943,11.383
RFD-004183,ORD-0055988,2026-02-09,2026-02-01,T-03,STEAM,P-038095,partial_goodwill,3.1727,0.7932,2.3796
RFD-004184,ORD-0055992,2026-02-10,2026-02-01,T-03,PSN,P-001854,platform_policy,14.2905,4.2871,10.0033
RFD-004185,ORD-0055993,2026-02-09,2026-02-01,T-04,STEAM,P-042897,partial_goodwill,20.4899,5.1225,15.3674
RFD-004186,ORD-0056017,2026-03-13,2026-02-01,T-04,PSN,P-041513,partial_goodwill,2.4418,0.7325,1.7093
RFD-004187,ORD-0056045,2026-03-13,2026-02-01,T-04,STEAM,P-034600,partial_goodwill,15.1773,3.7943,11.383
RFD-004188,ORD-0056047,2026-02-04,2026-02-01,T-02,PSN,P-019266,partial_goodwill,12.3071,3.6921,8.615
RFD-004189,ORD-0056049,2026-04-14,2026-02-02,T-01,EPIC,P-004716,accidental_purchase,16.5264,1.9832,14.5432
RFD-004190,ORD-0056083,2026-02-10,2026-02-02,T-03,PSN,P-044833,partial_goodwill,3.755,1.1265,2.6285
RFD-004191,ORD-0056092,2026-02-05,2026-02-02,T-01,NSW,P-036305,partial_goodwill,27.0357,8.1107,18.925
RFD-004192,ORD-0056118,2026-02-10,2026-02-02,T-01,STEAM,P-005784,partial_goodwill,14.8745,3.7186,11.1559
RFD-004193,ORD-0056148,2026-03-03,2026-02-02,T-01,NSW,P-010852,price_adjustment,1.2618,0.3785,0.8832
RFD-004194,ORD-0056158,2026-02-10,2026-02-02,T-01,PSN,P-005181,partial_goodwill,5.8546,1.7564,4.0982
RFD-004195,ORD-0056162,2026-02-19,2026-02-02,T-01,XBOX,P-020979,price_adjustment,25.1262,7.5379,17.5884
RFD-004196,ORD-0056167,2026-03-14,2026-02-02,T-01,EPIC,P-023851,price_adjustment,37.9941,4.5593,33.4348
RFD-004197,ORD-0056174,2026-02-19,2026-02-02,T-02,PSN,P-007813,partial_goodwill,11.9457,3.5837,8.362
RFD-004198,ORD-0056204,2026-03-14,2026-02-02,T-01,XBOX,P-020067,partial_goodwill,19.633,5.8899,13.7431
RFD-004199,ORD-0056216,2026-02-19,2026-02-02,T-04,PSN,P-007469,partial_goodwill,3.1425,0.9428,2.1998
RFD-004200,ORD-0056237,2026-02-07,2026-02-02,T-04,NSW,P-035547,platform_policy,10.0638,3.0191,7.0447
RFD-004201,ORD-0056249,2026-02-07,2026-02-02,T-01,STEAM,P-036523,player_request,10.0505,2.5126,7.5379
RFD-004202,ORD-0056274,2026-03-08,2026-02-03,T-03,PSN,P-006707,platform_policy,10.0199,3.006,7.0139
RFD-004203,ORD-0056296,2026-02-06,2026-02-03,T-03,EPIC,P-033866,price_adjustment,2.5075,0.3009,2.2066
RFD-004204,ORD-0056335,2026-02-17,2026-02-03,T-01,PSN,P-004277,player_request,152.2398,45.6719,106.5679
RFD-004205,ORD-0056337,2026-02-06,2026-02-03,T-01,STEAM,P-032186,price_adjustment,33.0353,8.2588,24.7765
RFD-004206,ORD-0056338,2026-03-04,2026-02-03,T-01,STEAM,P-038564,partial_goodwill,5.0656,1.2664,3.7992
RFD-004207,ORD-0056339,2026-03-15,2026-02-03,T-01,STEAM,P-022842,partial_goodwill,22.5546,5.6387,16.916
RFD-004208,ORD-0056386,2026-02-06,2026-02-03,T-02,STEAM,P-041051,partial_goodwill,4.4892,1.1223,3.3669
RFD-004209,ORD-0056387,2026-04-15,2026-02-03,T-02,STEAM,P-010305,accidental_purchase,17.7496,4.4374,13.3122
RFD-004210,ORD-0056402,2026-02-17,2026-02-03,T-01,EPIC,P-039011,accidental_purchase,71.0291,8.5235,62.5056
RFD-004211,ORD-0056421,2026-03-16,2026-02-04,T-01,STEAM,P-042419,price_adjustment,27.7463,6.9366,20.8097
RFD-004212,ORD-0056422,2026-03-16,2026-02-04,T-03,STEAM,P-015688,price_adjustment,9.9254,2.4813,7.444
RFD-004213,ORD-0056428,2026-02-21,2026-02-04,T-02,STEAM,P-006321,partial_goodwill,4.7825,1.1956,3.5868
RFD-004214,ORD-0056436,2026-02-21,2026-02-04,T-04,PSN,P-039556,partial_goodwill,5.3016,1.5905,3.7111
RFD-004215,ORD-0056444,2026-02-12,2026-02-04,T-03,PSN,P-043618,partial_goodwill,4.9313,1.4794,3.4519
RFD-004216,ORD-0056451,2026-02-21,2026-02-04,T-01,STEAM,P-042603,price_adjustment,3.1151,0.7788,2.3363
RFD-004217,ORD-0056474,2026-03-05,2026-02-04,T-01,NSW,P-020330,price_adjustment,18.2254,5.4676,12.7578
RFD-004218,ORD-0056476,2026-02-18,2026-02-04,T-04,STEAM,P-042230,platform_policy,4.6327,1.1582,3.4745
RFD-004219,ORD-0056489,2026-03-16,2026-02-04,T-01,PSN,P-018183,price_adjustment,2.2505,0.6751,1.5753
RFD-004220,ORD-0056520,2026-02-12,2026-02-04,T-04,STEAM,P-002505,price_adjustment,17.6654,4.4163,13.249
RFD-004221,ORD-0056525,2026-02-12,2026-02-04,T-01,PSN,P-003085,partial_goodwill,4.4416,1.3325,3.1091
RFD-004222,ORD-0056537,2026-02-12,2026-02-04,T-03,STEAM,P-014057,partial_goodwill,3.3085,0.8271,2.4813
RFD-004223,ORD-0056555,2026-02-25,2026-02-04,T-01,XBOX,P-031121,platform_policy,16.5339,4.9602,11.5738
RFD-004224,ORD-0056565,2026-02-07,2026-02-04,T-02,XBOX,P-022153,partial_goodwill,4.7325,1.4198,3.3128
RFD-004225,ORD-0056567,2026-02-25,2026-02-04,T-04,PSN,P-031310,player_request,35.3307,10.5992,24.7315
RFD-004226,ORD-0056598,2026-03-17,2026-02-05,T-03,STEAM,P-026942,price_adjustment,1.7373,0.4343,1.303
RFD-004227,ORD-0056622,2026-02-19,2026-02-05,T-03,PSN,P-019180,accidental_purchase,5.2624,1.5787,3.6837
RFD-004228,ORD-0056630,2026-02-14,2026-02-05,T-04,XBOX,P-036218,accidental_purchase,30.2411,9.0723,21.1688
RFD-004229,ORD-0056640,2026-04-17,2026-02-05,T-03,STEAM,P-018423,player_request,14.4634,3.6159,10.8476
RFD-004230,ORD-0056646,2026-02-10,2026-02-05,T-02,STEAM,P-024383,platform_policy,9.8683,2.4671,7.4012
RFD-004231,ORD-0056657,2026-03-17,2026-02-05,T-01,PSN,P-009398,price_adjustment,16.7133,5.014,11.6993
RFD-004232,ORD-0056670,2026-02-08,2026-02-05,T-01,STEAM,P-029193,price_adjustment,18.4032,4.6008,13.8024
RFD-004233,ORD-0056686,2026-03-25,2026-02-05,T-01,XBOX,P-000671,accidental_purchase,119.1362,35.7409,83.3954
RFD-004234,ORD-0056691,2026-04-17,2026-02-05,T-01,XBOX,P-026801,player_request,94.2315,28.2695,65.9621
RFD-004235,ORD-0056695,2026-04-17,2026-02-05,T-03,STEAM,P-012513,platform_policy,4.9488,1.2372,3.7116
RFD-004236,ORD-0056702,2026-02-19,2026-02-05,T-03,XBOX,P-037701,accidental_purchase,15.2721,4.5816,10.6904
RFD-004237,ORD-0056709,2026-02-19,2026-02-05,T-02,XBOX,P-006146,platform_policy,9.8083,2.9425,6.8658
RFD-004238,ORD-0056725,2026-03-07,2026-02-06,T-04,STEAM,P-011233,price_adjustment,15.1249,3.7812,11.3437
RFD-004239,ORD-0056730,2026-03-18,2026-02-06,T-01,XBOX,P-009327,partial_goodwill,2.536,0.7608,1.7752
RFD-004240,ORD-0056736,2026-02-11,2026-02-06,T-01,STEAM,P-001368,player_request,10.0199,2.505,7.5149
RFD-004241,ORD-0056745,2026-02-14,2026-02-06,T-04,XBOX,P-005783,partial_goodwill,13.8801,4.164,9.7161
RFD-004242,ORD-0056746,2026-02-14,2026-02-06,T-04,EPIC,P-023050,partial_goodwill,15.4095,1.8491,13.5604
RFD-004243,ORD-0056749,2026-03-07,2026-02-06,T-01,STEAM,P-042268,price_adjustment,33.9126,8.4782,25.4345
RFD-004244,ORD-0056755,2026-03-26,2026-02-06,T-04,PSN,P-019493,player_request,5.0315,1.5095,3.5221
RFD-004245,ORD-0056765,2026-03-11,2026-02-06,T-03,XBOX,P-022181,accidental_purchase,30.0477,9.0143,21.0334
RFD-004246,ORD-0056767,2026-04-18,2026-02-06,T-04,STEAM,P-027435,platform_policy,5.0315,1.2579,3.7736
RFD-004247,ORD-0056768,2026-02-15,2026-02-06,T-03,XBOX,P-032276,platform_policy,24.0828,7.2248,16.858
RFD-004248,ORD-0056793,2026-02-14,2026-02-06,T-01,NSW,P-028078,price_adjustment,25.3496,7.6049,17.7447
RFD-004249,ORD-0056812,2026-02-08,2026-02-06,T-02,STEAM,P-010868,platform_policy,9.8711,2.4678,7.4033
RFD-004250,ORD-0056815,2026-03-18,2026-02-06,T-02,XBOX,P-001189,price_adjustment,12.3465,3.7039,8.6425
RFD-004251,ORD-0056840,2026-02-20,2026-02-06,T-02,EPIC,P-037385,accidental_purchase,29.6335,3.556,26.0775
RFD-004252,ORD-0056846,2026-04-18,2026-02-06,T-01,PSN,P-041672,platform_policy,9.3994,2.8198,6.5796
RFD-004253,ORD-0056857,2026-03-18,2026-02-06,T-04,STEAM,P-019393,partial_goodwill,3.4958,0.874,2.6219
RFD-004254,ORD-0056893,2026-02-23,2026-02-06,T-04,STEAM,P-028854,partial_goodwill,2.31,0.5775,1.7325
RFD-004255,ORD-0056924,2026-02-27,2026-02-06,T-01,STEAM,P-043471,accidental_purchase,47.8944,11.9736,35.9208
RFD-004256,ORD-0056948,2026-02-23,2026-02-06,T-01,STEAM,P-001719,partial_goodwill,1.1749,0.2937,0.8812
RFD-004257,ORD-0056955,2026-02-27,2026-02-06,T-03,STEAM,P-032491,accidental_purchase,23.2608,5.8152,17.4456
RFD-004258,ORD-0056959,2026-04-18,2026-02-06,T-02,STEAM,P-025778,player_request,24.703,6.1758,18.5273
RFD-004259,ORD-0056970,2026-02-10,2026-02-07,T-04,PSN,P-009805,partial_goodwill,7.169,2.1507,5.0183
RFD-004260,ORD-0056975,2026-03-08,2026-02-07,T-01,STEAM,P-028102,partial_goodwill,34.2306,8.5576,25.6729
RFD-004261,ORD-0057006,2026-02-15,2026-02-07,T-01,XBOX,P-031455,price_adjustment,2.3499,0.705,1.6449
RFD-004262,ORD-0057010,2026-02-24,2026-02-07,T-01,PSN,P-035356,partial_goodwill,2.5259,0.7578,1.7681
RFD-004263,ORD-0057026,2026-02-24,2026-02-07,T-02,STEAM,P-022586,partial_goodwill,1.6149,0.4037,1.2112
RFD-004264,ORD-0057039,2026-02-24,2026-02-07,T-03,EPIC,P-012263,price_adjustment,12.5182,1.5022,11.016
RFD-004265,ORD-0057071,2026-02-21,2026-02-07,T-01,STEAM,P-000501,player_request,20.0653,5.0163,15.049
RFD-004266,ORD-0057073,2026-03-12,2026-02-07,T-04,STEAM,P-018824,accidental_purchase,9.9615,2.4904,7.4711
RFD-004267,ORD-0057080,2026-02-15,2026-02-07,T-04,STEAM,P-020196,partial_goodwill,4.4914,1.1229,3.3686
RFD-004268,ORD-0057083,2026-03-08,2026-02-07,T-03,STEAM,P-017196,price_adjustment,1.3135,0.3284,0.9851
RFD-004269,ORD-0057099,2026-03-08,2026-02-07,T-01,XBOX,P-009625,price_adjustment,25.3496,7.6049,17.7447
RFD-004270,ORD-0057127,2026-02-24,2026-02-07,T-02,STEAM,P-038559,partial_goodwill,8.0744,2.0186,6.0558
RFD-004271,ORD-0057138,2026-04-19,2026-02-07,T-01,PSN,P-004249,player_request,17.7518,5.3255,12.4263
RFD-004272,ORD-0057144,2026-02-16,2026-02-08,T-02,STEAM,P-023617,price_adjustment,7.866,1.9665,5.8995
RFD-004273,ORD-0057159,2026-02-25,2026-02-08,T-03,PSN,P-037723,price_adjustment,12.5182,3.7555,8.7627
RFD-004274,ORD-0057174,2026-02-22,2026-02-08,T-01,STEAM,P-003873,player_request,10.1338,2.5334,7.6003
RFD-004275,ORD-0057176,2026-02-25,2026-02-08,T-01,PSN,P-005333,partial_goodwill,5.0618,1.5186,3.5433
RFD-004276,ORD-0057184,2026-02-13,2026-02-08,T-04,PSN,P-010842,platform_policy,20.1463,6.0439,14.1024
RFD-004277,ORD-0057203,2026-03-20,2026-02-08,T-01,STEAM,P-025020,price_adjustment,11.2268,2.8067,8.4201
RFD-004278,ORD-0057215,2026-04-20,2026-02-08,T-02,STEAM,P-006162,platform_policy,33.0017,8.2504,24.7513
RFD-004279,ORD-0057229,2026-03-13,2026-02-08,T-04,XBOX,P-007788,player_request,30.2498,9.0749,21.1749
RFD-004280,ORD-0057237,2026-02-16,2026-02-08,T-02,STEAM,P-035263,partial_goodwill,7.9579,1.9895,5.9684
RFD-004281,ORD-0057248,2026-02-11,2026-02-08,T-04,XBOX,P-005742,partial_goodwill,3.5845,1.0754,2.5092
RFD-004282,ORD-0057250,2026-02-25,2026-02-08,T-03,PSN,P-036675,partial_goodwill,4.6535,1.3961,3.2575
RFD-004283,ORD-0057273,2026-03-28,2026-02-08,T-03,STEAM,P-030337,accidental_purchase,14.2286,3.5571,10.6714
RFD-004284,ORD-0057283,2026-02-13,2026-02-08,T-04,STEAM,P-028044,accidental_purchase,30.2498,7.5625,22.6874
RFD-004285,ORD-0057301,2026-03-13,2026-02-08,T-04,STEAM,P-037040,platform_policy,4.9337,1.2334,3.7003
RFD-004286,ORD-0057307,2026-04-20,2026-02-08,T-02,XBOX,P-040297,accidental_purchase,33.0017,9.9005,23.1012
RFD-004287,ORD-0057329,2026-03-09,2026-02-08,T-02,NSW,P-027705,partial_goodwill,2.4652,0.7396,1.7257
RFD-004288,ORD-0057337,2026-02-25,2026-02-08,T-03,STEAM,P-003108,partial_goodwill,2.6269,0.6567,1.9702
RFD-004289,ORD-0057347,2026-02-16,2026-02-08,T-03,STEAM,P-028781,partial_goodwill,5.0113,1.2528,3.7585
RFD-004290,ORD-0057352,2026-02-10,2026-02-08,T-02,PSN,P-007526,accidental_purchase,23.5765,7.073,16.5036
RFD-004291,ORD-0057359,2026-03-28,2026-02-08,T-02,PSN,P-040651,platform_policy,4.9305,1.4791,3.4513
RFD-004292,ORD-0057362,2026-02-16,2026-02-08,T-01,XBOX,P-001310,partial_goodwill,15.8914,4.7674,11.124
RFD-004293,ORD-0057367,2026-02-25,2026-02-08,T-03,XBOX,P-001774,partial_goodwill,4.6079,1.3824,3.2255
RFD-004294,ORD-0057373,2026-02-17,2026-02-09,T-01,STEAM,P-005246,partial_goodwill,4.7388,1.1847,3.5541
RFD-004295,ORD-0057387,2026-02-26,2026-02-09,T-01,PSN,P-040560,partial_goodwill,24.9916,7.4975,17.4942
RFD-004296,ORD-0057407,2026-03-02,2026-02-09,T-01,STEAM,P-014923,accidental_purchase,47.4881,11.872,35.6161
RFD-004297,ORD-0057408,2026-03-21,2026-02-09,T-01,XBOX,P-041853,price_adjustment,33.6121,10.0836,23.5285
RFD-004298,ORD-0057417,2026-02-26,2026-02-09,T-03,PSN,P-007861,partial_goodwill,2.5161,0.7548,1.7613
RFD-004299,ORD-0057418,2026-02-12,2026-02-09,T-02,STEAM,P-022561,partial_goodwill,5.8699,1.4675,4.4025
RFD-004300,ORD-0057467,2026-02-17,2026-02-09,T-02,PSN,P-008661,partial_goodwill,2.3995,0.7199,1.6797
RFD-004301,ORD-0057469,2026-02-26,2026-02-09,T-04,PSN,P-001151,partial_goodwill,10.0238,3.0071,7.0166
RFD-004302,ORD-0057475,2026-03-21,2026-02-09,T-03,XBOX,P-024783,partial_goodwill,7.1684,2.1505,5.0179
RFD-004303,ORD-0057542,2026-03-22,2026-02-10,T-01,EPIC,P-025937,partial_goodwill,34.33,4.1196,30.2104
RFD-004304,ORD-0057551,2026-02-13,2026-02-10,T-04,PSN,P-020353,partial_goodwill,3.3337,1.0001,2.3336
RFD-004305,ORD-0057558,2026-03-11,2026-02-10,T-01,STEAM,P-022462,partial_goodwill,48.2285,12.0571,36.1714
RFD-004306,ORD-0057577,2026-03-11,2026-02-10,T-02,STEAM,P-013447,partial_goodwill,17.3372,4.3343,13.0029
RFD-004307,ORD-0057614,2026-04-22,2026-02-10,T-01,XBOX,P-029211,player_request,17.8033,5.341,12.4623
RFD-004308,ORD-0057616,2026-03-15,2026-02-10,T-02,PSN,P-038854,platform_policy,56.5076,16.9523,39.5553
RFD-004309,ORD-0057649,2026-02-18,2026-02-10,T-02,STEAM,P-024325,price_adjustment,2.3983,0.5996,1.7988
RFD-004310,ORD-0057655,2026-02-18,2026-02-10,T-02,XBOX,P-027776,price_adjustment,16.2164,4.8649,11.3515
RFD-004311,ORD-0057656,2026-02-18,2026-02-10,T-01,XBOX,P-043530,price_adjustment,12.7167,3.815,8.9017
RFD-004312,ORD-0057662,2026-02-19,2026-02-10,T-02,STEAM,P-023628,platform_policy,29.7195,7.4299,22.2896
RFD-004313,ORD-0057701,2026-03-23,2026-02-11,T-03,NSW,P-028341,price_adjustment,7.4999,2.25,5.2499
RFD-004314,ORD-0057707,2026-02-25,2026-02-11,T-01,EPIC,P-003916,player_request,99.0954,11.8914,87.2039
RFD-004315,ORD-0057740,2026-02-28,2026-02-11,T-01,STEAM,P-018140,price_adjustment,59.008,14.752,44.256
RFD-004316,ORD-0057759,2026-02-14,2026-02-11,T-01,STEAM,P-040104,partial_goodwill,3.9434,0.9858,2.9575
RFD-004317,ORD-0057760,2026-03-12,2026-02-11,T-01,STEAM,P-031745,partial_goodwill,5.7966,1.4491,4.3474
RFD-004318,ORD-0057790,2026-03-12,2026-02-11,T-01,XBOX,P-007858,price_adjustment,2.5235,0.7571,1.7665
RFD-004319,ORD-0057796,2026-02-28,2026-02-11,T-01,PSN,P-005991,partial_goodwill,16.0116,4.8035,11.2081
RFD-004320,ORD-0057804,2026-03-04,2026-02-11,T-02,PSN,P-021223,player_request,4.7225,1.4168,3.3058
RFD-004321,ORD-0057808,2026-02-19,2026-02-11,T-01,PSN,P-022671,partial_goodwill,2.3676,0.7103,1.6573
RFD-004322,ORD-0057816,2026-02-14,2026-02-11,T-02,NSW,P-025882,price_adjustment,2.1601,0.648,1.5121
RFD-004323,ORD-0057823,2026-04-23,2026-02-11,T-03,XBOX,P-031360,platform_policy,28.6624,8.5987,20.0637
RFD-004324,ORD-0057859,2026-02-19,2026-02-11,T-01,EPIC,P-006343,partial_goodwill,10.1243,1.2149,8.9094
RFD-004325,ORD-0057865,2026-03-12,2026-02-11,T-02,STEAM,P-020343,partial_goodwill,2.1744,0.5436,1.6308
RFD-004326,ORD-0057886,2026-03-24,2026-02-12,T-02,STEAM,P-011148,price_adjustment,12.3733,3.0933,9.28
RFD-004327,ORD-0057901,2026-03-05,2026-02-12,T-05,NSW,P-009971,platform_policy,49.981,14.9943,34.9867
RFD-004328,ORD-0057904,2026-02-20,2026-02-12,T-03,PSN,P-019514,partial_goodwill,4.7763,1.4329,3.3434
RFD-004329,ORD-0057916,2026-04-01,2026-02-12,T-01,PSN,P-019004,accidental_purchase,50.8197,15.2459,35.5738
RFD-004330,ORD-0057921,2026-03-13,2026-02-12,T-02,STEAM,P-043147,partial_goodwill,3.1338,0.7835,2.3504
RFD-004331,ORD-0057925,2026-02-17,2026-02-12,T-03,STEAM,P-016547,player_request,20.3319,5.083,15.249
RFD-004332,ORD-0057931,2026-02-20,2026-02-12,T-02,EPIC,P-006738,price_adjustment,3.407,0.4088,2.9981
RFD-004333,ORD-0057953,2026-02-20,2026-02-12,T-04,XBOX,P-025059,price_adjustment,4.5289,1.3587,3.1702
RFD-004334,ORD-0057958,2026-02-20,2026-02-12,T-04,XBOX,P-028962,price_adjustment,18.6538,5.5962,13.0577
RFD-004335,ORD-0057966,2026-04-01,2026-02-12,T-03,STEAM,P-043489,accidental_purchase,23.8918,5.9729,17.9188
RFD-004336,ORD-0057979,2026-04-24,2026-02-12,T-05,STEAM,P-027798,platform_policy,53.9847,13.4962,40.4886
RFD-004337,ORD-0057998,2026-03-24,2026-02-12,T-05,PSN,P-006738,price_adjustment,17.8167,5.345,12.4717
RFD-004338,ORD-0058001,2026-03-24,2026-02-12,T-01,STEAM,P-012547,partial_goodwill,8.3084,2.0771,6.2313
RFD-004339,ORD-0058010,2026-02-14,2026-02-12,T-03,PSN,P-024246,accidental_purchase,30.1131,9.0339,21.0792
RFD-004340,ORD-0058032,2026-02-17,2026-02-12,T-01,STEAM,P-034789,player_request,56.9449,14.2362,42.7087
RFD-004341,ORD-0058033,2026-03-24,2026-02-12,T-04,PSN,P-023738,price_adjustment,1.2657,0.3797,0.886
RFD-004342,ORD-0058043,2026-03-13,2026-02-12,T-04,STEAM,P-040614,price_adjustment,9.4914,2.3728,7.1185
RFD-004343,ORD-0058049,2026-02-15,2026-02-12,T-05,STEAM,P-036086,partial_goodwill,19.9978,4.9995,14.9984
RFD-004344,ORD-0058052,2026-03-01,2026-02-12,T-05,PSN,P-021306,price_adjustment,13.1935,3.958,9.2354
RFD-004345,ORD-0058064,2026-04-02,2026-02-13,T-01,STEAM,P-040511,platform_policy,9.5135,2.3784,7.1351
RFD-004346,ORD-0058074,2026-02-15,2026-02-13,T-02,PSN,P-030436,platform_policy,4.9491,1.4847,3.4643
RFD-004347,ORD-0058078,2026-03-02,2026-02-13,T-01,EPIC,P-035643,price_adjustment,5.4967,0.6596,4.8371
RFD-004348,ORD-0058094,2026-04-25,2026-02-13,T-05,EPIC,P-015519,platform_policy,80.2675,9.6321,70.6354
RFD-004349,ORD-0058107,2026-04-02,2026-02-13,T-05,PSN,P-034194,accidental_purchase,27.999,8.3997,19.5993
RFD-004350,ORD-0058111,2026-02-16,2026-02-13,T-05,EPIC,P-008502,partial_goodwill,9.9965,1.1996,8.7969
RFD-004351,ORD-0058113,2026-03-18,2026-02-13,T-01,STEAM,P-000520,player_request,16.6712,4.1678,12.5034
RFD-004352,ORD-0058125,2026-04-25,2026-02-13,T-04,PSN,P-011760,player_request,20.7394,6.2218,14.5176
RFD-004353,ORD-0058139,2026-04-25,2026-02-13,T-05,STEAM,P-027815,platform_policy,40.0489,10.0122,30.0367
RFD-004354,ORD-0058141,2026-04-02,2026-02-13,T-04,STEAM,P-033195,player_request,4.6712,1.1678,3.5034
RFD-004355,ORD-0058164,2026-03-25,2026-02-13,T-05,EPIC,P-015518,price_adjustment,13.2144,1.5857,11.6287
RFD-004356,ORD-0058170,2026-02-15,2026-02-13,T-05,XBOX,P-041687,player_request,40.1546,12.0464,28.1083
RFD-004357,ORD-0058171,2026-03-02,2026-02-13,T-02,PSN,P-001463,partial_goodwill,6.1356,1.8407,4.2949
RFD-004358,ORD-0058177,2026-03-25,2026-02-13,T-01,XBOX,P-011847,partial_goodwill,5.0809,1.5243,3.5566
RFD-004359,ORD-0058190,2026-02-16,2026-02-13,T-05,STEAM,P-026788,price_adjustment,10.0097,2.5024,7.5073
RFD-004360,ORD-0058194,2026-02-18,2026-02-13,T-01,STEAM,P-015192,player_request,4.5168,1.1292,3.3876
RFD-004361,ORD-0058199,2026-02-18,2026-02-13,T-01,EPIC,P-034764,accidental_purchase,144.4122,17.3295,127.0827
RFD-004362,ORD-0058207,2026-03-25,2026-02-13,T-05,STEAM,P-035595,price_adjustment,20.0638,5.016,15.0479
RFD-004363,ORD-0058209,2026-04-02,2026-02-13,T-01,EPIC,P-039958,platform_policy,14.2652,1.7118,12.5533
RFD-004364,ORD-0058244,2026-03-14,2026-02-13,T-05,STEAM,P-008942,price_adjustment,5.0034,1.2508,3.7525
RFD-004365,ORD-0058254,2026-02-17,2026-02-14,T-01,STEAM,P-001261,price_adjustment,16.7944,4.1986,12.5958
RFD-004366,ORD-0058267,2026-03-19,2026-02-14,T-05,XBOX,P-029275,accidental_purchase,45.0487,13.5146,31.5341
RFD-004367,ORD-0058288,2026-02-22,2026-02-14,T-04,EPIC,P-015798,partial_goodwill,32.7384,3.9286,28.8098
RFD-004368,ORD-0058326,2026-03-03,2026-02-14,T-05,STEAM,P-015600,partial_goodwill,5.0088,1.2522,3.7566
RFD-004369,ORD-0058341,2026-02-28,2026-02-14,T-05,PSN,P-012940,player_request,10.0097,3.0029,7.0068
RFD-004370,ORD-0058352,2026-02-16,2026-02-14,T-01,PSN,P-039314,player_request,17.8187,5.3456,12.4731
RFD-004371,ORD-0058368,2026-02-17,2026-02-14,T-05,STEAM,P-001874,price_adjustment,40.1176,10.0294,30.0882
RFD-004372,ORD-0058427,2026-03-26,2026-02-14,T-05,PSN,P-033956,price_adjustment,9.9965,2.9989,6.9975
RFD-004373,ORD-0058441,2026-03-26,2026-02-14,T-04,STEAM,P-014355,partial_goodwill,7.7781,1.9445,5.8336
RFD-004374,ORD-0058462,2026-03-03,2026-02-14,T-03,XBOX,P-030457,price_adjustment,4.84,1.452,3.388
RFD-004375,ORD-0058463,2026-03-07,2026-02-14,T-02,XBOX,P-026272,player_request,8.6811,2.6043,6.0768
RFD-004376,ORD-0058479,2026-04-03,2026-02-14,T-05,EPIC,P-020810,accidental_purchase,40.1546,4.8186,35.3361
RFD-004377,ORD-0058487,2026-04-03,2026-02-14,T-03,PSN,P-038650,accidental_purchase,14.0693,4.2208,9.8485
RFD-004378,ORD-0058490,2026-03-26,2026-02-14,T-03,STEAM,P-044197,price_adjustment,4.84,1.21,3.63
RFD-004379,ORD-0058524,2026-03-04,2026-02-15,T-05,EPIC,P-016881,partial_goodwill,3.509,0.4211,3.0879
RFD-004380,ORD-0058526,2026-02-18,2026-02-15,T-02,XBOX,P-004518,price_adjustment,4.9491,1.4847,3.4643
RFD-004381,ORD-0058529,2026-02-20,2026-02-15,T-04,PSN,P-037733,player_request,9.5218,2.8566,6.6653
RFD-004382,ORD-0058537,2026-03-27,2026-02-15,T-05,PSN,P-027667,partial_goodwill,27.0373,8.1112,18.9261
RFD-004383,ORD-0058551,2026-03-27,2026-02-15,T-03,NSW,P-042335,partial_goodwill,1.3184,0.3955,0.9229
RFD-004384,ORD-0058565,2026-02-23,2026-02-15,T-05,PSN,P-039460,price_adjustment,6.6021,1.9806,4.6215
RFD-004385,ORD-0058580,2026-03-16,2026-02-15,T-05,XBOX,P-002516,partial_goodwill,3.7524,1.1257,2.6267
RFD-004386,ORD-0058615,2026-02-18,2026-02-15,T-04,PSN,P-024269,price_adjustment,17.3019,5.1906,12.1113
RFD-004387,ORD-0058641,2026-03-27,2026-02-15,T-05,NSW,P-004100,partial_goodwill,10.0097,3.0029,7.0068
RFD-004388,ORD-0058649,2026-03-16,2026-02-15,T-04,EPIC,P-034130,partial_goodwill,7.5757,0.9091,6.6666
RFD-004389,ORD-0058651,2026-03-27,2026-02-15,T-01,STEAM,P-027505,price_adjustment,29.8619,7.4655,22.3964
RFD-004390,ORD-0058654,2026-03-16,2026-02-15,T-02,PSN,P-019417,partial_goodwill,6.0302,1.8091,4.2212
RFD-004391,ORD-0058655,2026-02-23,2026-02-15,T-01,XBOX,P-020737,price_adjustment,1.6734,0.502,1.1713
RFD-004392,ORD-0058659,2026-03-27,2026-02-15,T-01,EPIC,P-024093,partial_goodwill,3.3568,0.4028,2.954
RFD-004393,ORD-0058665,2026-02-17,2026-02-15,T-01,PSN,P-022478,accidental_purchase,47.6177,14.2853,33.3324
RFD-004394,ORD-0058681,2026-02-23,2026-02-15,T-01,EPIC,P-031284,partial_goodwill,3.141,0.3769,2.764
RFD-004395,ORD-0058709,2026-02-21,2026-02-16,T-02,STEAM,P-022271,player_request,8.4235,2.1059,6.3176
RFD-004396,ORD-0058716,2026-03-02,2026-02-16,T-05,STEAM,P-041369,player_request,4.9958,1.249,3.7469
RFD-004397,ORD-0058729,2026-03-28,2026-02-16,T-03,STEAM,P-005016,partial_goodwill,1.1737,0.2934,0.8803
RFD-004398,ORD-0058744,2026-03-05,2026-02-16,T-01,XBOX,P-022064,partial_goodwill,5.9054,1.7716,4.1338
RFD-004399,ORD-0058765,2026-02-24,2026-02-16,T-05,STEAM,P-037791,price_adjustment,16.5861,4.1465,12.4396
RFD-004400,ORD-0058775,2026-03-05,2026-02-16,T-01,XBOX,P-003491,partial_goodwill,1.2727,0.3818,0.8909
RFD-004401,ORD-0058791,2026-02-25,2026-02-16,T-01,XBOX,P-028659,platform_policy,56.2034,16.861,39.3424
RFD-004402,ORD-0058792,2026-03-02,2026-02-16,T-05,PSN,P-020429,player_request,80.1953,24.0586,56.1367
RFD-004403,ORD-0058798,2026-03-05,2026-02-16,T-05,PSN,P-022856,partial_goodwill,3.5229,1.0569,2.466
RFD-004404,ORD-0058804,2026-03-17,2026-02-16,T-01,XBOX,P-022075,price_adjustment,15.3134,4.594,10.7194
RFD-004405,ORD-0058812,2026-04-28,2026-02-16,T-04,PSN,P-004179,player_request,10.141,3.0423,7.0987
RFD-004406,ORD-0058829,2026-03-17,2026-02-16,T-03,XBOX,P-037287,partial_goodwill,4.9992,1.4998,3.4995
RFD-004407,ORD-0058884,2026-03-22,2026-02-17,T-01,NSW,P-035096,accidental_purchase,28.0105,8.4031,19.6073
RFD-004408,ORD-0058887,2026-03-06,2026-02-17,T-01,XBOX,P-014236,price_adjustment,8.3283,2.4985,5.8298
RFD-004409,ORD-0058905,2026-03-18,2026-02-17,T-05,PSN,P-026020,partial_goodwill,3.3085,0.9925,2.3159
RFD-004410,ORD-0058906,2026-03-29,2026-02-17,T-04,XBOX,P-030553,partial_goodwill,1.1891,0.3567,0.8324
RFD-004411,ORD-0058911,2026-03-06,2026-02-17,T-01,XBOX,P-021697,price_adjustment,3.3592,1.0078,2.3515
RFD-004412,ORD-0058923,2026-03-18,2026-02-17,T-05,PSN,P-038091,partial_goodwill,10.0168,3.005,7.0118
RFD-004413,ORD-0058952,2026-02-26,2026-02-17,T-02,PSN,P-018706,player_request,24.4257,7.3277,17.098
RFD-004414,ORD-0058962,2026-03-29,2026-02-17,T-02,PSN,P-038000,price_adjustment,2.4763,0.7429,1.7334
RFD-004415,ORD-0058969,2026-03-23,2026-02-18,T-01,STEAM,P-030932,accidental_purchase,106.5794,26.6449,79.9346
RFD-004416,ORD-0058970,2026-02-26,2026-02-18,T-01,STEAM,P-020434,partial_goodwill,1.5737,0.3934,1.1803
RFD-004417,ORD-0058979,2026-04-30,2026-02-18,T-01,STEAM,P-030314,accidental_purchase,50.7564,12.6891,38.0673
RFD-004418,ORD-0058984,2026-03-19,2026-02-18,T-05,STEAM,P-025607,price_adjustment,5.0136,1.2534,3.7602
RFD-004419,ORD-0058994,2026-02-26,2026-02-18,T-02,STEAM,P-033785,price_adjustment,7.8674,1.9669,5.9006
RFD-004420,ORD-0058996,2026-03-07,2026-02-18,T-04,EPIC,P-038951,price_adjustment,5.0362,0.6043,4.4319
RFD-004421,ORD-0058998,2026-03-30,2026-02-18,T-05,STEAM,P-031675,price_adjustment,2.5017,0.6254,1.8763
RFD-004422,ORD-0059002,2026-03-07,2026-02-18,T-01,XBOX,P-013748,price_adjustment,25.3732,7.6119,17.7612
RFD-004423,ORD-0059003,2026-03-19,2026-02-18,T-02,EPIC,P-039384,partial_goodwill,1.19,0.1428,1.0472
RFD-004424,ORD-0059018,2026-04-07,2026-02-18,T-01,PSN,P-005783,platform_policy,47.7145,14.3143,33.4001
RFD-004425,ORD-0059041,2026-03-04,2026-02-18,T-05,PSN,P-042544,player_request,40.066,12.0198,28.0462
RFD-004426,ORD-0059054,2026-03-04,2026-02-18,T-05,NSW,P-006974,accidental_purchase,39.9357,11.9807,27.955
RFD-004427,ORD-0059059,2026-03-07,2026-02-18,T-04,EPIC,P-000404,partial_goodwill,28.1243,3.3749,24.7494
RFD-004428,ORD-0059068,2026-02-23,2026-02-18,T-05,STEAM,P-003686,player_request,39.981,9.9952,29.9857
RFD-004429,ORD-0059069,2026-02-26,2026-02-18,T-02,XBOX,P-038159,partial_goodwill,24.1498,7.2449,16.9049
RFD-004430,ORD-0059076,2026-03-23,2026-02-18,T-04,STEAM,P-021566,player_request,21.1966,5.2991,15.8974
RFD-004431,ORD-0059098,2026-03-24,2026-02-19,T-05,STEAM,P-027389,platform_policy,40.0426,10.0107,30.032
RFD-004432,ORD-0059104,2026-04-08,2026-02-19,T-05,STEAM,P-006292,accidental_purchase,54.3209,13.5802,40.7407
RFD-004433,ORD-0059162,2026-03-08,2026-02-19,T-01,PSN,P-005716,price_adjustment,11.9345,3.5803,8.3541
RFD-004434,ORD-0059169,2026-03-31,2026-02-19,T-02,STEAM,P-028442,price_adjustment,1.2371,0.3093,0.9278
RFD-004435,ORD-0059183,2026-03-20,2026-02-19,T-05,STEAM,P-014240,price_adjustment,3.5084,0.8771,2.6313
RFD-004436,ORD-0059204,2026-02-22,2026-02-19,T-01,XBOX,P-036593,partial_goodwill,28.6548,8.5964,20.0584
RFD-004437,ORD-0059209,2026-03-20,2026-02-19,T-01,PSN,P-002671,partial_goodwill,12.7256,3.8177,8.9079
RFD-004438,ORD-0059216,2026-03-08,2026-02-19,T-01,PSN,P-000028,price_adjustment,16.7917,5.0375,11.7542
RFD-004439,ORD-0059253,2026-03-20,2026-02-19,T-01,NSW,P-028281,price_adjustment,34.6725,10.4018,24.2708
RFD-004440,ORD-0059262,2026-02-27,2026-02-19,T-03,XBOX,P-022106,partial_goodwill,7.534,2.2602,5.2738
RFD-004441,ORD-0059275,2026-03-12,2026-02-19,T-03,XBOX,P-010945,player_request,20.361,6.1083,14.2527
RFD-004442,ORD-0059294,2026-03-31,2026-02-19,T-05,STEAM,P-001816,partial_goodwill,1.257,0.3143,0.9428
RFD-004443,ORD-0059304,2026-02-23,2026-02-20,T-01,PSN,P-017284,price_adjustment,16.0562,4.8169,11.2393
RFD-004444,ORD-0059319,2026-03-01,2026-02-20,T-01,PSN,P-033412,player_request,26.1667,7.85,18.3167
RFD-004445,ORD-0059345,2026-03-09,2026-02-20,T-05,PSN,P-010636,partial_goodwill,3.4994,1.0498,2.4496
RFD-004446,ORD-0059356,2026-04-09,2026-02-20,T-05,STEAM,P-033598,player_request,39.9392,9.9848,29.9544
RFD-004447,ORD-0059357,2026-03-09,2026-02-20,T-05,PSN,P-043516,price_adjustment,4.6617,1.3985,3.2632
RFD-004448,ORD-0059358,2026-02-28,2026-02-20,T-05,EPIC,P-014856,partial_goodwill,1.6501,0.198,1.4521
RFD-004449,ORD-0059361,2026-03-06,2026-02-20,T-05,EPIC,P-006958,platform_policy,50.1102,6.0132,44.0969
RFD-004450,ORD-0059363,2026-05-02,2026-02-20,T-02,STEAM,P-044335,player_request,54.3918,13.598,40.7939
RFD-004451,ORD-0059391,2026-04-09,2026-02-20,T-01,XBOX,P-005278,player_request,45.6488,13.6947,31.9542
RFD-004452,ORD-0059404,2026-02-25,2026-02-20,T-04,PSN,P-032479,platform_policy,40.8798,12.2639,28.6159
RFD-004453,ORD-0059410,2026-03-09,2026-02-20,T-04,XBOX,P-015883,partial_goodwill,13.7173,4.1152,9.6021
RFD-004454,ORD-0059414,2026-02-28,2026-02-20,T-01,XBOX,P-009954,price_adjustment,9.2035,2.7611,6.4425
RFD-004455,ORD-0059432,2026-03-25,2026-02-20,T-04,STEAM,P-009690,platform_policy,4.668,1.167,3.501
RFD-004456,ORD-0059434,2026-02-25,2026-02-20,T-01,PSN,P-026138,accidental_purchase,71.0492,21.3147,49.7344
RFD-004457,ORD-0059435,2026-03-21,2026-02-20,T-05,STEAM,P-021493,partial_goodwill,9.9823,2.4956,7.4867
RFD-004458,ORD-0059448,2026-02-28,2026-02-20,T-01,XBOX,P-003929,price_adjustment,7.6055,2.2817,5.3239
RFD-004459,ORD-0059450,2026-04-09,2026-02-20,T-03,XBOX,P-001733,accidental_purchase,23.6534,7.096,16.5574
RFD-004460,ORD-0059452,2026-04-01,2026-02-20,T-01,PSN,P-032704,partial_goodwill,1.5694,0.4708,1.0986
RFD-004461,ORD-0059456,2026-05-02,2026-02-20,T-01,XBOX,P-005356,player_request,86.3007,25.8902,60.4105
RFD-004462,ORD-0059459,2026-02-28,2026-02-20,T-05,STEAM,P-020315,partial_goodwill,13.1782,3.2946,9.8837
RFD-004463,ORD-0059500,2026-03-26,2026-02-21,T-01,EPIC,P-009834,accidental_purchase,50.761,6.0913,44.6696
RFD-004464,ORD-0059512,2026-02-24,2026-02-21,T-05,STEAM,P-029527,partial_goodwill,22.545,5.6363,16.9088
RFD-004465,ORD-0059522,2026-02-26,2026-02-21,T-04,STEAM,P-043034,platform_policy,30.2806,7.5701,22.7104
RFD-004466,ORD-0059527,2026-03-10,2026-02-21,T-02,PSN,P-022372,partial_goodwill,4.9355,1.4807,3.4549
RFD-004467,ORD-0059539,2026-02-24,2026-02-21,T-01,STEAM,P-029099,price_adjustment,12.4136,3.1034,9.3102
RFD-004468,ORD-0059555,2026-03-22,2026-02-21,T-05,STEAM,P-041142,partial_goodwill,14.8528,3.7132,11.1396
RFD-004469,ORD-0059590,2026-02-24,2026-02-21,T-05,STEAM,P-002665,partial_goodwill,19.9747,4.9937,14.981
RFD-004470,ORD-0059592,2026-02-24,2026-02-21,T-05,STEAM,P-021732,partial_goodwill,3.2971,0.8243,2.4728
RFD-004471,ORD-0059605,2026-03-01,2026-02-21,T-04,EPIC,P-013826,price_adjustment,7.5752,0.909,6.6662
RFD-004472,ORD-0059608,2026-02-23,2026-02-21,T-01,PSN,P-021497,platform_policy,50.761,15.2283,35.5327
RFD-004473,ORD-0059620,2026-02-26,2026-02-21,T-05,XBOX,P-030811,platform_policy,9.9722,2.9917,6.9805
RFD-004474,ORD-0059659,2026-02-23,2026-02-21,T-05,PSN,P-011962,platform_policy,54.1242,16.2373,37.8869
RFD-004475,ORD-0059665,2026-03-14,2026-02-21,T-03,STEAM,P-028776,platform_policy,20.3084,5.0771,15.2313
RFD-004476,ORD-0059687,2026-03-22,2026-02-21,T-03,PSN,P-032486,partial_goodwill,1.2575,0.3773,0.8803
RFD-004477,ORD-0059689,2026-03-22,2026-02-21,T-05,STEAM,P-002834,price_adjustment,10.0038,2.5009,7.5028
RFD-004478,ORD-0059710,2026-03-10,2026-02-21,T-03,STEAM,P-039279,partial_goodwill,4.684,1.171,3.513
RFD-004479,ORD-0059741,2026-03-26,2026-02-21,T-04,PSN,P-024118,player_request,40.8798,12.2639,28.6159
RFD-004480,ORD-0059749,2026-04-10,2026-02-21,T-05,EPIC,P-019303,player_request,50.4221,6.0507,44.3714
RFD-004481,ORD-0059750,2026-03-22,2026-02-21,T-04,XBOX,P-025545,partial_goodwill,3.2925,0.9877,2.3047
RFD-004482,ORD-0059767,2026-04-02,2026-02-21,T-03,PSN,P-004573,price_adjustment,7.183,2.1549,5.0281
RFD-004483,ORD-0059782,2026-03-01,2026-02-21,T-04,XBOX,P-040747,price_adjustment,5.2996,1.5899,3.7097
RFD-004484,ORD-0059783,2026-03-01,2026-02-21,T-01,PSN,P-009325,price_adjustment,11.4184,3.4255,7.9929
RFD-004485,ORD-0059784,2026-03-26,2026-02-21,T-03,STEAM,P-043346,platform_policy,9.4504,2.3626,7.0878
RFD-004486,ORD-0059790,2026-04-02,2026-02-21,T-01,STEAM,P-019606,partial_goodwill,1.1871,0.2968,0.8903
RFD-004487,ORD-0059817,2026-02-27,2026-02-22,T-02,STEAM,P-035952,accidental_purchase,17.9722,4.4931,13.4792
RFD-004488,ORD-0059832,2026-03-02,2026-02-22,T-01,STEAM,P-035919,partial_goodwill,5.866,1.4665,4.3995
RFD-004489,ORD-0059841,2026-03-27,2026-02-22,T-05,STEAM,P-017094,platform_policy,63.8987,15.9747,47.9241
RFD-004490,ORD-0059844,2026-04-03,2026-02-22,T-01,STEAM,P-013519,partial_goodwill,5.067,1.2667,3.8002
RFD-004491,ORD-0059857,2026-03-23,2026-02-22,T-05,EPIC,P-014420,partial_goodwill,27.0485,3.2458,23.8027
RFD-004492,ORD-0059866,2026-03-02,2026-02-22,T-05,NSW,P-024131,partial_goodwill,20.0501,6.015,14.0351
RFD-004493,ORD-0059876,2026-03-11,2026-02-22,T-04,XBOX,P-038543,price_adjustment,1.507,0.4521,1.0549
RFD-004494,ORD-0059884,2026-03-23,2026-02-22,T-05,PSN,P-016325,partial_goodwill,20.0077,6.0023,14.0054
RFD-004495,ORD-0059895,2026-03-15,2026-02-22,T-05,EPIC,P-003490,platform_policy,53.9266,6.4712,47.4554
RFD-004496,ORD-0059898,2026-03-11,2026-02-22,T-05,STEAM,P-042397,partial_goodwill,4.9861,1.2465,3.7396
RFD-004497,ORD-0059910,2026-03-23,2026-02-22,T-05,XBOX,P-018061,price_adjustment,3.3098,0.9929,2.3169
RFD-004498,ORD-0059912,2026-04-11,2026-02-22,T-05,XBOX,P-005530,player_request,54.0971,16.2291,37.8679
RFD-004499,ORD-0059930,2026-03-23,2026-02-22,T-02,STEAM,P-022921,price_adjustment,1.2072,0.3018,0.9054
RFD-004500,ORD-0059933,2026-03-23,2026-02-22,T-02,STEAM,P-030989,price_adjustment,8.1618,2.0405,6.1214
RFD-004501,ORD-0059938,2026-02-27,2026-02-22,T-04,PSN,P-016590,platform_policy,60.5612,18.1684,42.3928
RFD-004502,ORD-0059945,2026-04-03,2026-02-22,T-01,XBOX,P-016339,price_adjustment,16.7484,5.0245,11.7239
RFD-004503,ORD-0059967,2026-04-03,2026-02-22,T-01,PSN,P-021134,price_adjustment,4.4399,1.332,3.108
RFD-004504,ORD-0059974,2026-03-03,2026-02-22,T-05,NSW,P-029201,accidental_purchase,63.9088,19.1727,44.7362
RFD-004505,ORD-0059980,2026-02-24,2026-02-22,T-05,PSN,P-024815,player_request,5.0341,1.5102,3.5239
RFD-004506,ORD-0059981,2026-03-23,2026-02-22,T-01,STEAM,P-030369,partial_goodwill,1.1971,0.2993,0.8978
RFD-004507,ORD-0059991,2026-03-02,2026-02-22,T-01,PSN,P-029524,partial_goodwill,8.89,2.667,6.223
RFD-004508,ORD-0059999,2026-03-16,2026-02-23,T-05,PSN,P-010339,platform_policy,4.9827,1.4948,3.4879
RFD-004509,ORD-0060000,2026-04-04,2026-02-23,T-01,PSN,P-006396,price_adjustment,23.794,7.1382,16.6558
RFD-004510,ORD-0060006,2026-02-25,2026-02-23,T-02,NSW,P-032033,accidental_purchase,32.3615,9.7085,22.6531
RFD-004511,ORD-0060039,2026-03-24,2026-02-23,T-05,XBOX,P-007154,price_adjustment,13.2301,3.969,9.261
RFD-004512,ORD-0060050,2026-02-26,2026-02-23,T-01,PSN,P-019775,price_adjustment,1.5695,0.4708,1.0986
RFD-004513,ORD-0060053,2026-03-28,2026-02-23,T-03,PSN,P-007636,player_request,15.0291,4.5087,10.5204
RFD-004514,ORD-0060078,2026-03-12,2026-02-23,T-01,PSN,P-017803,partial_goodwill,47.588,14.2764,33.3116
RFD-004515,ORD-0060088,2026-05-05,2026-02-23,T-01,NSW,P-009598,accidental_purchase,45.655,13.6965,31.9585
RFD-004516,ORD-0060091,2026-03-03,2026-02-23,T-05,STEAM,P-005920,price_adjustment,4.6478,1.162,3.4859
RFD-004517,ORD-0060094,2026-02-25,2026-02-23,T-01,STEAM,P-019967,platform_policy,4.7487,1.1872,3.5616
RFD-004518,ORD-0060095,2026-04-12,2026-02-23,T-05,XBOX,P-013433,accidental_purchase,4.9827,1.4948,3.4879
RFD-004519,ORD-0060134,2026-04-04,2026-02-23,T-04,STEAM,P-034492,price_adjustment,3.1706,0.7926,2.3779
RFD-004520,ORD-0060135,2026-03-24,2026-02-23,T-05,STEAM,P-044770,price_adjustment,2.5166,0.6291,1.8874
RFD-004521,ORD-0060136,2026-04-04,2026-02-23,T-01,XBOX,P-014399,partial_goodwill,15.0667,4.52,10.5467
RFD-004522,ORD-0060138,2026-03-16,2026-02-23,T-01,PSN,P-040666,player_request,50.727,15.2181,35.5089
RFD-004523,ORD-0060140,2026-05-05,2026-02-23,T-01,STEAM,P-005288,player_request,68.485,17.1212,51.3637
RFD-004524,ORD-0060141,2026-02-26,2026-02-23,T-01,STEAM,P-029836,partial_goodwill,12.6843,3.1711,9.5132
RFD-004525,ORD-0060161,2026-05-06,2026-02-24,T-05,XBOX,P-019128,player_request,50.0113,15.0034,35.0079
RFD-004526,ORD-0060175,2026-03-25,2026-02-24,T-01,STEAM,P-023698,partial_goodwill,16.7215,4.1804,12.5411
RFD-004527,ORD-0060182,2026-05-06,2026-02-24,T-05,PSN,P-002608,accidental_purchase,44.8532,13.456,31.3973
RFD-004528,ORD-0060204,2026-03-17,2026-02-24,T-05,PSN,P-006865,platform_policy,39.8751,11.9625,27.9126
RFD-004529,ORD-0060209,2026-03-01,2026-02-24,T-02,XBOX,P-032431,accidental_purchase,24.5422,7.3627,17.1796
RFD-004530,ORD-0060233,2026-05-06,2026-02-24,T-05,STEAM,P-025633,platform_policy,39.99,9.9975,29.9925
RFD-004531,ORD-0060237,2026-04-05,2026-02-24,T-01,XBOX,P-016867,price_adjustment,22.8226,6.8468,15.9758
RFD-004532,ORD-0060248,2026-02-28,2026-02-25,T-05,STEAM,P-041435,partial_goodwill,1.6517,0.4129,1.2388
RFD-004533,ORD-0060276,2026-03-14,2026-02-25,T-05,STEAM,P-043894,price_adjustment,2.5028,0.6257,1.8771
RFD-004534,ORD-0060291,2026-03-11,2026-02-25,T-01,STEAM,P-001014,platform_policy,10.0402,2.5101,7.5302
RFD-004535,ORD-0060305,2026-02-28,2026-02-25,T-03,STEAM,P-034696,partial_goodwill,1.5703,0.3926,1.1777
RFD-004536,ORD-0060322,2026-03-05,2026-02-25,T-05,NSW,P-010024,price_adjustment,11.9622,3.5887,8.3735
RFD-004537,ORD-0060324,2026-03-06,2026-02-25,T-04,STEAM,P-029152,player_request,10.6193,2.6548,7.9645
RFD-004538,ORD-0060331,2026-03-30,2026-02-25,T-05,EPIC,P-023749,platform_policy,14.0657,1.6879,12.3779
RFD-004539,ORD-0060333,2026-03-30,2026-02-25,T-02,XBOX,P-002159,platform_policy,47.8887,14.3666,33.5221
RFD-004540,ORD-0060343,2026-04-06,2026-02-25,T-02,EPIC,P-007090,partial_goodwill,8.1773,0.9813,7.196
RFD-004541,ORD-0060348,2026-03-26,2026-02-25,T-04,PSN,P-011076,partial_goodwill,9.4174,2.8252,6.5922
RFD-004542,ORD-0060350,2026-03-05,2026-02-25,T-05,STEAM,P-038825,price_adjustment,13.7025,3.4256,10.2769
RFD-004543,ORD-0060351,2026-04-06,2026-02-25,T-01,PSN,P-040605,price_adjustment,8.9069,2.6721,6.2348
RFD-004544,ORD-0060373,2026-02-27,2026-02-25,T-02,PSN,P-033298,player_request,9.8999,2.97,6.9299
RFD-004545,ORD-0060384,2026-03-14,2026-02-25,T-01,STEAM,P-027370,price_adjustment,22.7301,5.6825,17.0476
RFD-004546,ORD-0060392,2026-03-14,2026-02-25,T-05,EPIC,P-010775,price_adjustment,12.5439,1.5053,11.0387
RFD-004547,ORD-0060410,2026-02-28,2026-02-25,T-03,STEAM,P-041256,price_adjustment,3.7695,0.9424,2.8271
RFD-004548,ORD-0060414,2026-03-05,2026-02-25,T-04,PSN,P-025768,price_adjustment,13.3451,4.0035,9.3416
RFD-004549,ORD-0060415,2026-03-14,2026-02-25,T-01,STEAM,P-026636,price_adjustment,5.0766,1.2692,3.8075
RFD-004550,ORD-0060419,2026-02-28,2026-02-25,T-04,STEAM,P-022887,price_adjustment,2.5231,0.6308,1.8923
RFD-004551,ORD-0060420,2026-03-14,2026-02-25,T-04,STEAM,P-007750,partial_goodwill,10.1127,2.5282,7.5845
RFD-004552,ORD-0060421,2026-04-06,2026-02-25,T-04,STEAM,P-002296,price_adjustment,20.2152,5.0538,15.1614
RFD-004553,ORD-0060447,2026-03-15,2026-02-26,T-01,STEAM,P-014385,partial_goodwill,22.5914,5.6479,16.9436
RFD-004554,ORD-0060482,2026-03-01,2026-02-26,T-02,PSN,P-028540,price_adjustment,2.7544,0.8263,1.9281
RFD-004555,ORD-0060514,2026-02-28,2026-02-26,T-02,XBOX,P-011093,platform_policy,33.3517,10.0055,23.3462
RFD-004556,ORD-0060527,2026-03-06,2026-02-26,T-01,STEAM,P-015612,partial_goodwill,11.354,2.8385,8.5155
RFD-004557,ORD-0060529,2026-03-15,2026-02-26,T-04,PSN,P-041689,price_adjustment,35.2814,10.5844,24.697
RFD-004558,ORD-0060583,2026-04-01,2026-02-27,T-04,XBOX,P-042127,player_request,27.9696,8.3909,19.5787
RFD-004559,ORD-0060607,2026-03-02,2026-02-27,T-04,XBOX,P-005738,partial_goodwill,7.5334,2.26,5.2733
RFD-004560,ORD-0060609,2026-03-28,2026-02-27,T-01,XBOX,P-041239,price_adjustment,3.3381,1.0014,2.3367
RFD-004561,ORD-0060611,2026-03-16,2026-02-27,T-01,PSN,P-017729,price_adjustment,3.3381,1.0014,2.3367
RFD-004562,ORD-0060620,2026-03-13,2026-02-27,T-01,STEAM,P-038888,accidental_purchase,45.3911,11.3478,34.0433
RFD-004563,ORD-0060628,2026-03-28,2026-02-27,T-04,STEAM,P-025763,partial_goodwill,2.3275,0.5819,1.7456
RFD-004564,ORD-0060639,2026-03-13,2026-02-27,T-01,EPIC,P-026657,accidental_purchase,50.6157,6.0739,44.5418
RFD-004565,ORD-0060655,2026-03-28,2026-02-27,T-05,XBOX,P-035961,partial_goodwill,4.996,1.4988,3.4972
RFD-004566,ORD-0060682,2026-03-07,2026-02-27,T-05,STEAM,P-029547,price_adjustment,2.5004,0.6251,1.8753
RFD-004567,ORD-0060693,2026-03-16,2026-02-27,T-05,STEAM,P-013232,price_adjustment,13.1923,3.2981,9.8942
RFD-004568,ORD-0060701,2026-03-13,2026-02-27,T-01,PSN,P-000860,platform_policy,68.3347,20.5004,47.8343
RFD-004569,ORD-0060705,2026-04-01,2026-02-27,T-01,STEAM,P-000743,player_request,50.6157,12.6539,37.9617
RFD-004570,ORD-0060706,2026-04-16,2026-02-27,T-05,EPIC,P-020678,platform_policy,49.7786,5.9734,43.8052
RFD-004571,ORD-0060717,2026-04-01,2026-02-27,T-02,XBOX,P-033408,player_request,24.6574,7.3972,17.2602
RFD-004572,ORD-0060728,2026-03-13,2026-02-27,T-04,XBOX,P-025062,accidental_purchase,30.1939,9.0582,21.1357
RFD-004573,ORD-0060818,2026-04-02,2026-02-28,T-05,STEAM,P-018020,platform_policy,4.9718,1.243,3.7289
RFD-004574,ORD-0060834,2026-03-17,2026-02-28,T-01,PSN,P-000620,price_adjustment,15.1776,4.5533,10.6243
RFD-004575,ORD-0060840,2026-05-10,2026-02-28,T-05,STEAM,P-043315,platform_policy,39.8249,9.9562,29.8687
RFD-004576,ORD-0060870,2026-03-29,2026-02-28,T-02,NSW,P-024273,partial_goodwill,4.8738,1.4621,3.4117
RFD-004577,ORD-0060880,2026-03-29,2026-02-28,T-03,STEAM,P-035324,partial_goodwill,22.4891,5.6223,16.8668
RFD-004578,ORD-0060900,2026-03-08,2026-02-28,T-05,EPIC,P-030138,price_adjustment,1.6438,0.1973,1.4466
RFD-004579,ORD-0060919,2026-03-29,2026-02-28,T-02,STEAM,P-002624,price_adjustment,6.1618,1.5405,4.6214
RFD-004580,ORD-0060951,2026-03-14,2026-02-28,T-02,XBOX,P-033487,accidental_purchase,24.4197,7.3259,17.0938
RFD-004581,ORD-0060968,2026-05-11,2026-03-01,T-01,STEAM,P-038013,player_request,50.6157,12.6539,37.9617
RFD-004582,ORD-0060969,2026-03-18,2026-03-01,T-03,STEAM,P-002858,price_adjustment,2.5279,0.632,1.8959
RFD-004583,ORD-0060970,2026-03-18,2026-03-01,T-04,STEAM,P-020334,partial_goodwill,17.6081,4.402,13.2061
RFD-004584,ORD-0060971,2026-03-30,2026-03-01,T-03,EPIC,P-037538,partial_goodwill,12.7022,1.5243,11.178
RFD-004585,ORD-0060980,2026-03-18,2026-03-01,T-05,STEAM,P-038711,partial_goodwill,13.5172,3.3793,10.1379
RFD-004586,ORD-0060987,2026-03-18,2026-03-01,T-01,STEAM,P-009294,partial_goodwill,11.3478,2.8369,8.5108
RFD-004587,ORD-0060989,2026-03-18,2026-03-01,T-05,PSN,P-040350,partial_goodwill,2.488,0.7464,1.7416
RFD-004588,ORD-0060997,2026-04-03,2026-03-01,T-01,STEAM,P-044382,platform_policy,9.5606,2.3901,7.1704
RFD-004589,ORD-0060999,2026-03-09,2026-03-01,T-05,XBOX,P-030066,partial_goodwill,2.502,0.7506,1.7514
RFD-004590,ORD-0061007,2026-03-18,2026-03-01,T-05,STEAM,P-041840,price_adjustment,19.9175,4.9794,14.9381
RFD-004591,ORD-0061011,2026-04-18,2026-03-01,T-05,STEAM,P-027854,player_request,14.978,3.7445,11.2335
RFD-004592,ORD-0061019,2026-03-22,2026-03-01,T-02,STEAM,P-011405,accidental_purchase,9.8529,2.4632,7.3896
RFD-004593,ORD-0061025,2026-04-18,2026-03-01,T-05,PSN,P-011067,platform_policy,39.8249,11.9475,27.8774
RFD-004594,ORD-0061045,2026-04-10,2026-03-01,T-05,EPIC,P-000659,partial_goodwill,12.49,1.4988,10.9912
RFD-004595,ORD-0061088,2026-04-10,2026-03-01,T-04,STEAM,P-000415,partial_goodwill,13.6399,3.41,10.2299
RFD-004596,ORD-0061101,2026-05-11,2026-03-01,T-02,STEAM,P-001261,platform_policy,9.8529,2.4632,7.3896
RFD-004597,ORD-0061136,2026-03-04,2026-03-02,T-05,STEAM,P-026730,player_request,9.986,2.4965,7.4895
RFD-004598,ORD-0061140,2026-03-11,2026-03-02,T-04,STEAM,P-013283,platform_policy,5.0208,1.2552,3.7656
RFD-004599,ORD-0061141,2026-03-19,2026-03-02,T-05,EPIC,P-032558,price_adjustment,1.25,0.15,1.1
RFD-004600,ORD-0061145,2026-03-19,2026-03-02,T-02,PSN,P-021818,price_adjustment,13.5601,4.068,9.4921
RFD-004601,ORD-0061154,2026-03-10,2026-03-02,T-02,STEAM,P-012470,partial_goodwill,9.235,2.3087,6.9262
RFD-004602,ORD-0061163,2026-04-11,2026-03-02,T-01,STEAM,P-014916,partial_goodwill,16.5041,4.126,12.3781
RFD-004603,ORD-0061172,2026-03-31,2026-03-02,T-03,STEAM,P-010800,partial_goodwill,7.4908,1.8727,5.6181
RFD-004604,ORD-0061179,2026-04-19,2026-03-02,T-02,NSW,P-027480,player_request,4.9199,1.476,3.444
RFD-004605,ORD-0061187,2026-03-10,2026-03-02,T-01,STEAM,P-024329,partial_goodwill,5.051,1.2628,3.7883
RFD-004606,ORD-0061190,2026-03-16,2026-03-02,T-02,STEAM,P-033236,accidental_purchase,29.57,7.3925,22.1775
RFD-004607,ORD-0061197,2026-04-11,2026-03-02,T-05,PSN,P-013903,partial_goodwill,22.3918,6.7175,15.6742
RFD-004608,ORD-0061212,2026-03-19,2026-03-02,T-01,EPIC,P-001079,partial_goodwill,20.0326,2.4039,17.6287
RFD-004609,ORD-0061253,2026-03-05,2026-03-02,T-05,XBOX,P-017822,partial_goodwill,4.9703,1.4911,3.4792
RFD-004610,ORD-0061256,2026-03-31,2026-03-02,T-02,PSN,P-007645,partial_goodwill,2.3731,0.7119,1.6612
RFD-004611,ORD-0061259,2026-03-10,2026-03-02,T-04,XBOX,P-037868,price_adjustment,1.2602,0.3781,0.8822
RFD-004612,ORD-0061311,2026-03-06,2026-03-03,T-05,STEAM,P-025362,price_adjustment,12.2986,3.0747,9.224
RFD-004613,ORD-0061314,2026-04-12,2026-03-03,T-04,STEAM,P-012218,partial_goodwill,6.9993,1.7498,5.2495
RFD-004614,ORD-0061322,2026-03-06,2026-03-03,T-01,STEAM,P-009981,price_adjustment,6.965,1.7413,5.2238
RFD-004615,ORD-0061324,2026-03-08,2026-03-03,T-04,EPIC,P-037592,accidental_purchase,10.0639,1.2077,8.8563
RFD-004616,ORD-0061333,2026-03-24,2026-03-03,T-03,XBOX,P-014569,accidental_purchase,15.0101,4.503,10.5071
RFD-004617,ORD-0061334,2026-04-20,2026-03-03,T-05,XBOX,P-010593,platform_policy,9.963,2.9889,6.9741
RFD-004618,ORD-0061336,2026-03-05,2026-03-03,T-05,PSN,P-031230,accidental_purchase,54.0795,16.2238,37.8556
RFD-004619,ORD-0061353,2026-03-06,2026-03-03,T-04,XBOX,P-024113,price_adjustment,11.3479,3.4044,7.9436
RFD-004620,ORD-0061358,2026-03-06,2026-03-03,T-01,PSN,P-019684,partial_goodwill,2.5337,0.7601,1.7736
RFD-004621,ORD-0061360,2026-03-20,2026-03-03,T-05,STEAM,P-028060,price_adjustment,4.9983,1.2496,3.7487
RFD-004622,ORD-0061365,2026-03-08,2026-03-03,T-01,STEAM,P-005350,platform_policy,45.5956,11.3989,34.1967
RFD-004623,ORD-0061390,2026-04-12,2026-03-03,T-05,EPIC,P-036846,price_adjustment,2.4832,0.298,2.1852
RFD-004624,ORD-0061396,2026-03-08,2026-03-03,T-02,NSW,P-018144,player_request,19.714,5.9142,13.7998
RFD-004625,ORD-0061410,2026-04-02,2026-03-04,T-05,STEAM,P-026956,partial_goodwill,3.2928,0.8232,2.4696
RFD-004626,ORD-0061420,2026-04-13,2026-03-04,T-01,PSN,P-037636,price_adjustment,8.896,2.6688,6.2272
RFD-004627,ORD-0061452,2026-04-02,2026-03-04,T-05,STEAM,P-029295,partial_goodwill,4.989,1.2472,3.7417
RFD-004628,ORD-0061483,2026-03-21,2026-03-04,T-03,STEAM,P-023474,price_adjustment,1.2597,0.3149,0.9448
RFD-004629,ORD-0061488,2026-03-07,2026-03-04,T-01,PSN,P-000057,partial_goodwill,25.8783,7.7635,18.1148
RFD-004630,ORD-0061491,2026-03-09,2026-03-04,T-05,EPIC,P-040980,player_request,40.1608,4.8193,35.3415
RFD-004631,ORD-0061498,2026-04-02,2026-03-04,T-04,STEAM,P-030146,partial_goodwill,9.2718,2.3179,6.9538
RFD-004632,ORD-0061499,2026-03-25,2026-03-04,T-01,PSN,P-004092,platform_policy,9.0315,2.7095,6.3221
RFD-004633,ORD-0061505,2026-04-02,2026-03-04,T-05,XBOX,P-034696,partial_goodwill,5.0188,1.5057,3.5132
RFD-004634,ORD-0061539,2026-04-06,2026-03-04,T-05,PSN,P-024933,player_request,45.1696,13.5509,31.6187
RFD-004635,ORD-0061560,2026-04-02,2026-03-04,T-05,XBOX,P-025323,partial_goodwill,9.9891,2.9967,6.9923
RFD-004636,ORD-0061636,2026-04-03,2026-03-05,T-02,PSN,P-025040,partial_goodwill,2.128,0.6384,1.4896
RFD-004637,ORD-0061637,2026-04-03,2026-03-05,T-01,STEAM,P-015090,partial_goodwill,16.7093,4.1773,12.532
RFD-004638,ORD-0061650,2026-03-22,2026-03-05,T-02,STEAM,P-019862,price_adjustment,4.5451,1.1363,3.4089
RFD-004639,ORD-0061653,2026-03-08,2026-03-05,T-01,PSN,P-008007,partial_goodwill,2.3468,0.7041,1.6428
RFD-004640,ORD-0061690,2026-03-13,2026-03-05,T-01,STEAM,P-028879,partial_goodwill,4.159,1.0397,3.1192
RFD-004641,ORD-0061707,2026-04-22,2026-03-05,T-01,XBOX,P-034363,player_request,49.8829,14.9649,34.918
RFD-004642,ORD-0061717,2026-03-09,2026-03-06,T-02,XBOX,P-022288,partial_goodwill,19.1527,5.7458,13.4069
RFD-004643,ORD-0061720,2026-04-04,2026-03-06,T-01,STEAM,P-036338,price_adjustment,15.1763,3.7941,11.3823
RFD-004644,ORD-0061722,2026-03-20,2026-03-06,T-01,PSN,P-031919,player_request,47.3315,14.1995,33.1321
RFD-004645,ORD-0061724,2026-04-08,2026-03-06,T-04,STEAM,P-028368,player_request,9.4622,2.3655,7.0966
RFD-004646,ORD-0061728,2026-03-14,2026-03-06,T-05,XBOX,P-010868,price_adjustment,24.9859,7.4958,17.4902
RFD-004647,ORD-0061758,2026-03-11,2026-03-06,T-04,STEAM,P-020192,player_request,30.3111,7.5778,22.7334
RFD-004648,ORD-0061774,2026-03-09,2026-03-06,T-05,STEAM,P-027009,price_adjustment,7.4369,1.8592,5.5776
RFD-004649,ORD-0061787,2026-04-15,2026-03-06,T-05,PSN,P-007123,partial_goodwill,3.5029,1.0509,2.452
RFD-004650,ORD-0061796,2026-03-23,2026-03-06,T-05,EPIC,P-033214,price_adjustment,4.7332,0.568,4.1652
RFD-004651,ORD-0061811,2026-03-23,2026-03-06,T-01,PSN,P-006451,price_adjustment,50.8122,15.2436,35.5685
RFD-004652,ORD-0061826,2026-03-09,2026-03-06,T-03,PSN,P-021459,partial_goodwill,7.0826,2.1248,4.9578
RFD-004653,ORD-0061835,2026-04-15,2026-03-06,T-04,STEAM,P-008175,price_adjustment,9.4622,2.3655,7.0966
RFD-004654,ORD-0061861,2026-03-27,2026-03-06,T-03,EPIC,P-029366,accidental_purchase,9.5263,1.1432,8.3832
RFD-004655,ORD-0061883,2026-03-27,2026-03-06,T-01,PSN,P-027987,platform_policy,5.0721,1.5216,3.5505
RFD-004656,ORD-0061908,2026-03-11,2026-03-06,T-05,STEAM,P-009115,accidental_purchase,39.7371,9.9343,29.8028
RFD-004657,ORD-0061919,2026-04-23,2026-03-06,T-03,STEAM,P-014915,platform_policy,9.846,2.4615,7.3845
RFD-004658,ORD-0061931,2026-04-15,2026-03-06,T-02,EPIC,P-029354,partial_goodwill,3.4017,0.4082,2.9935
RFD-004659,ORD-0061932,2026-04-15,2026-03-06,T-01,STEAM,P-029062,price_adjustment,11.8279,2.957,8.8709
RFD-004660,ORD-0061948,2026-04-04,2026-03-06,T-02,STEAM,P-018885,partial_goodwill,12.0724,3.0181,9.0543
RFD-004661,ORD-0061953,2026-03-11,2026-03-06,T-01,PSN,P-019241,accidental_purchase,10.1543,3.0463,7.108
RFD-004662,ORD-0061961,2026-03-09,2026-03-06,T-03,EPIC,P-010767,partial_goodwill,3.7661,0.4519,3.3142
RFD-004663,ORD-0061966,2026-04-15,2026-03-06,T-03,XBOX,P-038668,price_adjustment,9.3521,2.8056,6.5465
RFD-004664,ORD-0061986,2026-03-09,2026-03-06,T-04,STEAM,P-003363,partial_goodwill,6.9746,1.7437,5.231
RFD-004665,ORD-0062000,2026-03-27,2026-03-06,T-01,STEAM,P-010584,platform_policy,4.6876,1.1719,3.5157
RFD-004666,ORD-0062002,2026-04-04,2026-03-06,T-04,STEAM,P-027971,partial_goodwill,18.8325,4.7081,14.1244
RFD-004667,ORD-0062003,2026-04-15,2026-03-06,T-02,EPIC,P-043383,price_adjustment,4.8899,0.5868,4.3031
RFD-004668,ORD-0062005,2026-03-14,2026-03-06,T-04,STEAM,P-021670,price_adjustment,15.1556,3.7889,11.3667
RFD-004669,ORD-0062014,2026-03-12,2026-03-07,T-02,STEAM,P-007032,player_request,8.6661,2.1665,6.4996
RFD-004670,ORD-0062032,2026-03-15,2026-03-07,T-03,XBOX,P-029254,price_adjustment,6.7122,2.0137,4.6985
RFD-004671,ORD-0062044,2026-03-24,2026-03-07,T-01,EPIC,P-029345,partial_goodwill,3.9357,0.4723,3.4634
RFD-004672,ORD-0062062,2026-03-10,2026-03-07,T-04,STEAM,P-010227,price_adjustment,13.9485,3.4871,10.4614
RFD-004673,ORD-0062069,2026-03-10,2026-03-07,T-05,STEAM,P-038369,partial_goodwill,5.984,1.496,4.488
RFD-004674,ORD-0062089,2026-03-10,2026-03-07,T-03,STEAM,P-031569,price_adjustment,7.5221,1.8805,5.6416
RFD-004675,ORD-0062094,2026-04-09,2026-03-07,T-02,EPIC,P-034440,player_request,24.7531,2.9704,21.7827
RFD-004676,ORD-0062104,2026-04-24,2026-03-07,T-01,XBOX,P-032118,accidental_purchase,5.0721,1.5216,3.5505
RFD-004677,ORD-0062108,2026-03-21,2026-03-07,T-02,STEAM,P-037832,platform_policy,23.9559,5.989,17.967
RFD-004678,ORD-0062120,2026-04-16,2026-03-07,T-01,STEAM,P-003869,price_adjustment,4.4444,1.1111,3.3333
RFD-004679,ORD-0062121,2026-03-21,2026-03-07,T-03,NSW,P-041454,player_request,23.2979,6.9894,16.3085
RFD-004680,ORD-0062140,2026-04-05,2026-03-07,T-02,STEAM,P-024284,price_adjustment,13.4389,3.3597,10.0792
RFD-004681,ORD-0062141,2026-04-09,2026-03-07,T-02,EPIC,P-031359,accidental_purchase,19.1527,2.2983,16.8544
RFD-004682,ORD-0062149,2026-03-15,2026-03-07,T-01,STEAM,P-020308,partial_goodwill,7.0847,1.7712,5.3135
RFD-004683,ORD-0062180,2026-04-05,2026-03-07,T-01,STEAM,P-033546,price_adjustment,11.2407,2.8102,8.4305
RFD-004684,ORD-0062222,2026-03-13,2026-03-08,T-02,PSN,P-039195,player_request,33.9854,10.1956,23.7898
RFD-004685,ORD-0062223,2026-05-18,2026-03-08,T-03,XBOX,P-025200,accidental_purchase,25.0872,7.5262,17.561
RFD-004686,ORD-0062231,2026-04-25,2026-03-08,T-02,PSN,P-011363,platform_policy,49.5062,14.8518,34.6543
RFD-004687,ORD-0062240,2026-03-10,2026-03-08,T-01,STEAM,P-033185,platform_policy,47.3315,11.8329,35.4986
RFD-004688,ORD-0062243,2026-03-11,2026-03-08,T-05,PSN,P-023157,partial_goodwill,4.8905,1.4672,3.4234
RFD-004689,ORD-0062264,2026-03-22,2026-03-08,T-05,PSN,P-007959,player_request,93.9605,28.1881,65.7723
RFD-004690,ORD-0062265,2026-03-11,2026-03-08,T-01,STEAM,P-037247,partial_goodwill,11.2407,2.8102,8.4305
RFD-004691,ORD-0062272,2026-03-13,2026-03-08,T-05,XBOX,P-008760,player_request,13.9593,4.1878,9.7715
RFD-004692,ORD-0062277,2026-03-25,2026-03-08,T-01,STEAM,P-009432,price_adjustment,12.7056,3.1764,9.5292
RFD-004693,ORD-0062289,2026-04-06,2026-03-08,T-01,STEAM,P-006857,price_adjustment,23.4802,5.8701,17.6102
RFD-004694,ORD-0062304,2026-04-06,2026-03-08,T-03,PSN,P-007615,partial_goodwill,2.3585,0.7075,1.6509
RFD-004695,ORD-0062318,2026-03-16,2026-03-08,T-01,STEAM,P-008858,price_adjustment,22.4813,5.6203,16.861
RFD-004696,ORD-0062325,2026-04-06,2026-03-08,T-01,PSN,P-014889,partial_goodwill,12.7056,3.8117,8.8939
RFD-004697,ORD-0062349,2026-03-25,2026-03-08,T-05,STEAM,P-019377,partial_goodwill,19.9433,4.9858,14.9575
RFD-004698,ORD-0062363,2026-03-16,2026-03-08,T-01,STEAM,P-006201,partial_goodwill,15.9706,3.9927,11.978
RFD-004699,ORD-0062372,2026-04-25,2026-03-08,T-05,PSN,P-009813,player_request,23.9938,7.1981,16.7956
RFD-004700,ORD-0062396,2026-04-06,2026-03-08,T-04,EPIC,P-026526,partial_goodwill,2.2485,0.2698,1.9787
RFD-004701,ORD-0062404,2026-03-25,2026-03-08,T-05,STEAM,P-003360,price_adjustment,4.9927,1.2482,3.7445
RFD-004702,ORD-0062419,2026-03-13,2026-03-08,T-03,PSN,P-044939,accidental_purchase,25.077,7.5231,17.5539
RFD-004703,ORD-0062430,2026-04-17,2026-03-08,T-01,XBOX,P-015039,price_adjustment,1.561,0.4683,1.0927
RFD-004704,ORD-0062439,2026-03-16,2026-03-08,T-02,PSN,P-032947,partial_goodwill,8.17,2.451,5.719
RFD-004705,ORD-0062446,2026-03-11,2026-03-08,T-02,STEAM,P-000591,partial_goodwill,12.1397,3.0349,9.1048
RFD-004706,ORD-0062449,2026-05-18,2026-03-08,T-04,NSW,P-017696,player_request,31.5209,9.4563,22.0646
RFD-004707,ORD-0062452,2026-04-10,2026-03-08,T-03,PSN,P-027384,player_request,4.717,1.4151,3.3019
RFD-004708,ORD-0062487,2026-03-10,2026-03-08,T-02,PSN,P-033110,player_request,34.6442,10.3933,24.2509
RFD-004709,ORD-0062493,2026-03-16,2026-03-08,T-01,STEAM,P-000687,price_adjustment,5.9255,1.4814,4.4441
RFD-004710,ORD-0062513,2026-04-07,2026-03-09,T-01,STEAM,P-039348,price_adjustment,12.7269,3.1817,9.5452
RFD-004711,ORD-0062518,2026-03-17,2026-03-09,T-04,STEAM,P-029656,partial_goodwill,4.6276,1.1569,3.4707
RFD-004712,ORD-0062523,2026-04-11,2026-03-09,T-02,STEAM,P-010580,player_request,13.6512,3.4128,10.2384
RFD-004713,ORD-0062561,2026-03-12,2026-03-09,T-05,STEAM,P-002299,price_adjustment,7.0047,1.7512,5.2536
RFD-004714,ORD-0062564,2026-04-07,2026-03-09,T-05,XBOX,P-022106,price_adjustment,10.0251,3.0075,7.0176
RFD-004715,ORD-0062569,2026-03-23,2026-03-09,T-05,STEAM,P-042933,platform_policy,9.9896,2.4974,7.4922
RFD-004716,ORD-0062581,2026-03-30,2026-03-09,T-02,EPIC,P-041240,accidental_purchase,9.6177,1.1541,8.4636
RFD-004717,ORD-0062590,2026-04-26,2026-03-09,T-01,STEAM,P-028223,accidental_purchase,95.0716,23.7679,71.3037
RFD-004718,ORD-0062604,2026-03-17,2026-03-09,T-02,NSW,P-018071,price_adjustment,29.1815,8.7545,20.4271
RFD-004719,ORD-0062611,2026-04-07,2026-03-09,T-04,EPIC,P-017964,partial_goodwill,15.7454,1.8895,13.856
RFD-004720,ORD-0062616,2026-03-11,2026-03-09,T-01,XBOX,P-012620,platform_policy,9.3419,2.8026,6.5393
RFD-004721,ORD-0062670,2026-03-18,2026-03-10,T-03,STEAM,P-018385,partial_goodwill,7.0849,1.7712,5.3137
RFD-004722,ORD-0062674,2026-03-24,2026-03-10,T-02,EPIC,P-011913,platform_policy,24.1293,2.8955,21.2338
RFD-004723,ORD-0062679,2026-04-19,2026-03-10,T-02,STEAM,P-043153,partial_goodwill,14.8632,3.7158,11.1474
RFD-004724,ORD-0062694,2026-04-08,2026-03-10,T-04,PSN,P-016196,price_adjustment,5.1707,1.5512,3.6195
RFD-004725,ORD-0062696,2026-03-13,2026-03-10,T-02,PSN,P-006243,price_adjustment,2.4738,0.7421,1.7317
RFD-004726,ORD-0062701,2026-03-27,2026-03-10,T-05,XBOX,P-012052,partial_goodwill,3.299,0.9897,2.3093
RFD-004727,ORD-0062703,2026-04-27,2026-03-10,T-04,STEAM,P-037658,accidental_purchase,50.5712,12.6428,37.9284
RFD-004728,ORD-0062705,2026-04-27,2026-03-10,T-02,XBOX,P-003643,platform_policy,14.4635,4.339,10.1244
RFD-004729,ORD-0062707,2026-03-18,2026-03-10,T-01,EPIC,P-018919,partial_goodwill,21.2366,2.5484,18.6882
RFD-004730,ORD-0062711,2026-04-19,2026-03-10,T-05,EPIC,P-010054,price_adjustment,40.1651,4.8198,35.3453
RFD-004731,ORD-0062724,2026-04-12,2026-03-10,T-01,PSN,P-015117,platform_policy,9.5247,2.8574,6.6673
RFD-004732,ORD-0062748,2026-03-13,2026-03-10,T-03,PSN,P-042815,price_adjustment,5.2822,1.5847,3.6975
RFD-004733,ORD-0062758,2026-03-15,2026-03-10,T-01,PSN,P-044929,accidental_purchase,61.0545,18.3164,42.7382
RFD-004734,ORD-0062779,2026-03-18,2026-03-10,T-02,PSN,P-035903,partial_goodwill,7.4316,2.2295,5.2021
RFD-004735,ORD-0062782,2026-03-12,2026-03-10,T-01,EPIC,P-039139,accidental_purchase,9.5247,1.143,8.3818
RFD-004736,ORD-0062786,2026-04-12,2026-03-10,T-03,STEAM,P-041763,platform_policy,15.0761,3.769,11.3071
RFD-004737,ORD-0062789,2026-03-27,2026-03-10,T-01,STEAM,P-023972,price_adjustment,12.7239,3.181,9.5429
RFD-004738,ORD-0062820,2026-03-20,2026-03-11,T-02,EPIC,P-016555,accidental_purchase,24.8437,2.9812,21.8625
RFD-004739,ORD-0062827,2026-03-25,2026-03-11,T-01,EPIC,P-007017,player_request,8.9596,1.0752,7.8844
RFD-004740,ORD-0062840,2026-03-20,2026-03-11,T-02,EPIC,P-044163,platform_policy,8.6978,1.0437,7.6541
RFD-004741,ORD-0062870,2026-04-09,2026-03-11,T-01,STEAM,P-041376,partial_goodwill,14.0222,3.5056,10.5167
RFD-004742,ORD-0062876,2026-04-09,2026-03-11,T-02,STEAM,P-033179,partial_goodwill,6.0212,1.5053,4.5159
RFD-004743,ORD-0062881,2026-03-16,2026-03-11,T-01,PSN,P-032066,platform_policy,50.9982,15.2994,35.6987
RFD-004744,ORD-0062882,2026-04-20,2026-03-11,T-04,XBOX,P-000954,price_adjustment,9.2479,2.7744,6.4735
RFD-004745,ORD-0062883,2026-03-28,2026-03-11,T-05,STEAM,P-022026,price_adjustment,3.4675,0.8669,2.6006
RFD-004746,ORD-0062893,2026-04-20,2026-03-11,T-04,PSN,P-030065,partial_goodwill,7.0063,2.1019,4.9044
RFD-004747,ORD-0062902,2026-03-16,2026-03-11,T-05,STEAM,P-035448,accidental_purchase,39.6228,9.9057,29.7171
RFD-004748,ORD-0062920,2026-03-14,2026-03-11,T-05,STEAM,P-014921,price_adjustment,16.338,4.0845,12.2535
RFD-004749,ORD-0062934,2026-04-09,2026-03-11,T-01,EPIC,P-006344,price_adjustment,30.5948,3.6714,26.9235
RFD-004750,ORD-0062935,2026-03-19,2026-03-11,T-02,NSW,P-014626,price_adjustment,16.3999,4.92,11.4799
RFD-004751,ORD-0062955,2026-03-14,2026-03-12,T-05,XBOX,P-028482,accidental_purchase,93.9665,28.19,65.7766
RFD-004752,ORD-0062956,2026-04-21,2026-03-12,T-01,STEAM,P-035283,price_adjustment,5.9448,1.4862,4.4586
RFD-004753,ORD-0062963,2026-04-10,2026-03-12,T-01,PSN,P-009989,partial_goodwill,23.8296,7.1489,16.6808
RFD-004754,ORD-0062973,2026-03-14,2026-03-12,T-05,STEAM,P-022965,player_request,120.7696,30.1924,90.5772
RFD-004755,ORD-0062995,2026-03-26,2026-03-12,T-02,STEAM,P-005842,accidental_purchase,33.4213,8.3553,25.066
RFD-004756,ORD-0063001,2026-03-20,2026-03-12,T-04,STEAM,P-003292,price_adjustment,7.5833,1.8958,5.6875
RFD-004757,ORD-0063008,2026-03-21,2026-03-12,T-01,STEAM,P-005194,platform_policy,35.5779,8.8945,26.6834
RFD-004758,ORD-0063014,2026-04-21,2026-03-12,T-02,XBOX,P-004215,partial_goodwill,7.3576,2.2073,5.1503
RFD-004759,ORD-0063031,2026-03-29,2026-03-12,T-01,STEAM,P-014123,price_adjustment,15.7286,3.9321,11.7964
RFD-004760,ORD-0063034,2026-03-21,2026-03-12,T-03,PSN,P-021993,platform_policy,9.5923,2.8777,6.7146
RFD-004761,ORD-0063039,2026-03-20,2026-03-12,T-05,STEAM,P-042854,price_adjustment,13.1924,3.2981,9.8943
RFD-004762,ORD-0063050,2026-04-21,2026-03-12,T-03,STEAM,P-006006,price_adjustment,2.5109,0.6277,1.8832
RFD-004763,ORD-0063051,2026-03-15,2026-03-12,T-03,XBOX,P-011587,partial_goodwill,3.5971,1.0791,2.518
RFD-004764,ORD-0063061,2026-04-10,2026-03-12,T-04,STEAM,P-010790,partial_goodwill,3.331,0.8327,2.4982
RFD-004765,ORD-0063062,2026-04-21,2026-03-12,T-05,XBOX,P-011929,price_adjustment,19.6973,5.9092,13.7881
RFD-004766,ORD-0063068,2026-03-21,2026-03-12,T-02,STEAM,P-037675,platform_policy,8.5945,2.1486,6.4459
RFD-004767,ORD-0063082,2026-03-21,2026-03-13,T-04,STEAM,P-016442,partial_goodwill,10.0839,2.521,7.5629
RFD-004768,ORD-0063093,2026-04-22,2026-03-13,T-01,XBOX,P-039644,price_adjustment,5.0185,1.5056,3.513
RFD-004769,ORD-0063104,2026-03-30,2026-03-13,T-01,STEAM,P-001991,price_adjustment,4.1681,1.042,3.1261
RFD-004770,ORD-0063106,2026-03-16,2026-03-13,T-05,XBOX,P-036518,price_adjustment,1.2428,0.3728,0.87
RFD-004771,ORD-0063129,2026-03-30,2026-03-13,T-05,PSN,P-001811,price_adjustment,2.4856,0.7457,1.7399
RFD-004772,ORD-0063149,2026-04-15,2026-03-13,T-03,PSN,P-043019,platform_policy,5.2642,1.5793,3.685
RFD-004773,ORD-0063151,2026-03-30,2026-03-13,T-03,PSN,P-044722,partial_goodwill,1.5806,0.4742,1.1065
RFD-004774,ORD-0063164,2026-04-03,2026-03-13,T-03,PSN,P-012533,platform_policy,15.2774,4.5832,10.6942
RFD-004775,ORD-0063169,2026-03-30,2026-03-13,T-03,STEAM,P-041149,price_adjustment,17.5205,4.3801,13.1404
RFD-004776,ORD-0063203,2026-04-22,2026-03-13,T-03,XBOX,P-035022,partial_goodwill,9.3228,2.7969,6.526
RFD-004777,ORD-0063221,2026-04-30,2026-03-13,T-05,NSW,P-005169,accidental_purchase,10.0275,3.0083,7.0193
RFD-004778,ORD-0063230,2026-04-03,2026-03-13,T-05,PSN,P-029977,platform_policy,54.2868,16.286,38.0007
RFD-004779,ORD-0063243,2026-03-22,2026-03-14,T-01,STEAM,P-039430,partial_goodwill,6.6889,1.6722,5.0167
RFD-004780,ORD-0063269,2026-03-31,2026-03-14,T-02,EPIC,P-031307,price_adjustment,12.3472,1.4817,10.8655
RFD-004781,ORD-0063347,2026-03-22,2026-03-14,T-02,STEAM,P-027322,price_adjustment,8.8559,2.214,6.642
RFD-004782,ORD-0063354,2026-03-22,2026-03-14,T-01,PSN,P-002984,partial_goodwill,2.376,0.7128,1.6632
RFD-004783,ORD-0063369,2026-04-16,2026-03-14,T-05,PSN,P-014604,accidental_purchase,67.849,20.3547,47.4943
RFD-004784,ORD-0063387,2026-04-23,2026-03-14,T-04,STEAM,P-004811,price_adjustment,9.2269,2.3067,6.9202
RFD-004785,ORD-0063399,2026-05-01,2026-03-14,T-01,XBOX,P-028660,platform_policy,30.9283,9.2785,21.6498
RFD-004786,ORD-0063403,2026-03-28,2026-03-14,T-01,STEAM,P-020440,platform_policy,20.2688,5.0672,15.2016
RFD-004787,ORD-0063409,2026-04-04,2026-03-14,T-03,XBOX,P-000006,player_request,9.5846,2.8754,6.7092
RFD-004788,ORD-0063411,2026-04-23,2026-03-14,T-04,STEAM,P-001855,partial_goodwill,10.5891,2.6473,7.9418
RFD-004789,ORD-0063448,2026-03-19,2026-03-14,T-05,PSN,P-018538,accidental_purchase,4.9813,1.4944,3.4869
RFD-004790,ORD-0063449,2026-03-23,2026-03-14,T-05,EPIC,P-011610,player_request,4.9813,0.5978,4.3836
RFD-004791,ORD-0063452,2026-04-04,2026-03-14,T-05,PSN,P-039118,player_request,4.9813,1.4944,3.4869
RFD-004792,ORD-0063453,2026-04-12,2026-03-14,T-03,PSN,P-003266,partial_goodwill,13.9902,4.1971,9.7931
RFD-004793,ORD-0063457,2026-03-16,2026-03-14,T-05,STEAM,P-031173,platform_policy,39.2616,9.8154,29.4462
RFD-004794,ORD-0063475,2026-04-01,2026-03-15,T-01,PSN,P-037131,partial_goodwill,4.4357,1.3307,3.105
RFD-004795,ORD-0063482,2026-03-18,2026-03-15,T-02,STEAM,P-033151,price_adjustment,2.4654,0.6164,1.8491
RFD-004796,ORD-0063490,2026-03-24,2026-03-15,T-02,PSN,P-015741,platform_policy,13.3795,4.0139,9.3657
RFD-004797,ORD-0063497,2026-03-17,2026-03-15,T-01,STEAM,P-023214,platform_policy,50.7125,12.6781,38.0344
RFD-004798,ORD-0063508,2026-04-05,2026-03-15,T-03,STEAM,P-021038,player_request,9.3228,2.3307,6.9921
RFD-004799,ORD-0063522,2026-04-24,2026-03-15,T-01,XBOX,P-037503,price_adjustment,14.8479,4.4544,10.3935
RFD-004800,ORD-0063526,2026-04-17,2026-03-15,T-03,EPIC,P-033405,player_request,5.0015,0.6002,4.4013
RFD-004801,ORD-0063527,2026-03-23,2026-03-15,T-05,PSN,P-034014,partial_goodwill,44.1656,13.2497,30.916
RFD-004802,ORD-0063542,2026-03-23,2026-03-15,T-01,STEAM,P-021623,price_adjustment,2.522,0.6305,1.8915
RFD-004803,ORD-0063575,2026-03-23,2026-03-15,T-01,STEAM,P-025504,price_adjustment,31.4317,7.8579,23.5738
RFD-004804,ORD-0063589,2026-04-01,2026-03-15,T-04,STEAM,P-005757,partial_goodwill,6.9901,1.7475,5.2425
RFD-004805,ORD-0063628,2026-03-23,2026-03-15,T-01,EPIC,P-033730,partial_goodwill,5.1985,0.6238,4.5747
RFD-004806,ORD-0063630,2026-04-01,2026-03-15,T-05,XBOX,P-002694,price_adjustment,6.0105,1.8031,4.2073
RFD-004807,ORD-0063682,2026-04-24,2026-03-15,T-01,PSN,P-026495,price_adjustment,5.497,1.6491,3.8479
RFD-004808,ORD-0063695,2026-04-05,2026-03-15,T-04,XBOX,P-005192,player_request,27.9603,8.3881,19.5722
RFD-004809,ORD-0063697,2026-03-24,2026-03-15,T-02,NSW,P-009213,accidental_purchase,23.6209,7.0863,16.5346
RFD-004810,ORD-0063702,2026-03-18,2026-03-15,T-04,STEAM,P-033688,partial_goodwill,11.4682,2.867,8.6011
RFD-004811,ORD-0063719,2026-03-18,2026-03-15,T-01,PSN,P-020084,partial_goodwill,18.3794,5.5138,12.8656
RFD-004812,ORD-0063733,2026-03-24,2026-03-16,T-02,STEAM,P-018939,partial_goodwill,8.1686,2.0421,6.1264
RFD-004813,ORD-0063734,2026-03-25,2026-03-16,T-02,STEAM,P-008802,accidental_purchase,49.4973,12.3743,37.1229
RFD-004814,ORD-0063745,2026-03-21,2026-03-16,T-01,PSN,P-028320,player_request,17.7846,5.3354,12.4492
RFD-004815,ORD-0063748,2026-03-21,2026-03-16,T-01,XBOX,P-035407,platform_policy,27.9371,8.3811,19.556
RFD-004816,ORD-0063755,2026-04-02,2026-03-16,T-05,PSN,P-027994,price_adjustment,3.5085,1.0526,2.456
RFD-004817,ORD-0063757,2026-04-18,2026-03-16,T-01,STEAM,P-004959,platform_policy,94.3615,23.5904,70.7711
RFD-004818,ORD-0063772,2026-04-02,2026-03-16,T-05,NSW,P-028262,partial_goodwill,9.3669,2.8101,6.5568
RFD-004819,ORD-0063775,2026-03-19,2026-03-16,T-05,PSN,P-029721,partial_goodwill,7.0045,2.1014,4.9032
RFD-004820,ORD-0063776,2026-04-25,2026-03-16,T-01,PSN,P-031115,price_adjustment,23.5903,7.0771,16.5132
RFD-004821,ORD-0063793,2026-04-25,2026-03-16,T-01,STEAM,P-014719,partial_goodwill,5.0712,1.2678,3.8034
RFD-004822,ORD-0063803,2026-05-03,2026-03-16,T-03,STEAM,P-022034,platform_policy,14.2363,3.5591,10.6772
RFD-004823,ORD-0063806,2026-03-19,2026-03-16,T-03,STEAM,P-025997,partial_goodwill,6.3972,1.5993,4.7979
RFD-004824,ORD-0063831,2026-04-06,2026-03-16,T-01,STEAM,P-028640,accidental_purchase,17.6549,4.4137,13.2412
RFD-004825,ORD-0063836,2026-04-02,2026-03-16,T-01,STEAM,P-037020,partial_goodwill,25.3964,6.3491,19.0473
RFD-004826,ORD-0063857,2026-04-02,2026-03-16,T-01,STEAM,P-043741,price_adjustment,7.0573,1.7643,5.293
RFD-004827,ORD-0063863,2026-04-25,2026-03-16,T-05,STEAM,P-026377,price_adjustment,19.9912,4.9978,14.9934
RFD-004828,ORD-0063865,2026-04-06,2026-03-16,T-03,STEAM,P-002212,player_request,10.031,2.5078,7.5233
RFD-004829,ORD-0063869,2026-03-24,2026-03-16,T-02,NSW,P-013432,partial_goodwill,6.5187,1.9556,4.5631
RFD-004830,ORD-0063877,2026-04-14,2026-03-16,T-04,PSN,P-023732,price_adjustment,32.6927,9.8078,22.8849
RFD-004831,ORD-0063905,2026-05-04,2026-03-17,T-01,STEAM,P-007117,platform_policy,17.7211,4.4303,13.2909
RFD-004832,ORD-0063915,2026-04-07,2026-03-17,T-02,XBOX,P-037592,accidental_purchase,34.5537,10.3661,24.1876
RFD-004833,ORD-0063925,2026-03-25,2026-03-17,T-05,PSN,P-023510,partial_goodwill,22.4266,6.728,15.6986
RFD-004834,ORD-0063940,2026-04-15,2026-03-17,T-02,XBOX,P-019269,partial_goodwill,10.9962,3.2989,7.6973
RFD-004835,ORD-0063943,2026-03-25,2026-03-17,T-04,STEAM,P-013967,partial_goodwill,2.3421,0.5855,1.7566
RFD-004836,ORD-0063951,2026-04-26,2026-03-17,T-01,STEAM,P-032338,partial_goodwill,33.4531,8.3633,25.0898
RFD-004837,ORD-0063955,2026-03-20,2026-03-17,T-01,NSW,P-022673,partial_goodwill,28.4346,8.5304,19.9042
RFD-004838,ORD-0063975,2026-03-25,2026-03-17,T-01,STEAM,P-006046,price_adjustment,18.9087,4.7272,14.1815
RFD-004839,ORD-0063981,2026-05-04,2026-03-17,T-03,EPIC,P-042730,accidental_purchase,9.9433,1.1932,8.7501
RFD-004840,ORD-0063998,2026-04-03,2026-03-17,T-05,PSN,P-010904,price_adjustment,2.4545,0.7363,1.7181
RFD-004841,ORD-0064010,2026-03-19,2026-03-17,T-01,EPIC,P-030030,player_request,64.4694,7.7363,56.733
RFD-004842,ORD-0064022,2026-03-19,2026-03-17,T-01,PSN,P-024440,player_request,50.6795,15.2038,35.4756
RFD-004843,ORD-0064026,2026-04-26,2026-03-17,T-04,STEAM,P-003142,price_adjustment,17.6303,4.4076,13.2227
RFD-004844,ORD-0064043,2026-03-26,2026-03-18,T-02,STEAM,P-030911,price_adjustment,13.7171,3.4293,10.2878
RFD-004845,ORD-0064075,2026-03-21,2026-03-18,T-01,XBOX,P-022177,price_adjustment,55.6408,16.6922,38.9485
RFD-004846,ORD-0064088,2026-03-20,2026-03-18,T-01,PSN,P-018741,platform_policy,22.7424,6.8227,15.9197
RFD-004847,ORD-0064102,2026-03-27,2026-03-18,T-03,PSN,P-029587,platform_policy,14.4664,4.3399,10.1265
RFD-004848,ORD-0064113,2026-04-27,2026-03-18,T-02,PSN,P-028243,price_adjustment,4.7985,1.4396,3.359
RFD-004849,ORD-0064114,2026-04-16,2026-03-18,T-02,EPIC,P-025138,price_adjustment,8.1297,0.9756,7.1542
RFD-004850,ORD-0064116,2026-04-27,2026-03-18,T-01,STEAM,P-021604,partial_goodwill,1.5572,0.3893,1.1679
RFD-004851,ORD-0064119,2026-03-20,2026-03-18,T-01,STEAM,P-002721,platform_policy,50.5837,12.6459,37.9377
RFD-004852,ORD-0064120,2026-05-28,2026-03-18,T-05,XBOX,P-002497,player_request,4.9655,1.4896,3.4758
RFD-004853,ORD-0064125,2026-04-20,2026-03-18,T-05,STEAM,P-013246,player_request,39.4326,9.8582,29.5745
RFD-004854,ORD-0064130,2026-03-21,2026-03-18,T-01,STEAM,P-031423,partial_goodwill,25.2705,6.3176,18.9529
RFD-004855,ORD-0064143,2026-04-27,2026-03-18,T-01,PSN,P-014088,partial_goodwill,18.9511,5.6853,13.2658
RFD-004856,ORD-0064158,2026-04-27,2026-03-18,T-01,XBOX,P-043892,partial_goodwill,5.6806,1.7042,3.9764
RFD-004857,ORD-0064181,2026-03-27,2026-03-18,T-03,STEAM,P-007149,platform_policy,14.4664,3.6166,10.8498
RFD-004858,ORD-0064188,2026-04-16,2026-03-18,T-04,EPIC,P-020376,partial_goodwill,15.0777,1.8093,13.2684
RFD-004859,ORD-0064207,2026-04-28,2026-03-19,T-01,STEAM,P-009064,partial_goodwill,1.1921,0.298,0.8941
RFD-004860,ORD-0064217,2026-03-27,2026-03-19,T-03,XBOX,P-035863,partial_goodwill,4.9497,1.4849,3.4648
RFD-004861,ORD-0064236,2026-03-27,2026-03-19,T-05,STEAM,P-021244,price_adjustment,3.2467,0.8117,2.435
RFD-004862,ORD-0064245,2026-04-21,2026-03-19,T-01,PSN,P-015917,accidental_purchase,47.787,14.3361,33.4509
RFD-004863,ORD-0064253,2026-03-21,2026-03-19,T-01,PSN,P-040072,accidental_purchase,50.5959,15.1788,35.4171
RFD-004864,ORD-0064267,2026-04-21,2026-03-19,T-02,STEAM,P-040462,accidental_purchase,26.6011,6.6503,19.9508
RFD-004865,ORD-0064296,2026-03-27,2026-03-19,T-01,STEAM,P-039655,price_adjustment,15.7707,3.9427,11.828
RFD-004866,ORD-0064300,2026-03-27,2026-03-19,T-03,PSN,P-006323,partial_goodwill,4.9497,1.4849,3.4648
RFD-004867,ORD-0064318,2026-03-24,2026-03-19,T-05,PSN,P-003540,player_request,14.1011,4.2303,9.8707
RFD-004868,ORD-0064358,2026-04-28,2026-03-19,T-02,PSN,P-043721,partial_goodwill,8.0913,2.4274,5.6639
RFD-004869,ORD-0064365,2026-03-27,2026-03-19,T-01,EPIC,P-005919,price_adjustment,3.3307,0.3997,2.931
RFD-004870,ORD-0064387,2026-04-22,2026-03-20,T-05,STEAM,P-042766,platform_policy,39.8989,9.9747,29.9242
RFD-004871,ORD-0064395,2026-04-06,2026-03-20,T-01,XBOX,P-038731,price_adjustment,1.6671,0.5001,1.167
RFD-004872,ORD-0064405,2026-03-28,2026-03-20,T-03,PSN,P-009518,price_adjustment,2.6269,0.7881,1.8388
RFD-004873,ORD-0064423,2026-03-25,2026-03-20,T-02,STEAM,P-042707,player_request,8.6486,2.1622,6.4865
RFD-004874,ORD-0064428,2026-03-23,2026-03-20,T-04,PSN,P-034031,partial_goodwill,6.8942,2.0683,4.826
RFD-004875,ORD-0064446,2026-04-06,2026-03-20,T-01,PSN,P-006341,partial_goodwill,26.2816,7.8845,18.3971
RFD-004876,ORD-0064475,2026-03-29,2026-03-20,T-02,XBOX,P-044500,platform_policy,24.4757,7.3427,17.133
RFD-004877,ORD-0064493,2026-03-22,2026-03-20,T-01,STEAM,P-010255,player_request,68.4617,17.1154,51.3462
RFD-004878,ORD-0064512,2026-03-28,2026-03-20,T-01,PSN,P-012017,price_adjustment,12.68,3.804,8.876
RFD-004879,ORD-0064514,2026-03-28,2026-03-20,T-04,EPIC,P-015163,price_adjustment,5.0417,0.605,4.4367
RFD-004880,ORD-0064518,2026-04-10,2026-03-20,T-05,EPIC,P-038225,player_request,37.9085,4.549,33.3595
RFD-004881,ORD-0064523,2026-03-23,2026-03-20,T-05,STEAM,P-009687,partial_goodwill,1.2427,0.3107,0.9321
RFD-004882,ORD-0064540,2026-05-30,2026-03-20,T-02,STEAM,P-014746,player_request,24.19,6.0475,18.1425
RFD-004883,ORD-0064548,2026-04-07,2026-03-21,T-01,STEAM,P-001774,partial_goodwill,22.3687,5.5922,16.7765
RFD-004884,ORD-0064567,2026-04-19,2026-03-21,T-02,NSW,P-032277,price_adjustment,4.3105,1.2931,3.0173
RFD-004885,ORD-0064573,2026-04-07,2026-03-21,T-02,PSN,P-027375,price_adjustment,2.3482,0.7045,1.6438
RFD-004886,ORD-0064594,2026-04-30,2026-03-21,T-01,PSN,P-020262,partial_goodwill,23.897,7.1691,16.7279
RFD-004887,ORD-0064603,2026-03-23,2026-03-21,T-04,NSW,P-002499,player_request,9.8619,2.9586,6.9033
RFD-004888,ORD-0064628,2026-03-23,2026-03-21,T-02,NSW,P-023528,player_request,29.6337,8.8901,20.7436
RFD-004889,ORD-0064638,2026-03-30,2026-03-21,T-04,XBOX,P-036648,platform_policy,36.3033,10.891,25.4123
RFD-004890,ORD-0064667,2026-05-08,2026-03-21,T-01,EPIC,P-004343,player_request,101.0728,12.1287,88.9441
RFD-004891,ORD-0064672,2026-04-11,2026-03-21,T-02,EPIC,P-042287,player_request,9.8712,1.1845,8.6866
RFD-004892,ORD-0064699,2026-04-23,2026-03-21,T-03,PSN,P-033257,player_request,15.024,4.5072,10.5168
RFD-004893,ORD-0064708,2026-04-30,2026-03-21,T-03,NSW,P-029803,price_adjustment,4.9117,1.4735,3.4382
RFD-004894,ORD-0064716,2026-04-30,2026-03-21,T-02,STEAM,P-010556,price_adjustment,12.095,3.0237,9.0712
RFD-004895,ORD-0064727,2026-04-07,2026-03-21,T-05,STEAM,P-009599,partial_goodwill,59.3062,14.8265,44.4796
RFD-004896,ORD-0064743,2026-04-07,2026-03-21,T-03,STEAM,P-029720,price_adjustment,9.1776,2.2944,6.8832
RFD-004897,ORD-0064759,2026-03-29,2026-03-21,T-01,STEAM,P-031401,price_adjustment,5.6984,1.4246,4.2738
RFD-004898,ORD-0064784,2026-03-29,2026-03-21,T-03,XBOX,P-031389,partial_goodwill,16.6619,4.9986,11.6633
RFD-004899,ORD-0064805,2026-05-09,2026-03-22,T-01,STEAM,P-028957,accidental_purchase,10.0791,2.5198,7.5594
RFD-004900,ORD-0064810,2026-04-08,2026-03-22,T-03,STEAM,P-012956,price_adjustment,4.9608,1.2402,3.7206
RFD-004901,ORD-0064811,2026-03-25,2026-03-22,T-01,STEAM,P-040302,partial_goodwill,15.3792,3.8448,11.5344
RFD-004902,ORD-0064840,2026-03-25,2026-03-22,T-05,NSW,P-013455,partial_goodwill,2.4855,0.7456,1.7398
RFD-004903,ORD-0064843,2026-04-20,2026-03-22,T-01,STEAM,P-016648,partial_goodwill,15.2058,3.8015,11.4044
RFD-004904,ORD-0064874,2026-03-30,2026-03-22,T-05,STEAM,P-042494,price_adjustment,11.225,2.8063,8.4188
RFD-004905,ORD-0064879,2026-03-30,2026-03-22,T-02,NSW,P-040148,price_adjustment,5.557,1.6671,3.8899
RFD-004906,ORD-0064886,2026-03-30,2026-03-22,T-05,XBOX,P-025964,partial_goodwill,17.7822,5.3347,12.4476
RFD-004907,ORD-0064892,2026-04-12,2026-03-22,T-01,STEAM,P-037019,platform_policy,47.7939,11.9485,35.8454
RFD-004908,ORD-0064932,2026-04-20,2026-03-22,T-05,PSN,P-021950,price_adjustment,2.516,0.7548,1.7612
RFD-004909,ORD-0064949,2026-04-08,2026-03-22,T-01,XBOX,P-031948,partial_goodwill,4.4355,1.3306,3.1048
RFD-004910,ORD-0064954,2026-04-20,2026-03-22,T-05,XBOX,P-012287,partial_goodwill,12.58,3.774,8.806
RFD-004911,ORD-0064970,2026-05-01,2026-03-22,T-01,STEAM,P-042803,price_adjustment,27.8858,6.9714,20.9143
RFD-004912,ORD-0065088,2026-03-25,2026-03-23,T-05,STEAM,P-007669,player_request,39.4931,9.8733,29.6198
RFD-004913,ORD-0065089,2026-05-10,2026-03-23,T-03,XBOX,P-013303,platform_policy,10.0158,3.0047,7.011
RFD-004914,ORD-0065098,2026-03-26,2026-03-23,T-03,STEAM,P-016947,price_adjustment,3.5863,0.8966,2.6897
RFD-004915,ORD-0065101,2026-04-09,2026-03-23,T-05,PSN,P-040403,partial_goodwill,3.7395,1.1218,2.6176
RFD-004916,ORD-0065113,2026-04-01,2026-03-23,T-01,STEAM,P-029856,platform_policy,50.7256,12.6814,38.0442
RFD-004917,ORD-0065128,2026-03-26,2026-03-23,T-01,XBOX,P-023207,price_adjustment,19.9087,5.9726,13.9361
RFD-004918,ORD-0065135,2026-03-28,2026-03-23,T-05,PSN,P-022884,player_request,39.9114,11.9734,27.938
RFD-004919,ORD-0065138,2026-06-02,2026-03-23,T-02,EPIC,P-018253,accidental_purchase,24.0493,2.8859,21.1634
RFD-004920,ORD-0065139,2026-05-10,2026-03-23,T-04,PSN,P-006382,player_request,26.858,8.0574,18.8006
RFD-004921,ORD-0065155,2026-04-21,2026-03-23,T-01,STEAM,P-012294,partial_goodwill,5.8619,1.4655,4.3964
RFD-004922,ORD-0065170,2026-06-02,2026-03-23,T-01,PSN,P-024611,accidental_purchase,4.4609,1.3383,3.1227
RFD-004923,ORD-0065197,2026-04-21,2026-03-23,T-01,STEAM,P-004661,price_adjustment,17.1208,4.2802,12.8406
RFD-004924,ORD-0065217,2026-04-09,2026-03-23,T-04,STEAM,P-033000,price_adjustment,7.0018,1.7505,5.2514
RFD-004925,ORD-0065226,2026-04-10,2026-03-24,T-05,PSN,P-024649,partial_goodwill,13.1284,3.9385,9.1898
RFD-004926,ORD-0065227,2026-04-07,2026-03-24,T-04,PSN,P-029736,accidental_purchase,35.7712,10.7314,25.0398
RFD-004927,ORD-0065235,2026-03-27,2026-03-24,T-01,EPIC,P-030042,partial_goodwill,4.4601,0.5352,3.9249
RFD-004928,ORD-0065243,2026-03-27,2026-03-24,T-05,STEAM,P-009931,price_adjustment,2.4941,0.6235,1.8706
RFD-004929,ORD-0065259,2026-04-14,2026-03-24,T-05,XBOX,P-007937,accidental_purchase,9.9764,2.9929,6.9835
RFD-004930,ORD-0065260,2026-04-02,2026-03-24,T-01,XBOX,P-031405,accidental_purchase,5.0478,1.5143,3.5335
RFD-004931,ORD-0065321,2026-04-10,2026-03-24,T-04,PSN,P-041181,price_adjustment,15.083,4.5249,10.5581
RFD-004932,ORD-0065330,2026-04-07,2026-03-24,T-04,XBOX,P-007303,player_request,32.5737,9.7721,22.8016
RFD-004933,ORD-0065342,2026-04-14,2026-03-24,T-01,NSW,P-016851,platform_policy,17.7026,5.3108,12.3918
RFD-004934,ORD-0065345,2026-05-11,2026-03-24,T-03,STEAM,P-027080,player_request,5.2493,1.3123,3.937
RFD-004935,ORD-0065362,2026-03-27,2026-03-24,T-02,EPIC,P-011899,partial_goodwill,9.3717,1.1246,8.2471
RFD-004936,ORD-0065374,2026-04-22,2026-03-24,T-01,PSN,P-000768,price_adjustment,2.5332,0.76,1.7733
RFD-004937,ORD-0065381,2026-04-22,2026-03-24,T-03,STEAM,P-021105,partial_goodwill,4.9129,1.2282,3.6847
RFD-004938,ORD-0065387,2026-03-29,2026-03-24,T-03,STEAM,P-001656,platform_policy,13.8821,3.4705,10.4116
RFD-004939,ORD-0065389,2026-04-14,2026-03-24,T-05,STEAM,P-013945,player_request,44.0681,11.017,33.0511
RFD-004940,ORD-0065395,2026-04-22,2026-03-24,T-01,EPIC,P-001823,price_adjustment,12.6447,1.5174,11.1274
RFD-004941,ORD-0065408,2026-05-04,2026-03-25,T-05,STEAM,P-004476,partial_goodwill,5.9683,1.4921,4.4762
RFD-004942,ORD-0065417,2026-04-02,2026-03-25,T-05,STEAM,P-022774,price_adjustment,4.9236,1.2309,3.6927
RFD-004943,ORD-0065418,2026-03-28,2026-03-25,T-02,PSN,P-040244,partial_goodwill,13.3129,3.9939,9.319
RFD-004944,ORD-0065419,2026-04-03,2026-03-25,T-04,PSN,P-027679,accidental_purchase,60.3684,18.1105,42.2579
RFD-004945,ORD-0065428,2026-04-23,2026-03-25,T-04,STEAM,P-005555,partial_goodwill,4.8694,1.2174,3.6521
RFD-004946,ORD-0065444,2026-06-04,2026-03-25,T-01,STEAM,P-009691,accidental_purchase,10.1017,2.5254,7.5763
RFD-004947,ORD-0065457,2026-04-08,2026-03-25,T-01,PSN,P-038002,platform_policy,10.1118,3.0335,7.0783
RFD-004948,ORD-0065463,2026-05-04,2026-03-25,T-05,STEAM,P-042875,price_adjustment,13.1363,3.2841,9.8522
RFD-004949,ORD-0065470,2026-06-04,2026-03-25,T-02,PSN,P-035478,accidental_purchase,58.0856,17.4257,40.6599
RFD-004950,ORD-0065479,2026-05-12,2026-03-25,T-03,STEAM,P-001112,platform_policy,9.5378,2.3845,7.1534
RFD-004951,ORD-0065482,2026-05-12,2026-03-25,T-01,EPIC,P-016097,accidental_purchase,50.5993,6.0719,44.5274
RFD-004952,ORD-0065508,2026-04-02,2026-03-25,T-03,EPIC,P-000001,price_adjustment,7.2736,0.8728,6.4008
RFD-004953,ORD-0065511,2026-04-23,2026-03-25,T-01,EPIC,P-038499,price_adjustment,36.7372,4.4085,32.3287
RFD-004954,ORD-0065545,2026-06-04,2026-03-25,T-02,XBOX,P-031825,player_request,23.9849,7.1955,16.7894
RFD-004955,ORD-0065548,2026-04-11,2026-03-25,T-05,PSN,P-008082,price_adjustment,9.9505,2.9851,6.9653
RFD-004956,ORD-0065552,2026-03-27,2026-03-25,T-05,STEAM,P-040343,accidental_purchase,44.904,11.226,33.678
RFD-004957,ORD-0065560,2026-05-04,2026-03-25,T-02,STEAM,P-029048,partial_goodwill,6.1759,1.544,4.6319
RFD-004958,ORD-0065568,2026-05-12,2026-03-25,T-02,STEAM,P-037610,platform_policy,24.2088,6.0522,18.1566
RFD-004959,ORD-0065570,2026-03-28,2026-03-25,T-02,PSN,P-031005,partial_goodwill,16.2716,4.8815,11.3901
RFD-004960,ORD-0065585,2026-04-16,2026-03-26,T-03,XBOX,P-033544,player_request,15.0389,4.5117,10.5272
RFD-004961,ORD-0065587,2026-04-03,2026-03-26,T-04,STEAM,P-008854,partial_goodwill,4.6382,1.1595,3.4786
RFD-004962,ORD-0065606,2026-04-12,2026-03-26,T-03,XBOX,P-005308,price_adjustment,4.7182,1.4154,3.3027
RFD-004963,ORD-0065614,2026-05-05,2026-03-26,T-03,STEAM,P-030463,price_adjustment,9.9214,2.4804,7.4411
RFD-004964,ORD-0065615,2026-05-13,2026-03-26,T-01,XBOX,P-004756,accidental_purchase,9.3208,2.7963,6.5246
RFD-004965,ORD-0065621,2026-04-28,2026-03-26,T-01,STEAM,P-018516,accidental_purchase,56.7279,14.182,42.5459
RFD-004966,ORD-0065623,2026-05-13,2026-03-26,T-01,XBOX,P-044213,player_request,50.89,15.267,35.623
RFD-004967,ORD-0065628,2026-04-04,2026-03-26,T-05,XBOX,P-004859,player_request,53.9255,16.1777,37.7479
RFD-004968,ORD-0065657,2026-03-29,2026-03-26,T-03,STEAM,P-000192,partial_goodwill,7.1372,1.7843,5.3529
RFD-004969,ORD-0065690,2026-04-12,2026-03-26,T-05,NSW,P-044090,partial_goodwill,9.9821,2.9946,6.9875
RFD-004970,ORD-0065691,2026-05-13,2026-03-26,T-05,STEAM,P-039644,player_request,10.1625,2.5406,7.6219
RFD-004971,ORD-0065699,2026-05-05,2026-03-26,T-04,STEAM,P-003252,price_adjustment,35.3166,8.8291,26.4874
RFD-004972,ORD-0065718,2026-04-09,2026-03-26,T-04,XBOX,P-007323,player_request,65.0247,19.5074,45.5173
RFD-004973,ORD-0065719,2026-04-28,2026-03-26,T-05,STEAM,P-040111,platform_policy,39.3281,9.832,29.4961
RFD-004974,ORD-0065720,2026-03-29,2026-03-26,T-01,STEAM,P-024280,price_adjustment,34.2647,8.5662,25.6986
RFD-004975,ORD-0065722,2026-03-31,2026-03-26,T-05,PSN,P-037738,platform_policy,39.9384,11.9815,27.9569
RFD-004976,ORD-0065743,2026-04-10,2026-03-27,T-01,EPIC,P-008488,platform_policy,5.0596,0.6072,4.4524
RFD-004977,ORD-0065748,2026-04-29,2026-03-27,T-01,PSN,P-035470,accidental_purchase,47.1093,14.1328,32.9765
RFD-004978,ORD-0065753,2026-05-06,2026-03-27,T-02,STEAM,P-036602,partial_goodwill,1.2321,0.308,0.9241
RFD-004979,ORD-0065755,2026-04-13,2026-03-27,T-05,STEAM,P-042710,partial_goodwill,19.8496,4.9624,14.8872
RFD-004980,ORD-0065800,2026-04-25,2026-03-27,T-02,NSW,P-019326,price_adjustment,12.341,3.7023,8.6387
RFD-004981,ORD-0065801,2026-04-04,2026-03-27,T-04,XBOX,P-031892,partial_goodwill,2.6459,0.7938,1.8522
RFD-004982,ORD-0065820,2026-05-14,2026-03-27,T-02,XBOX,P-044727,platform_policy,18.5586,5.5676,12.991
RFD-004983,ORD-0065827,2026-04-13,2026-03-27,T-02,PSN,P-020625,partial_goodwill,2.8479,0.8544,1.9935
RFD-004984,ORD-0065837,2026-04-10,2026-03-27,T-01,STEAM,P-004426,player_request,10.1293,2.5323,7.597
RFD-004985,ORD-0065852,2026-04-25,2026-03-27,T-04,STEAM,P-022677,partial_goodwill,3.1914,0.7979,2.3936
RFD-004986,ORD-0065864,2026-04-05,2026-03-27,T-05,PSN,P-038084,player_request,13.9669,4.1901,9.7768
RFD-004987,ORD-0065876,2026-05-06,2026-03-27,T-01,STEAM,P-006039,price_adjustment,44.4685,11.1171,33.3514
RFD-004988,ORD-0065881,2026-04-25,2026-03-27,T-01,EPIC,P-027435,price_adjustment,2.5348,0.3042,2.2307
RFD-004989,ORD-0065900,2026-04-26,2026-03-28,T-02,PSN,P-008837,partial_goodwill,9.5314,2.8594,6.672
RFD-004990,ORD-0065909,2026-04-06,2026-03-28,T-01,STEAM,P-040869,platform_policy,10.1293,2.5323,7.597
RFD-004991,ORD-0065911,2026-04-26,2026-03-28,T-03,XBOX,P-039760,partial_goodwill,1.1852,0.3556,0.8296
RFD-004992,ORD-0065917,2026-05-07,2026-03-28,T-01,PSN,P-003420,price_adjustment,2.3207,0.6962,1.6245
RFD-004993,ORD-0065928,2026-04-26,2026-03-28,T-02,EPIC,P-022226,partial_goodwill,2.4642,0.2957,2.1685
RFD-004994,ORD-0065932,2026-04-06,2026-03-28,T-05,XBOX,P-019594,accidental_purchase,39.6893,11.9068,27.7825
RFD-004995,ORD-0065949,2026-03-31,2026-03-28,T-01,PSN,P-021425,partial_goodwill,25.3383,7.6015,17.7368
RFD-004996,ORD-0065980,2026-04-05,2026-03-28,T-04,EPIC,P-030455,price_adjustment,9.2058,1.1047,8.1011
RFD-004997,ORD-0065988,2026-04-02,2026-03-28,T-01,PSN,P-009468,platform_policy,101.6285,30.4885,71.1399
RFD-004998,ORD-0065995,2026-05-07,2026-03-28,T-01,STEAM,P-022796,partial_goodwill,20.0667,5.0167,15.05
RFD-004999,ORD-0066002,2026-04-18,2026-03-28,T-01,XBOX,P-034619,player_request,50.6868,15.206,35.4807
RFD-005000,ORD-0066019,2026-04-14,2026-03-28,T-03,STEAM,P-007896,partial_goodwill,6.2547,1.5637,4.691
RFD-005001,ORD-0066022,2026-04-14,2026-03-28,T-05,XBOX,P-042535,partial_goodwill,1.6461,0.4938,1.1523
RFD-005002,ORD-0066026,2026-04-14,2026-03-28,T-04,EPIC,P-039272,price_adjustment,3.0477,0.3657,2.6819
RFD-005003,ORD-0066031,2026-04-30,2026-03-28,T-05,XBOX,P-002655,platform_policy,9.8999,2.97,6.9299
RFD-005004,ORD-0066032,2026-04-26,2026-03-28,T-03,STEAM,P-040852,price_adjustment,6.9137,1.7284,5.1853
RFD-005005,ORD-0066046,2026-05-07,2026-03-28,T-02,PSN,P-008920,price_adjustment,3.0798,0.9239,2.1559
RFD-005006,ORD-0066063,2026-04-26,2026-03-28,T-04,EPIC,P-007869,partial_goodwill,2.5146,0.3018,2.2129
RFD-005007,ORD-0066064,2026-04-06,2026-03-28,T-03,STEAM,P-011875,player_request,30.0344,7.5086,22.5258
RFD-005008,ORD-0066069,2026-04-05,2026-03-28,T-01,STEAM,P-005201,price_adjustment,2.5247,0.6312,1.8936
RFD-005009,ORD-0066070,2026-04-15,2026-03-29,T-01,STEAM,P-019986,price_adjustment,25.3383,6.3346,19.0038
RFD-005010,ORD-0066072,2026-04-03,2026-03-29,T-01,STEAM,P-030923,platform_policy,55.7464,13.9366,41.8098
RFD-005011,ORD-0066086,2026-04-06,2026-03-29,T-01,EPIC,P-037064,partial_goodwill,25.3383,3.0406,22.2977
RFD-005012,ORD-0066103,2026-05-01,2026-03-29,T-02,STEAM,P-019589,player_request,24.692,6.173,18.519
RFD-005013,ORD-0066121,2026-04-15,2026-03-29,T-01,PSN,P-000247,price_adjustment,22.5813,6.7744,15.8069
RFD-005014,ORD-0066147,2026-04-03,2026-03-29,T-01,PSN,P-017232,platform_policy,50.6868,15.206,35.4807
RFD-005015,ORD-0066159,2026-04-06,2026-03-29,T-02,PSN,P-030528,price_adjustment,7.9332,2.38,5.5532
RFD-005016,ORD-0066164,2026-04-06,2026-03-29,T-01,PSN,P-024009,price_adjustment,5.0596,1.5179,3.5417
RFD-005017,ORD-0066169,2026-05-08,2026-03-29,T-05,XBOX,P-022420,partial_goodwill,4.95,1.485,3.465
RFD-005018,ORD-0066175,2026-05-08,2026-03-29,T-02,PSN,P-013240,price_adjustment,2.0432,0.613,1.4302
RFD-005019,ORD-0066197,2026-04-01,2026-03-29,T-04,XBOX,P-029658,partial_goodwill,20.1475,6.0442,14.1032
RFD-005020,ORD-0066232,2026-04-15,2026-03-29,T-04,PSN,P-015725,price_adjustment,32.3889,9.7167,22.6722
RFD-005021,ORD-0066237,2026-06-08,2026-03-29,T-01,STEAM,P-007743,platform_policy,50.6868,12.6717,38.0151
RFD-005022,ORD-0066240,2026-04-07,2026-03-29,T-02,EPIC,P-042533,accidental_purchase,4.9283,0.5914,4.3369
RFD-005023,ORD-0066244,2026-04-15,2026-03-29,T-04,STEAM,P-044464,partial_goodwill,31.1778,7.7944,23.3833
RFD-005024,ORD-0066250,2026-04-07,2026-03-29,T-04,NSW,P-027184,player_request,9.3582,2.8075,6.5507
RFD-005025,ORD-0066260,2026-04-12,2026-03-29,T-02,STEAM,P-038635,player_request,4.8003,1.2001,3.6002
RFD-005026,ORD-0066268,2026-04-01,2026-03-29,T-03,STEAM,P-041599,partial_goodwill,4.736,1.184,3.552
RFD-005027,ORD-0066272,2026-04-15,2026-03-29,T-01,PSN,P-004395,partial_goodwill,7.5237,2.2571,5.2666
RFD-005028,ORD-0066281,2026-05-16,2026-03-29,T-05,STEAM,P-013670,accidental_purchase,39.8809,9.9702,29.9107
RFD-005029,ORD-0066285,2026-04-01,2026-03-29,T-01,STEAM,P-017568,price_adjustment,13.3375,3.3344,10.0032
RFD-005030,ORD-0066300,2026-04-27,2026-03-29,T-04,STEAM,P-006136,partial_goodwill,2.6459,0.6615,1.9844
RFD-005031,ORD-0066309,2026-03-31,2026-03-29,T-01,STEAM,P-023164,player_request,10.1192,2.5298,7.5894
RFD-005032,ORD-0066326,2026-04-15,2026-03-29,T-01,EPIC,P-001862,price_adjustment,18.4003,2.208,16.1923
RFD-005033,ORD-0066329,2026-04-06,2026-03-29,T-01,STEAM,P-020145,partial_goodwill,5.1381,1.2845,3.8535
RFD-005034,ORD-0066344,2026-04-19,2026-03-29,T-02,PSN,P-024024,player_request,9.8667,2.96,6.9067
RFD-005035,ORD-0066378,2026-04-27,2026-03-29,T-02,PSN,P-015651,price_adjustment,8.6346,2.5904,6.0442
RFD-005036,ORD-0066379,2026-04-06,2026-03-29,T-01,STEAM,P-014531,price_adjustment,16.7709,4.1927,12.5782
RFD-005037,ORD-0066399,2026-05-02,2026-03-30,T-02,EPIC,P-020386,player_request,28.6577,3.4389,25.2188
RFD-005038,ORD-0066413,2026-04-28,2026-03-30,T-03,XBOX,P-012886,partial_goodwill,2.3748,0.7125,1.6624
RFD-005039,ORD-0066415,2026-04-16,2026-03-30,T-05,STEAM,P-015566,partial_goodwill,4.5412,1.1353,3.4059
RFD-005040,ORD-0066435,2026-04-28,2026-03-30,T-04,EPIC,P-041674,partial_goodwill,15.1565,1.8188,13.3377
RFD-005041,ORD-0066448,2026-05-02,2026-03-30,T-02,STEAM,P-034950,platform_policy,34.6232,8.6558,25.9674
RFD-005042,ORD-0066461,2026-05-09,2026-03-30,T-05,XBOX,P-007956,price_adjustment,19.651,5.8953,13.7557
RFD-005043,ORD-0066471,2026-04-01,2026-03-30,T-01,STEAM,P-009813,player_request,68.5583,17.1396,51.4188
RFD-005044,ORD-0066475,2026-04-07,2026-03-30,T-05,XBOX,P-009545,price_adjustment,13.1835,3.9551,9.2285
RFD-005045,ORD-0066476,2026-04-07,2026-03-30,T-05,PSN,P-044642,partial_goodwill,20.2202,6.0661,14.1541
RFD-005046,ORD-0066494,2026-04-16,2026-03-30,T-05,XBOX,P-028302,partial_goodwill,2.489,0.7467,1.7423
RFD-005047,ORD-0066523,2026-04-29,2026-03-31,T-05,STEAM,P-022927,price_adjustment,14.3685,3.5921,10.7764
RFD-005048,ORD-0066527,2026-04-29,2026-03-31,T-05,STEAM,P-007724,price_adjustment,26.6057,6.6514,19.9542
RFD-005049,ORD-0066555,2026-06-10,2026-03-31,T-03,STEAM,P-013486,platform_policy,4.8421,1.2105,3.6316
RFD-005050,ORD-0066611,2026-04-29,2026-03-31,T-03,PSN,P-044100,price_adjustment,4.695,1.4085,3.2865
RFD-005051,ORD-0066617,2026-04-03,2026-03-31,T-05,STEAM,P-000177,price_adjustment,26.9063,6.7266,20.1797
RFD-005052,ORD-0066625,2026-06-10,2026-03-31,T-05,STEAM,P-034791,accidental_purchase,14.5008,3.6252,10.8756
RFD-005053,ORD-0066628,2026-04-17,2026-03-31,T-02,STEAM,P-037321,price_adjustment,8.1445,2.0361,6.1084
RFD-005054,ORD-0066636,2026-05-18,2026-03-31,T-04,EPIC,P-031802,player_request,60.4331,7.252,53.1811
RFD-005055,ORD-0066664,2026-04-29,2026-03-31,T-03,EPIC,P-010148,price_adjustment,6.9054,0.8286,6.0767
RFD-005056,ORD-0066682,2026-04-30,2026-04-01,T-01,STEAM,P-040562,price_adjustment,4.6757,1.1689,3.5068
RFD-005057,ORD-0066722,2026-04-22,2026-04-01,T-05,PSN,P-040207,player_request,9.9814,2.9944,6.987
RFD-005058,ORD-0066725,2026-05-11,2026-04-01,T-01,EPIC,P-001105,price_adjustment,23.298,2.7958,20.5023
RFD-005059,ORD-0066728,2026-04-18,2026-04-01,T-04,STEAM,P-015360,price_adjustment,7.5822,1.8956,5.6867
RFD-005060,ORD-0066733,2026-04-09,2026-04-01,T-03,STEAM,P-021825,price_adjustment,1.2528,0.3132,0.9396
RFD-005061,ORD-0066734,2026-04-06,2026-04-01,T-01,STEAM,P-019084,player_request,101.6159,25.404,76.2119
RFD-005062,ORD-0066736,2026-05-19,2026-04-01,T-01,EPIC,P-020415,accidental_purchase,5.0717,0.6086,4.4631
RFD-005063,ORD-0066738,2026-05-04,2026-04-01,T-03,PSN,P-042964,player_request,9.4306,2.8292,6.6014
RFD-005064,ORD-0066740,2026-04-09,2026-04-01,T-01,NSW,P-014330,price_adjustment,25.3989,7.6197,17.7792
RFD-005065,ORD-0066762,2026-04-18,2026-04-01,T-02,PSN,P-023361,partial_goodwill,2.47,0.741,1.729
RFD-005066,ORD-0066763,2026-05-11,2026-04-01,T-03,STEAM,P-039968,price_adjustment,9.4405,2.3601,7.0804
RFD-005067,ORD-0066774,2026-04-18,2026-04-01,T-01,STEAM,P-035295,partial_goodwill,20.1146,5.0287,15.086
RFD-005068,ORD-0066809,2026-05-11,2026-04-01,T-02,NSW,P-017436,price_adjustment,4.9401,1.482,3.4581
RFD-005069,ORD-0066811,2026-04-30,2026-04-01,T-03,STEAM,P-010185,partial_goodwill,3.3103,0.8276,2.4827
RFD-005070,ORD-0066838,2026-04-18,2026-04-01,T-01,STEAM,P-034319,price_adjustment,2.5308,0.6327,1.8981
RFD-005071,ORD-0066839,2026-05-19,2026-04-01,T-01,NSW,P-028809,platform_policy,53.3552,16.0066,37.3486
RFD-005072,ORD-0066845,2026-05-05,2026-04-02,T-01,STEAM,P-036161,player_request,10.1196,2.5299,7.5897
RFD-005073,ORD-0066854,2026-04-16,2026-04-02,T-04,PSN,P-039717,player_request,30.2073,9.0622,21.1451
RFD-005074,ORD-0066856,2026-04-19,2026-04-02,T-02,NSW,P-037099,partial_goodwill,3.57,1.071,2.499
RFD-005075,ORD-0066869,2026-05-12,2026-04-02,T-01,STEAM,P-017918,partial_goodwill,2.5604,0.6401,1.9203
RFD-005076,ORD-0066877,2026-05-20,2026-04-02,T-02,EPIC,P-001042,player_request,4.9236,0.5908,4.3327
RFD-005077,ORD-0066888,2026-05-20,2026-04-02,T-01,STEAM,P-013474,accidental_purchase,10.1196,2.5299,7.5897
RFD-005078,ORD-0066889,2026-04-05,2026-04-02,T-02,XBOX,P-004305,price_adjustment,3.2488,0.3899,2.8589
RFD-005079,ORD-0066901,2026-04-10,2026-04-02,T-02,EPIC,P-030728,price_adjustment,6.009,0.7211,5.2879
RFD-005080,ORD-0066905,2026-04-10,2026-04-02,T-01,STEAM,P-003281,partial_goodwill,25.314,6.3285,18.9855
RFD-005081,ORD-0066917,2026-05-01,2026-04-02,T-01,STEAM,P-039232,partial_goodwill,1.2673,0.3168,0.9504
RFD-005082,ORD-0066941,2026-05-05,2026-04-02,T-01,PSN,P-042934,player_request,25.8653,7.7596,18.1057
RFD-005083,ORD-0066949,2026-04-16,2026-04-02,T-01,STEAM,P-029184,platform_policy,46.4898,11.6224,34.8673
RFD-005084,ORD-0066953,2026-05-12,2026-04-02,T-05,EPIC,P-032243,price_adjustment,4.974,0.5969,4.3771
RFD-005085,ORD-0066981,2026-04-05,2026-04-02,T-01,PSN,P-011388,price_adjustment,44.4685,13.3406,31.128
RFD-005086,ORD-0067006,2026-04-05,2026-04-03,T-02,STEAM,P-000195,accidental_purchase,33.1836,8.2959,24.8877
RFD-005087,ORD-0067009,2026-04-08,2026-04-03,T-01,XBOX,P-030088,accidental_purchase,15.5774,1.8693,13.7081
RFD-005088,ORD-0067027,2026-05-13,2026-04-03,T-04,STEAM,P-031401,partial_goodwill,15.0487,3.7622,11.2866
RFD-005089,ORD-0067031,2026-04-17,2026-04-03,T-05,XBOX,P-034043,platform_policy,49.6196,5.9544,43.6653
RFD-005090,ORD-0067066,2026-04-24,2026-04-03,T-05,STEAM,P-022741,accidental_purchase,49.6196,12.4049,37.2147
RFD-005091,ORD-0067075,2026-04-05,2026-04-03,T-01,STEAM,P-014321,player_request,9.3729,2.3432,7.0297
RFD-005092,ORD-0067076,2026-04-05,2026-04-03,T-05,XBOX,P-010778,platform_policy,13.8362,1.6603,12.1758
RFD-005093,ORD-0067088,2026-04-20,2026-04-03,T-02,STEAM,P-015682,price_adjustment,7.7092,1.9273,5.7819
RFD-005094,ORD-0067099,2026-04-06,2026-04-03,T-05,STEAM,P-038035,price_adjustment,24.8098,6.2025,18.6074
RFD-005095,ORD-0067104,2026-05-13,2026-04-03,T-01,PSN,P-030444,price_adjustment,1.1109,0.3333,0.7776
RFD-005096,ORD-0067105,2026-06-13,2026-04-03,T-03,STEAM,P-001579,player_request,4.9592,1.2398,3.7194
RFD-005097,ORD-0067155,2026-04-11,2026-04-03,T-05,STEAM,P-020369,partial_goodwill,2.4598,0.6149,1.8448
RFD-005098,ORD-0067158,2026-04-12,2026-04-03,T-02,EPIC,P-025402,player_request,19.6327,2.3559,17.2768
RFD-005099,ORD-0067172,2026-04-20,2026-04-03,T-01,EPIC,P-038124,price_adjustment,49.9514,5.9942,43.9572
RFD-005100,ORD-0067175,2026-05-13,2026-04-03,T-01,XBOX,P-015553,partial_goodwill,5.4155,0.6499,4.7656
RFD-005101,ORD-0067178,2026-05-02,2026-04-03,T-01,STEAM,P-009978,price_adjustment,2.5232,0.6308,1.8924
RFD-005102,ORD-0067180,2026-04-20,2026-04-03,T-04,STEAM,P-001664,price_adjustment,2.9395,0.7349,2.2046
RFD-005103,ORD-0067190,2026-04-20,2026-04-03,T-01,STEAM,P-041576,partial_goodwill,27.5633,6.8908,20.6724
RFD-005104,ORD-0067202,2026-04-11,2026-04-03,T-05,PSN,P-018936,price_adjustment,16.3757,4.9127,11.463
RFD-005105,ORD-0067212,2026-05-21,2026-04-03,T-01,PSN,P-023029,player_request,17.6624,5.2987,12.3637
RFD-005106,ORD-0067233,2026-04-06,2026-04-03,T-05,XBOX,P-024267,partial_goodwill,19.6629,2.3595,17.3033
RFD-005107,ORD-0067244,2026-04-17,2026-04-03,T-04,XBOX,P-038077,platform_policy,4.6021,0.5523,4.0499
RFD-005108,ORD-0067300,2026-04-06,2026-04-04,T-05,XBOX,P-003579,accidental_purchase,39.3241,4.7189,34.6052
RFD-005109,ORD-0067317,2026-04-06,2026-04-04,T-04,XBOX,P-027907,player_request,27.6525,3.3183,24.3342
RFD-005110,ORD-0067321,2026-04-09,2026-04-04,T-02,PSN,P-001112,accidental_purchase,33.2366,9.971,23.2656
RFD-005111,ORD-0067322,2026-04-25,2026-04-04,T-05,STEAM,P-008136,player_request,13.7672,3.4418,10.3254
RFD-005112,ORD-0067329,2026-05-14,2026-04-04,T-01,STEAM,P-014095,price_adjustment,37.0402,9.2601,27.7802
RFD-005113,ORD-0067333,2026-05-03,2026-04-04,T-03,STEAM,P-042975,partial_goodwill,5.0162,1.2541,3.7622
RFD-005114,ORD-0067337,2026-05-03,2026-04-04,T-05,STEAM,P-029567,partial_goodwill,1.6386,0.4096,1.2289
RFD-005115,ORD-0067341,2026-04-18,2026-04-04,T-01,PSN,P-040274,accidental_purchase,10.0727,3.0218,7.0509
RFD-005116,ORD-0067359,2026-05-03,2026-04-04,T-04,STEAM,P-015409,partial_goodwill,1.2545,0.3136,0.9409
RFD-005117,ORD-0067363,2026-04-09,2026-04-04,T-02,STEAM,P-008270,player_request,24.5786,6.1447,18.434
RFD-005118,ORD-0067373,2026-04-12,2026-04-04,T-01,EPIC,P-006907,price_adjustment,12.616,1.5139,11.1021
RFD-005119,ORD-0067397,2026-05-07,2026-04-04,T-02,NSW,P-014840,player_request,8.605,2.5815,6.0235
RFD-005120,ORD-0067408,2026-04-07,2026-04-04,T-02,XBOX,P-035647,price_adjustment,4.3584,0.523,3.8354
RFD-005121,ORD-0067419,2026-04-07,2026-04-04,T-04,STEAM,P-025195,partial_goodwill,7.7707,1.9427,5.828
RFD-005122,ORD-0067437,2026-04-09,2026-04-04,T-01,XBOX,P-011183,player_request,4.4418,0.533,3.9088
RFD-005123,ORD-0067454,2026-04-12,2026-04-04,T-01,STEAM,P-025121,price_adjustment,11.1238,2.781,8.3429
RFD-005124,ORD-0067464,2026-05-03,2026-04-04,T-04,EPIC,P-034596,price_adjustment,3.1937,0.3832,2.8105
RFD-005125,ORD-0067467,2026-04-21,2026-04-04,T-01,XBOX,P-025634,price_adjustment,25.222,3.0266,22.1953
RFD-005126,ORD-0067481,2026-04-09,2026-04-04,T-04,PSN,P-043637,platform_policy,60.3714,18.1114,42.26
RFD-005127,ORD-0067494,2026-04-07,2026-04-04,T-05,PSN,P-015028,price_adjustment,13.9027,4.1708,9.7319
RFD-005128,ORD-0067498,2026-04-09,2026-04-04,T-01,STEAM,P-019228,platform_policy,5.0956,1.2739,3.8217
RFD-005129,ORD-0067515,2026-04-21,2026-04-04,T-01,NSW,P-008995,partial_goodwill,12.616,3.7848,8.8312
RFD-005130,ORD-0067535,2026-04-13,2026-04-04,T-05,STEAM,P-044528,accidental_purchase,39.6977,9.9244,29.7733
RFD-005131,ORD-0067556,2026-04-08,2026-04-05,T-05,STEAM,P-013422,price_adjustment,3.4782,0.8695,2.6086
RFD-005132,ORD-0067564,2026-04-22,2026-04-05,T-04,STEAM,P-030982,partial_goodwill,3.3073,0.8268,2.4805
RFD-005133,ORD-0067566,2026-04-07,2026-04-05,T-05,PSN,P-010506,player_request,9.71,2.913,6.797
RFD-005134,ORD-0067600,2026-05-04,2026-04-05,T-01,STEAM,P-022609,price_adjustment,30.2684,7.5671,22.7013
RFD-005135,ORD-0067602,2026-05-04,2026-04-05,T-05,STEAM,P-016793,price_adjustment,12.4049,3.1012,9.3037
RFD-005136,ORD-0067605,2026-04-22,2026-04-05,T-02,PSN,P-029629,partial_goodwill,5.3988,1.6196,3.7792
RFD-005137,ORD-0067637,2026-05-23,2026-04-05,T-03,STEAM,P-018250,accidental_purchase,4.7212,1.1803,3.5409
RFD-005138,ORD-0067638,2026-04-22,2026-04-05,T-05,EPIC,P-020595,price_adjustment,4.9394,0.5927,4.3466
RFD-005139,ORD-0067645,2026-05-04,2026-04-05,T-04,STEAM,P-022990,price_adjustment,10.1632,2.5408,7.6224
RFD-005140,ORD-0067653,2026-05-08,2026-04-05,T-05,PSN,P-018303,accidental_purchase,39.6977,11.9093,27.7884
RFD-005141,ORD-0067679,2026-04-08,2026-04-05,T-01,PSN,P-024499,price_adjustment,19.5523,5.8657,13.6866
RFD-005142,ORD-0067680,2026-05-23,2026-04-05,T-02,EPIC,P-001633,player_request,9.8113,1.1774,8.634
RFD-005143,ORD-0067686,2026-04-07,2026-04-05,T-01,NSW,P-008721,platform_policy,46.5961,13.9788,32.6173
RFD-005144,ORD-0067692,2026-06-15,2026-04-05,T-04,XBOX,P-022353,player_request,27.6806,3.3217,24.359
RFD-005145,ORD-0067706,2026-04-14,2026-04-05,T-01,STEAM,P-036136,accidental_purchase,61.3155,15.3289,45.9867
RFD-005146,ORD-0067732,2026-05-04,2026-04-05,T-05,EPIC,P-004804,partial_goodwill,3.4782,0.4174,3.0608
RFD-005147,ORD-0067747,2026-04-10,2026-04-05,T-05,XBOX,P-014571,player_request,9.8787,1.1854,8.6933
RFD-005148,ORD-0067755,2026-05-09,2026-04-06,T-01,STEAM,P-028953,player_request,44.5124,11.1281,33.3843
RFD-005149,ORD-0067757,2026-04-08,2026-04-06,T-03,STEAM,P-035875,player_request,20.2607,5.0652,15.1955
RFD-005150,ORD-0067766,2026-05-16,2026-04-06,T-02,STEAM,P-024843,partial_goodwill,28.523,7.1307,21.3922
RFD-005151,ORD-0067829,2026-04-23,2026-04-06,T-01,XBOX,P-005492,price_adjustment,4.6406,0.5569,4.0837
RFD-005152,ORD-0067841,2026-04-09,2026-04-06,T-01,PSN,P-028659,price_adjustment,16.709,5.0127,11.6963
RFD-005153,ORD-0067875,2026-04-11,2026-04-06,T-01,STEAM,P-003653,player_request,13.339,3.3347,10.0042
RFD-005154,ORD-0067888,2026-04-14,2026-04-06,T-05,STEAM,P-001447,partial_goodwill,2.4821,0.6205,1.8616
RFD-005155,ORD-0067899,2026-04-23,2026-04-06,T-04,XBOX,P-026982,price_adjustment,3.0379,0.3646,2.6734
RFD-005156,ORD-0067901,2026-05-24,2026-04-06,T-02,PSN,P-015221,player_request,8.7298,2.6189,6.1108
RFD-005157,ORD-0067908,2026-04-09,2026-04-06,T-05,PSN,P-018314,partial_goodwill,1.6282,0.4885,1.1397
RFD-005158,ORD-0067911,2026-04-14,2026-04-06,T-03,STEAM,P-002037,price_adjustment,12.5766,3.1441,9.4324
RFD-005159,ORD-0067926,2026-04-11,2026-04-06,T-01,PSN,P-015905,player_request,46.9592,14.0877,32.8714
RFD-005160,ORD-0067940,2026-04-14,2026-04-06,T-01,STEAM,P-019447,partial_goodwill,12.6629,3.1657,9.4972
RFD-005161,ORD-0067949,2026-04-23,2026-04-06,T-01,STEAM,P-032024,partial_goodwill,5.0046,1.2512,3.7535
RFD-005162,ORD-0067954,2026-04-24,2026-04-07,T-01,PSN,P-037015,price_adjustment,8.8688,2.6607,6.2082
RFD-005163,ORD-0067971,2026-04-10,2026-04-07,T-04,PSN,P-028325,price_adjustment,11.6093,3.4828,8.1265
RFD-005164,ORD-0067974,2026-04-15,2026-04-07,T-03,STEAM,P-014014,partial_goodwill,2.508,0.627,1.881
RFD-005165,ORD-0067980,2026-05-10,2026-04-07,T-04,EPIC,P-038814,accidental_purchase,20.6071,2.4729,18.1342
RFD-005166,ORD-0067985,2026-04-15,2026-04-07,T-01,STEAM,P-031617,price_adjustment,15.4867,3.8717,11.615
RFD-005167,ORD-0068000,2026-04-28,2026-04-07,T-02,STEAM,P-043840,accidental_purchase,16.6276,4.1569,12.4707
RFD-005168,ORD-0068040,2026-04-21,2026-04-07,T-02,PSN,P-043228,accidental_purchase,4.9238,1.4771,3.4466
RFD-005169,ORD-0068041,2026-05-17,2026-04-07,T-03,STEAM,P-013572,price_adjustment,9.9989,2.4997,7.4992
RFD-005170,ORD-0068045,2026-04-15,2026-04-07,T-04,NSW,P-009346,partial_goodwill,6.6989,2.0097,4.6892
RFD-005171,ORD-0068056,2026-04-25,2026-04-08,T-03,STEAM,P-025770,price_adjustment,3.4983,0.8746,2.6237
RFD-005172,ORD-0068067,2026-04-29,2026-04-08,T-05,STEAM,P-025877,player_request,19.636,4.909,14.727
RFD-005173,ORD-0068068,2026-05-07,2026-04-08,T-01,NSW,P-006102,partial_goodwill,21.7719,6.5316,15.2403
RFD-005174,ORD-0068076,2026-05-18,2026-04-08,T-05,EPIC,P-009739,partial_goodwill,7.6288,0.9155,6.7134
RFD-005175,ORD-0068081,2026-05-18,2026-04-08,T-05,EPIC,P-033901,price_adjustment,19.9719,2.3966,17.5753
RFD-005176,ORD-0068123,2026-05-11,2026-04-08,T-03,PSN,P-012942,player_request,20.3056,6.0917,14.2139
RFD-005177,ORD-0068138,2026-06-18,2026-04-08,T-01,STEAM,P-017877,platform_policy,10.1427,2.5357,7.607
RFD-005178,ORD-0068156,2026-04-22,2026-04-08,T-03,PSN,P-035256,platform_policy,10.2741,3.0822,7.1919
RFD-005179,ORD-0068178,2026-04-25,2026-04-08,T-05,STEAM,P-041108,partial_goodwill,22.1469,5.5367,16.6102
RFD-005180,ORD-0068189,2026-04-10,2026-04-08,T-01,PSN,P-044438,player_request,55.9918,16.7976,39.1943
RFD-005181,ORD-0068200,2026-04-17,2026-04-08,T-05,STEAM,P-017586,accidental_purchase,9.6704,2.4176,7.2528
RFD-005182,ORD-0068215,2026-04-14,2026-04-09,T-05,STEAM,P-019957,player_request,39.3004,9.8251,29.4753
RFD-005183,ORD-0068228,2026-04-26,2026-04-09,T-01,PSN,P-035914,price_adjustment,8.9078,2.6723,6.2355
RFD-005184,ORD-0068247,2026-04-23,2026-04-09,T-04,EPIC,P-025145,accidental_purchase,40.7361,4.8883,35.8478
RFD-005185,ORD-0068308,2026-04-17,2026-04-09,T-03,STEAM,P-028435,partial_goodwill,6.2485,1.5621,4.6864
RFD-005186,ORD-0068309,2026-04-26,2026-04-09,T-02,STEAM,P-016217,partial_goodwill,6.5004,1.6251,4.8753
RFD-005187,ORD-0068320,2026-05-12,2026-04-09,T-02,STEAM,P-017120,accidental_purchase,9.4622,2.3655,7.0966
RFD-005188,ORD-0068333,2026-04-12,2026-04-09,T-05,XBOX,P-004979,price_adjustment,6.8915,0.827,6.0645
RFD-005189,ORD-0068346,2026-04-23,2026-04-09,T-04,STEAM,P-025913,player_request,9.165,2.2912,6.8737
RFD-005190,ORD-0068376,2026-04-26,2026-04-09,T-01,XBOX,P-034381,price_adjustment,9.1812,1.1017,8.0795
RFD-005191,ORD-0068391,2026-04-18,2026-04-10,T-03,PSN,P-026795,partial_goodwill,1.3057,0.3917,0.914
RFD-005192,ORD-0068397,2026-05-01,2026-04-10,T-02,STEAM,P-026845,player_request,16.7193,4.1798,12.5395
RFD-005193,ORD-0068400,2026-04-13,2026-04-10,T-01,PSN,P-040304,partial_goodwill,15.0095,4.5029,10.5067
RFD-005194,ORD-0068414,2026-05-20,2026-04-10,T-03,EPIC,P-033346,price_adjustment,13.8274,1.6593,12.1681
RFD-005195,ORD-0068428,2026-05-13,2026-04-10,T-05,PSN,P-007372,platform_policy,48.1435,14.4431,33.7005
RFD-005196,ORD-0068437,2026-04-18,2026-04-10,T-01,PSN,P-009650,partial_goodwill,34.0276,10.2083,23.8193
RFD-005197,ORD-0068441,2026-04-13,2026-04-10,T-01,STEAM,P-036165,price_adjustment,15.4926,3.8731,11.6194
RFD-005198,ORD-0068466,2026-04-18,2026-04-10,T-01,STEAM,P-025896,partial_goodwill,15.1156,3.7789,11.3367
RFD-005199,ORD-0068484,2026-04-18,2026-04-10,T-01,NSW,P-006866,partial_goodwill,1.5483,0.4645,1.0838
RFD-005200,ORD-0068493,2026-04-27,2026-04-10,T-05,PSN,P-016190,price_adjustment,13.0868,3.926,9.1607
RFD-005201,ORD-0068497,2026-05-20,2026-04-10,T-05,XBOX,P-029144,partial_goodwill,13.0868,1.5704,11.5163
RFD-005202,ORD-0068505,2026-04-27,2026-04-10,T-05,STEAM,P-018200,partial_goodwill,17.944,4.486,13.458
RFD-005203,ORD-0068512,2026-05-20,2026-04-10,T-04,EPIC,P-009187,price_adjustment,9.923,1.1908,8.7323
RFD-005204,ORD-0068513,2026-04-27,2026-04-10,T-01,STEAM,P-009572,partial_goodwill,24.008,6.002,18.006
RFD-005205,ORD-0068519,2026-06-20,2026-04-10,T-01,STEAM,P-043815,platform_policy,55.4405,13.8601,41.5803
RFD-005206,ORD-0068520,2026-04-24,2026-04-10,T-01,NSW,P-008558,accidental_purchase,50.4086,15.1226,35.286
RFD-005207,ORD-0068556,2026-05-09,2026-04-10,T-02,EPIC,P-027387,partial_goodwill,2.8323,0.3399,2.4924
RFD-005208,ORD-0068559,2026-04-18,2026-04-10,T-01,STEAM,P-001851,price_adjustment,13.9805,3.4951,10.4854
RFD-005209,ORD-0068563,2026-05-20,2026-04-10,T-04,STEAM,P-003176,price_adjustment,11.5702,2.8925,8.6776
RFD-005210,ORD-0068564,2026-04-18,2026-04-10,T-04,XBOX,P-013428,price_adjustment,2.3025,0.2763,2.0262
RFD-005211,ORD-0068576,2026-05-10,2026-04-11,T-02,PSN,P-020435,partial_goodwill,11.6722,3.5017,8.1706
RFD-005212,ORD-0068596,2026-04-25,2026-04-11,T-01,PSN,P-041765,player_request,50.4086,15.1226,35.286
RFD-005213,ORD-0068623,2026-05-02,2026-04-11,T-01,NSW,P-018171,accidental_purchase,22.6784,6.8035,15.8749
RFD-005214,ORD-0068625,2026-05-10,2026-04-11,T-02,NSW,P-012984,partial_goodwill,16.2103,4.8631,11.3472
RFD-005215,ORD-0068638,2026-04-28,2026-04-11,T-02,STEAM,P-033688,price_adjustment,3.234,0.8085,2.4255
RFD-005216,ORD-0068651,2026-04-20,2026-04-11,T-03,XBOX,P-023943,platform_policy,9.206,1.1047,8.1013
RFD-005217,ORD-0068657,2026-04-25,2026-04-11,T-05,STEAM,P-027178,player_request,39.662,9.9155,29.7465
RFD-005218,ORD-0068677,2026-04-13,2026-04-11,T-04,STEAM,P-011449,player_request,30.0704,7.5176,22.5528
RFD-005219,ORD-0068682,2026-05-29,2026-04-11,T-01,PSN,P-028464,platform_policy,62.3442,18.7033,43.6409
RFD-005220,ORD-0068713,2026-04-13,2026-04-11,T-01,STEAM,P-013618,accidental_purchase,10.0737,2.5184,7.5553
RFD-005221,ORD-0068769,2026-05-11,2026-04-12,T-04,XBOX,P-036313,partial_goodwill,6.7794,0.8135,5.9659
RFD-005222,ORD-0068771,2026-04-15,2026-04-12,T-01,XBOX,P-023741,partial_goodwill,18.2994,2.1959,16.1034
RFD-005223,ORD-0068800,2026-04-26,2026-04-12,T-02,XBOX,P-029705,player_request,29.4578,3.5349,25.9228
RFD-005224,ORD-0068831,2026-04-26,2026-04-12,T-03,STEAM,P-013970,player_request,35.1022,8.7756,26.3267
RFD-005225,ORD-0068834,2026-05-03,2026-04-12,T-03,STEAM,P-005724,platform_policy,9.9532,2.4883,7.4649
RFD-005226,ORD-0068840,2026-04-29,2026-04-12,T-03,STEAM,P-009217,price_adjustment,3.4835,0.8709,2.6126
RFD-005227,ORD-0068897,2026-04-20,2026-04-12,T-03,STEAM,P-020130,price_adjustment,13.6887,3.4222,10.2665
RFD-005228,ORD-0068906,2026-04-29,2026-04-12,T-05,NSW,P-035532,partial_goodwill,3.3714,1.0114,2.36
RFD-005229,ORD-0068912,2026-05-11,2026-04-12,T-02,XBOX,P-030578,partial_goodwill,8.1052,0.9726,7.1325
RFD-005230,ORD-0068915,2026-04-21,2026-04-12,T-05,PSN,P-043344,player_request,39.5502,11.8651,27.6851
RFD-005231,ORD-0068930,2026-04-20,2026-04-12,T-01,EPIC,P-027468,price_adjustment,25.1993,3.0239,22.1754
RFD-005232,ORD-0068956,2026-05-11,2026-04-12,T-05,PSN,P-040854,partial_goodwill,12.3563,3.7069,8.6494
RFD-005233,ORD-0068957,2026-04-29,2026-04-12,T-01,STEAM,P-042688,partial_goodwill,1.6572,0.4143,1.2429
RFD-005234,ORD-0068963,2026-05-30,2026-04-12,T-04,PSN,P-037800,player_request,20.5202,6.1561,14.3642
RFD-005235,ORD-0068974,2026-04-26,2026-04-12,T-01,XBOX,P-012936,accidental_purchase,20.1474,2.4177,17.7297
RFD-005236,ORD-0068992,2026-06-22,2026-04-12,T-02,STEAM,P-007028,accidental_purchase,8.3596,2.0899,6.2697
RFD-005237,ORD-0069036,2026-04-30,2026-04-13,T-05,PSN,P-015093,partial_goodwill,4.9092,1.4728,3.4364
RFD-005238,ORD-0069051,2026-04-30,2026-04-13,T-01,XBOX,P-001680,partial_goodwill,5.1381,0.6166,4.5215
RFD-005239,ORD-0069060,2026-04-21,2026-04-13,T-05,XBOX,P-010316,partial_goodwill,12.0913,1.451,10.6403
RFD-005240,ORD-0069064,2026-05-31,2026-04-13,T-03,STEAM,P-033522,platform_policy,28.4594,7.1148,21.3445
RFD-005241,ORD-0069068,2026-05-23,2026-04-13,T-01,STEAM,P-006917,partial_goodwill,9.4101,2.3525,7.0576
RFD-005242,ORD-0069070,2026-04-27,2026-04-13,T-01,XBOX,P-002455,accidental_purchase,17.7069,2.1248,15.5821
RFD-005243,ORD-0069080,2026-04-16,2026-04-13,T-05,PSN,P-039620,partial_goodwill,2.4892,0.7468,1.7425
RFD-005244,ORD-0069081,2026-05-12,2026-04-13,T-05,STEAM,P-005858,price_adjustment,25.5407,6.3852,19.1555
RFD-005245,ORD-0069086,2026-04-16,2026-04-13,T-02,PSN,P-020317,partial_goodwill,3.2761,0.9828,2.2933
RFD-005246,ORD-0069098,2026-04-16,2026-04-13,T-02,STEAM,P-025243,partial_goodwill,4.7893,1.1973,3.592
RFD-005247,ORD-0069117,2026-05-16,2026-04-13,T-01,STEAM,P-038244,player_request,9.4002,2.35,7.0501
RFD-005248,ORD-0069131,2026-05-16,2026-04-13,T-04,PSN,P-033578,platform_policy,10.5312,3.1594,7.3718
RFD-005249,ORD-0069144,2026-05-23,2026-04-13,T-03,STEAM,P-031650,partial_goodwill,5.0013,1.2503,3.751
RFD-005250,ORD-0069152,2026-04-16,2026-04-13,T-04,STEAM,P-025902,partial_goodwill,5.2808,1.3202,3.9606
RFD-005251,ORD-0069158,2026-05-12,2026-04-13,T-01,PSN,P-044004,price_adjustment,12.6478,3.7943,8.8534
RFD-005252,ORD-0069160,2026-05-12,2026-04-13,T-01,XBOX,P-044159,price_adjustment,25.2855,3.0343,22.2512
RFD-005253,ORD-0069171,2026-05-23,2026-04-13,T-01,STEAM,P-037099,partial_goodwill,12.9551,3.2388,9.7163
RFD-005254,ORD-0069174,2026-05-23,2026-04-13,T-02,STEAM,P-009258,price_adjustment,4.7941,1.1985,3.5956
RFD-005255,ORD-0069217,2026-05-24,2026-04-14,T-01,STEAM,P-040456,partial_goodwill,25.2418,6.3105,18.9314
RFD-005256,ORD-0069244,2026-05-13,2026-04-14,T-04,XBOX,P-009090,partial_goodwill,4.8094,0.5771,4.2323
RFD-005257,ORD-0069262,2026-05-24,2026-04-14,T-05,STEAM,P-029241,price_adjustment,9.9297,2.4824,7.4473
RFD-005258,ORD-0069278,2026-06-24,2026-04-14,T-05,STEAM,P-022192,platform_policy,39.3004,9.8251,29.4753
RFD-005259,ORD-0069286,2026-04-17,2026-04-14,T-01,STEAM,P-038440,price_adjustment,8.8432,2.2108,6.6324
RFD-005260,ORD-0069287,2026-04-17,2026-04-14,T-01,STEAM,P-020871,price_adjustment,16.3986,4.0997,12.299
RFD-005261,ORD-0069344,2026-05-25,2026-04-15,T-01,PSN,P-040895,price_adjustment,4.1023,1.2307,2.8716
RFD-005262,ORD-0069350,2026-04-18,2026-04-15,T-01,STEAM,P-033076,partial_goodwill,6.6027,1.6507,4.952
RFD-005263,ORD-0069377,2026-05-02,2026-04-15,T-04,XBOX,P-008238,price_adjustment,2.6161,0.3139,2.3022
RFD-005264,ORD-0069378,2026-05-06,2026-04-15,T-01,EPIC,P-015097,platform_policy,9.3639,1.1237,8.2402
RFD-005265,ORD-0069393,2026-05-18,2026-04-15,T-05,PSN,P-005797,accidental_purchase,49.1183,14.7355,34.3828
RFD-005266,ORD-0069397,2026-04-23,2026-04-15,T-01,PSN,P-039279,partial_goodwill,22.2343,6.6703,15.564
RFD-005267,ORD-0069399,2026-05-14,2026-04-15,T-01,STEAM,P-034527,partial_goodwill,1.1692,0.2923,0.8769
RFD-005268,ORD-0069414,2026-06-25,2026-04-15,T-01,STEAM,P-003260,player_request,60.5454,15.1364,45.4091
RFD-005269,ORD-0069422,2026-06-02,2026-04-15,T-01,STEAM,P-002512,player_request,50.4696,12.6174,37.8522
RFD-005270,ORD-0069426,2026-05-02,2026-04-15,T-03,PSN,P-000595,partial_goodwill,6.9706,2.0912,4.8794
RFD-005271,ORD-0069430,2026-04-29,2026-04-15,T-04,XBOX,P-034732,platform_policy,39.8958,4.7875,35.1083
RFD-005272,ORD-0069445,2026-04-20,2026-04-15,T-05,PSN,P-016391,platform_policy,9.925,2.9775,6.9475
RFD-005273,ORD-0069471,2026-04-24,2026-04-16,T-04,PSN,P-034863,partial_goodwill,4.4509,1.3353,3.1156
RFD-005274,ORD-0069493,2026-04-30,2026-04-16,T-05,STEAM,P-012740,player_request,39.8322,9.9581,29.8742
RFD-005275,ORD-0069512,2026-06-26,2026-04-16,T-03,STEAM,P-012900,player_request,13.8274,3.4569,10.3706
RFD-005276,ORD-0069530,2026-04-19,2026-04-16,T-02,PSN,P-027853,partial_goodwill,5.699,1.7097,3.9893
RFD-005277,ORD-0069551,2026-05-03,2026-04-16,T-01,XBOX,P-028463,price_adjustment,8.2189,0.9863,7.2327
RFD-005278,ORD-0069553,2026-06-03,2026-04-16,T-03,PSN,P-002101,platform_policy,25.2469,7.5741,17.6728
RFD-005279,ORD-0069577,2026-04-24,2026-04-16,T-05,PSN,P-043459,price_adjustment,16.4312,4.9294,11.5018
RFD-005280,ORD-0069588,2026-06-26,2026-04-16,T-04,XBOX,P-023856,accidental_purchase,27.3559,3.2827,24.0732
RFD-005281,ORD-0069592,2026-04-18,2026-04-16,T-02,XBOX,P-008661,platform_policy,47.5269,5.7032,41.8237
RFD-005282,ORD-0069596,2026-04-24,2026-04-16,T-03,PSN,P-027375,partial_goodwill,6.1613,1.8484,4.3129
RFD-005283,ORD-0069599,2026-04-30,2026-04-16,T-02,PSN,P-017420,platform_policy,38.0076,11.4023,26.6054
RFD-005284,ORD-0069605,2026-05-20,2026-04-17,T-02,PSN,P-041485,accidental_purchase,24.6047,7.3814,17.2233
RFD-005285,ORD-0069631,2026-05-20,2026-04-17,T-01,STEAM,P-028924,player_request,50.71,12.6775,38.0325
RFD-005286,ORD-0069639,2026-05-20,2026-04-17,T-01,PSN,P-016861,platform_policy,48.9077,14.6723,34.2354
RFD-005287,ORD-0069646,2026-05-04,2026-04-17,T-02,XBOX,P-001016,price_adjustment,5.9491,0.7139,5.2352
RFD-005288,ORD-0069673,2026-04-25,2026-04-17,T-01,XBOX,P-015220,price_adjustment,13.943,1.6732,12.2698
RFD-005289,ORD-0069685,2026-04-20,2026-04-17,T-01,XBOX,P-026232,price_adjustment,3.3443,0.4013,2.943
RFD-005290,ORD-0069696,2026-05-04,2026-04-17,T-05,NSW,P-004736,partial_goodwill,14.5882,4.3765,10.2117
RFD-005291,ORD-0069707,2026-06-04,2026-04-17,T-04,STEAM,P-043309,accidental_purchase,50.2324,12.5581,37.6743
RFD-005292,ORD-0069715,2026-04-20,2026-04-17,T-03,NSW,P-005052,price_adjustment,7.6043,2.2813,5.323
RFD-005293,ORD-0069722,2026-06-27,2026-04-17,T-01,PSN,P-029167,player_request,44.4685,13.3406,31.128
RFD-005294,ORD-0069734,2026-04-25,2026-04-17,T-03,STEAM,P-013877,price_adjustment,3.0414,0.7603,2.281
RFD-005295,ORD-0069751,2026-04-20,2026-04-17,T-04,STEAM,P-040774,price_adjustment,1.1119,0.278,0.8339
RFD-005296,ORD-0069754,2026-05-20,2026-04-17,T-03,STEAM,P-011855,platform_policy,20.288,5.072,15.216
RFD-005297,ORD-0069755,2026-05-01,2026-04-17,T-04,XBOX,P-008174,player_request,64.9734,7.7968,57.1766
RFD-005298,ORD-0069810,2026-05-27,2026-04-17,T-01,STEAM,P-000984,price_adjustment,19.6515,4.9129,14.7386
RFD-005299,ORD-0069855,2026-05-08,2026-04-17,T-05,STEAM,P-033076,accidental_purchase,28.4808,7.1202,21.3606
RFD-005300,ORD-0069857,2026-05-16,2026-04-17,T-02,PSN,P-036902,partial_goodwill,2.3701,0.711,1.659
RFD-005301,ORD-0069888,2026-04-20,2026-04-17,T-01,STEAM,P-025427,partial_goodwill,12.68,3.17,9.51
RFD-005302,ORD-0069895,2026-05-05,2026-04-18,T-01,XBOX,P-004000,partial_goodwill,12.68,1.5216,11.1584
RFD-005303,ORD-0069909,2026-05-28,2026-04-18,T-02,STEAM,P-001558,price_adjustment,2.3308,0.5827,1.7481
RFD-005304,ORD-0069947,2026-05-28,2026-04-18,T-04,STEAM,P-028689,partial_goodwill,3.8493,0.9623,2.887
RFD-005305,ORD-0069958,2026-04-21,2026-04-18,T-03,STEAM,P-004576,partial_goodwill,1.1801,0.295,0.8851
RFD-005306,ORD-0069966,2026-05-09,2026-04-18,T-01,XBOX,P-037390,platform_policy,55.7719,6.6926,49.0793
RFD-005307,ORD-0069969,2026-05-17,2026-04-18,T-01,NSW,P-036371,price_adjustment,13.3392,4.0018,9.3375
RFD-005308,ORD-0069976,2026-04-27,2026-04-18,T-04,STEAM,P-039958,player_request,9.2125,2.3031,6.9094
RFD-005309,ORD-0069982,2026-04-26,2026-04-18,T-01,STEAM,P-043113,partial_goodwill,25.35,6.3375,19.0125
RFD-005310,ORD-0070001,2026-05-28,2026-04-18,T-02,STEAM,P-017220,partial_goodwill,4.9306,1.2326,3.6979
RFD-005311,ORD-0070017,2026-05-17,2026-04-18,T-01,EPIC,P-033060,price_adjustment,7.7832,0.934,6.8492
RFD-005312,ORD-0070027,2026-04-21,2026-04-18,T-01,STEAM,P-021096,price_adjustment,8.8495,2.2124,6.6371
RFD-005313,ORD-0070030,2026-04-23,2026-04-18,T-01,STEAM,P-032786,accidental_purchase,50.71,12.6775,38.0325
RFD-005314,ORD-0070033,2026-05-05,2026-04-18,T-03,XBOX,P-000959,partial_goodwill,6.9137,0.8296,6.0841
RFD-005315,ORD-0070054,2026-05-02,2026-04-18,T-01,PSN,P-016300,platform_policy,50.71,15.213,35.497
RFD-005316,ORD-0070063,2026-04-26,2026-04-18,T-02,STEAM,P-038266,price_adjustment,8.1536,2.0384,6.1152
RFD-005317,ORD-0070071,2026-04-26,2026-04-18,T-01,PSN,P-037405,price_adjustment,4.6806,1.4042,3.2764
RFD-005318,ORD-0070082,2026-04-27,2026-04-18,T-01,STEAM,P-032675,player_request,24.4547,6.1137,18.341
RFD-005319,ORD-0070099,2026-04-21,2026-04-18,T-03,NSW,P-002309,price_adjustment,5.1326,1.5398,3.5928
RFD-005320,ORD-0070102,2026-04-21,2026-04-18,T-04,NSW,P-001666,price_adjustment,11.5131,3.4539,8.0592
RFD-005321,ORD-0070132,2026-05-03,2026-04-19,T-02,XBOX,P-009190,player_request,23.3461,2.8015,20.5446
RFD-005322,ORD-0070188,2026-05-03,2026-04-19,T-01,STEAM,P-023454,platform_policy,15.568,3.892,11.676
RFD-005323,ORD-0070199,2026-04-27,2026-04-19,T-03,NSW,P-009485,partial_goodwill,5.0013,1.5004,3.5009
RFD-005324,ORD-0070204,2026-04-22,2026-04-19,T-02,STEAM,P-005040,price_adjustment,5.94,1.485,4.455
RFD-005325,ORD-0070207,2026-04-27,2026-04-19,T-03,STEAM,P-013738,partial_goodwill,7.507,1.8767,5.6302
RFD-005326,ORD-0070225,2026-04-21,2026-04-19,T-01,XBOX,P-043650,player_request,46.9054,5.6287,41.2768
RFD-005327,ORD-0070241,2026-05-06,2026-04-19,T-03,XBOX,P-034401,price_adjustment,4.9609,0.5953,4.3656
RFD-005328,ORD-0070245,2026-04-24,2026-04-19,T-01,STEAM,P-042665,player_request,50.71,12.6775,38.0325
RFD-005329,ORD-0070290,2026-05-07,2026-04-20,T-03,XBOX,P-009133,partial_goodwill,5.0409,0.6049,4.436
RFD-005330,ORD-0070293,2026-05-11,2026-04-20,T-02,XBOX,P-024585,platform_policy,4.7243,0.5669,4.1574
RFD-005331,ORD-0070307,2026-06-07,2026-04-20,T-04,PSN,P-020220,platform_policy,15.6177,4.6853,10.9324
RFD-005332,ORD-0070308,2026-05-11,2026-04-20,T-01,STEAM,P-015140,platform_policy,9.3374,2.3343,7.003
RFD-005333,ORD-0070333,2026-05-07,2026-04-20,T-04,STEAM,P-025063,partial_goodwill,3.0366,0.7592,2.2775
RFD-005334,ORD-0070335,2026-05-30,2026-04-20,T-01,PSN,P-019072,partial_goodwill,1.2544,0.3763,0.8781
RFD-005335,ORD-0070336,2026-04-23,2026-04-20,T-01,EPIC,P-003462,price_adjustment,2.5255,0.3031,2.2224
RFD-005336,ORD-0070338,2026-05-04,2026-04-20,T-02,XBOX,P-040382,player_request,23.3461,2.8015,20.5446
RFD-005337,ORD-0070370,2026-04-25,2026-04-20,T-01,EPIC,P-034288,platform_policy,4.4392,0.5327,3.9065
RFD-005338,ORD-0070379,2026-04-28,2026-04-20,T-02,STEAM,P-044419,partial_goodwill,1.6256,0.4064,1.2192
RFD-005339,ORD-0070392,2026-04-29,2026-04-20,T-05,STEAM,P-033609,player_request,40.4105,10.1026,30.3079
RFD-005340,ORD-0070403,2026-05-11,2026-04-20,T-01,STEAM,P-028654,platform_policy,20.0072,5.0018,15.0054
RFD-005341,ORD-0070405,2026-06-07,2026-04-20,T-02,XBOX,P-043348,player_request,24.6993,2.9639,21.7354
RFD-005342,ORD-0070418,2026-05-30,2026-04-20,T-01,NSW,P-027590,price_adjustment,10.2744,3.0823,7.1921
RFD-005343,ORD-0070431,2026-04-28,2026-04-20,T-01,STEAM,P-015845,price_adjustment,4.5724,1.1431,3.4293
RFD-005344,ORD-0070438,2026-04-24,2026-04-21,T-05,PSN,P-043161,price_adjustment,25.1603,7.5481,17.6122
RFD-005345,ORD-0070447,2026-05-20,2026-04-21,T-04,EPIC,P-027957,partial_goodwill,2.3391,0.2807,2.0584
RFD-005346,ORD-0070476,2026-04-24,2026-04-21,T-01,STEAM,P-038040,price_adjustment,2.9327,0.7332,2.1995
RFD-005347,ORD-0070523,2026-05-08,2026-04-21,T-05,PSN,P-020716,partial_goodwill,12.3621,3.7086,8.6534
RFD-005348,ORD-0070527,2026-04-24,2026-04-21,T-01,STEAM,P-042413,price_adjustment,18.4521,4.613,13.8391
RFD-005349,ORD-0070530,2026-05-08,2026-04-21,T-05,XBOX,P-021186,partial_goodwill,10.0966,1.2116,8.885
RFD-005350,ORD-0070537,2026-04-29,2026-04-21,T-05,PSN,P-024576,partial_goodwill,20.2059,6.0618,14.1441
RFD-005351,ORD-0070548,2026-04-30,2026-04-21,T-03,NSW,P-038937,platform_policy,9.2144,2.7643,6.4501
RFD-005352,ORD-0070551,2026-05-08,2026-04-21,T-02,PSN,P-037506,price_adjustment,9.2767,2.783,6.4937
RFD-005353,ORD-0070580,2026-05-12,2026-04-21,T-01,STEAM,P-022496,accidental_purchase,46.9659,11.7415,35.2244
RFD-005354,ORD-0070582,2026-05-05,2026-04-21,T-01,XBOX,P-014789,accidental_purchase,46.9659,5.6359,41.33
RFD-005355,ORD-0070586,2026-04-30,2026-04-22,T-01,STEAM,P-022568,partial_goodwill,4.4373,1.1093,3.328
RFD-005356,ORD-0070592,2026-05-13,2026-04-22,T-02,XBOX,P-012157,player_request,19.7405,2.3689,17.3716
RFD-005357,ORD-0070594,2026-05-09,2026-04-22,T-01,STEAM,P-008566,price_adjustment,2.2204,0.5551,1.6653
RFD-005358,ORD-0070596,2026-05-01,2026-04-22,T-01,STEAM,P-033853,platform_policy,68.5182,17.1296,51.3887
RFD-005359,ORD-0070601,2026-06-09,2026-04-22,T-01,XBOX,P-019796,accidental_purchase,53.3552,6.4026,46.9526
RFD-005360,ORD-0070602,2026-07-02,2026-04-22,T-04,STEAM,P-010949,accidental_purchase,32.2726,8.0682,24.2045
RFD-005361,ORD-0070612,2026-05-09,2026-04-22,T-04,STEAM,P-011498,price_adjustment,15.1313,3.7828,11.3485
RFD-005362,ORD-0070615,2026-05-21,2026-04-22,T-03,STEAM,P-044888,price_adjustment,2.6205,0.6551,1.9654
RFD-005363,ORD-0070637,2026-06-09,2026-04-22,T-02,PSN,P-036822,player_request,9.8753,2.9626,6.9127
RFD-005364,ORD-0070660,2026-05-01,2026-04-22,T-02,STEAM,P-036117,accidental_purchase,9.8654,2.4663,7.399
RFD-005365,ORD-0070684,2026-05-21,2026-04-22,T-02,EPIC,P-015789,partial_goodwill,2.4663,0.296,2.1704
RFD-005366,ORD-0070698,2026-04-30,2026-04-22,T-01,XBOX,P-003421,partial_goodwill,9.3781,1.1254,8.2527
RFD-005367,ORD-0070700,2026-05-06,2026-04-22,T-01,PSN,P-012180,player_request,10.1223,3.0367,7.0856
RFD-005368,ORD-0070709,2026-07-02,2026-04-22,T-05,PSN,P-027203,accidental_purchase,38.0772,11.4232,26.6541
RFD-005369,ORD-0070717,2026-06-09,2026-04-22,T-04,XBOX,P-026117,accidental_purchase,30.2627,3.6315,26.6312
RFD-005370,ORD-0070764,2026-05-14,2026-04-23,T-01,XBOX,P-000484,player_request,68.723,8.2468,60.4762
RFD-005371,ORD-0070766,2026-05-01,2026-04-23,T-02,NSW,P-035137,price_adjustment,8.1847,2.4554,5.7293
RFD-005372,ORD-0070773,2026-05-01,2026-04-23,T-04,STEAM,P-012355,partial_goodwill,2.2598,0.5649,1.6948
RFD-005373,ORD-0070790,2026-04-26,2026-04-23,T-01,STEAM,P-028599,price_adjustment,13.9961,3.499,10.4971
RFD-005374,ORD-0070793,2026-05-10,2026-04-23,T-02,EPIC,P-018813,partial_goodwill,2.8601,0.3432,2.5169
RFD-005375,ORD-0070805,2026-05-01,2026-04-23,T-03,EPIC,P-000983,price_adjustment,7.0086,0.841,6.1676
RFD-005376,ORD-0070816,2026-05-02,2026-04-23,T-02,STEAM,P-039661,player_request,55.5564,13.8891,41.6673
RFD-005377,ORD-0070821,2026-05-10,2026-04-23,T-01,STEAM,P-031270,partial_goodwill,8.9149,2.2287,6.6862
RFD-005378,ORD-0070823,2026-06-02,2026-04-23,T-03,STEAM,P-043529,partial_goodwill,3.4577,0.8644,2.5933
RFD-005379,ORD-0070862,2026-06-02,2026-04-23,T-01,XBOX,P-030008,partial_goodwill,8.9149,1.0698,7.8451
RFD-005380,ORD-0070870,2026-04-26,2026-04-23,T-02,STEAM,P-031283,partial_goodwill,4.3408,1.0852,3.2556
RFD-005381,ORD-0070890,2026-05-22,2026-04-23,T-02,STEAM,P-036967,partial_goodwill,18.3186,4.5796,13.7389
RFD-005382,ORD-0070911,2026-05-02,2026-04-24,T-02,XBOX,P-010336,partial_goodwill,4.5114,0.5414,3.97
RFD-005383,ORD-0070920,2026-05-15,2026-04-24,T-03,STEAM,P-007690,accidental_purchase,20.1386,5.0346,15.1039
RFD-005384,ORD-0070921,2026-05-11,2026-04-24,T-01,PSN,P-003034,price_adjustment,22.2343,6.6703,15.564
RFD-005385,ORD-0070930,2026-05-03,2026-04-24,T-04,XBOX,P-008204,accidental_purchase,69.5483,8.3458,61.2025
RFD-005386,ORD-0070979,2026-05-23,2026-04-24,T-01,STEAM,P-008701,price_adjustment,15.6039,3.901,11.703
RFD-005387,ORD-0070985,2026-05-03,2026-04-24,T-02,STEAM,P-035334,accidental_purchase,8.2799,2.07,6.2099
RFD-005388,ORD-0070990,2026-06-03,2026-04-24,T-01,STEAM,P-018156,partial_goodwill,20.1894,5.0473,15.142
RFD-005389,ORD-0071007,2026-04-29,2026-04-24,T-01,STEAM,P-006197,platform_policy,9.4463,2.3616,7.0848
RFD-005390,ORD-0071016,2026-04-26,2026-04-24,T-01,PSN,P-010364,player_request,10.065,3.0195,7.0455
RFD-005391,ORD-0071017,2026-06-03,2026-04-24,T-02,NSW,P-008970,price_adjustment,5.837,1.7511,4.0859
RFD-005392,ORD-0071023,2026-04-27,2026-04-24,T-04,STEAM,P-020739,price_adjustment,15.2106,3.8027,11.408
RFD-005393,ORD-0071024,2026-04-26,2026-04-24,T-04,STEAM,P-026306,player_request,30.4212,7.6053,22.8159
RFD-005394,ORD-0071025,2026-06-03,2026-04-24,T-03,STEAM,P-006754,partial_goodwill,1.5694,0.3923,1.177
RFD-005395,ORD-0071028,2026-05-27,2026-04-24,T-04,NSW,P-015699,accidental_purchase,60.8425,18.2527,42.5897
RFD-005396,ORD-0071029,2026-05-02,2026-04-24,T-03,PSN,P-011132,partial_goodwill,1.2105,0.3632,0.8474
RFD-005397,ORD-0071059,2026-07-04,2026-04-24,T-04,STEAM,P-013652,player_request,30.4212,7.6053,22.8159
RFD-005398,ORD-0071060,2026-05-02,2026-04-24,T-02,XBOX,P-012555,partial_goodwill,4.3488,0.5219,3.8269
RFD-005399,ORD-0071074,2026-05-02,2026-04-24,T-04,STEAM,P-044858,partial_goodwill,13.1177,3.2794,9.8383
RFD-005400,ORD-0071079,2026-04-29,2026-04-24,T-03,EPIC,P-036713,accidental_purchase,15.109,1.8131,13.2959
RFD-005401,ORD-0071091,2026-06-03,2026-04-24,T-04,STEAM,P-031905,partial_goodwill,13.3626,3.3407,10.022
RFD-005402,ORD-0071094,2026-05-02,2026-04-24,T-04,STEAM,P-018291,price_adjustment,10.0388,2.5097,7.5291
RFD-005403,ORD-0071098,2026-05-23,2026-04-24,T-02,XBOX,P-000115,price_adjustment,4.088,0.4906,3.5975
RFD-005404,ORD-0071100,2026-05-02,2026-04-24,T-02,STEAM,P-032664,partial_goodwill,8.1997,2.0499,6.1498
RFD-005405,ORD-0071135,2026-05-12,2026-04-25,T-02,XBOX,P-020081,partial_goodwill,2.7689,0.3323,2.4367
RFD-005406,ORD-0071144,2026-05-03,2026-04-25,T-01,XBOX,P-023175,price_adjustment,1.6605,0.1993,1.4612
RFD-005407,ORD-0071149,2026-05-03,2026-04-25,T-01,STEAM,P-044082,price_adjustment,5.1443,1.2861,3.8582
RFD-005408,ORD-0071170,2026-05-12,2026-04-25,T-05,STEAM,P-012112,partial_goodwill,2.4995,0.6249,1.8747
RFD-005409,ORD-0071248,2026-04-28,2026-04-25,T-05,STEAM,P-010928,partial_goodwill,2.4512,0.6128,1.8384
RFD-005410,ORD-0071306,2026-05-13,2026-04-26,T-01,PSN,P-025421,price_adjustment,25.4933,7.648,17.8453
RFD-005411,ORD-0071315,2026-05-17,2026-04-26,T-04,STEAM,P-044636,platform_policy,4.4475,1.1119,3.3356
RFD-005412,ORD-0071327,2026-06-05,2026-04-26,T-03,PSN,P-041537,partial_goodwill,9.6363,2.8909,6.7454
RFD-005413,ORD-0071331,2026-05-29,2026-04-26,T-02,PSN,P-035854,accidental_purchase,32.6792,9.8038,22.8755
RFD-005414,ORD-0071343,2026-04-29,2026-04-26,T-03,PSN,P-019771,price_adjustment,7.5494,2.2648,5.2846
RFD-005415,ORD-0071355,2026-05-17,2026-04-26,T-04,STEAM,P-015846,accidental_purchase,27.8692,6.9673,20.9019
RFD-005416,ORD-0071376,2026-05-13,2026-04-26,T-02,XBOX,P-018628,price_adjustment,2.3891,0.2867,2.1024
RFD-005417,ORD-0071383,2026-04-29,2026-04-26,T-01,STEAM,P-035288,price_adjustment,20.1894,5.0473,15.142
RFD-005418,ORD-0071384,2026-06-05,2026-04-26,T-05,NSW,P-021774,partial_goodwill,14.1616,4.2485,9.9131
RFD-005419,ORD-0071394,2026-06-05,2026-04-26,T-02,STEAM,P-032670,partial_goodwill,2.3891,0.5973,1.7918
RFD-005420,ORD-0071402,2026-05-01,2026-04-26,T-04,STEAM,P-003429,platform_policy,4.4475,1.1119,3.3356
RFD-005421,ORD-0071412,2026-05-29,2026-04-26,T-01,STEAM,P-013903,player_request,10.1912,2.5478,7.6434
RFD-005422,ORD-0071417,2026-05-29,2026-04-26,T-04,NSW,P-026724,accidental_purchase,9.7562,2.9269,6.8293
RFD-005423,ORD-0071422,2026-05-01,2026-04-26,T-02,STEAM,P-000301,accidental_purchase,9.927,2.4818,7.4453
RFD-005424,ORD-0071424,2026-06-13,2026-04-26,T-03,XBOX,P-006413,platform_policy,15.109,1.8131,13.2959
RFD-005425,ORD-0071434,2026-05-05,2026-04-26,T-01,STEAM,P-008752,player_request,50.4656,12.6164,37.8492
RFD-005426,ORD-0071439,2026-05-01,2026-04-26,T-01,EPIC,P-028086,player_request,8.8867,1.0664,7.8203
RFD-005427,ORD-0071451,2026-04-29,2026-04-26,T-02,STEAM,P-039820,price_adjustment,8.3767,2.0942,6.2826
RFD-005428,ORD-0071471,2026-04-28,2026-04-26,T-04,EPIC,P-042238,platform_policy,59.6238,7.1549,52.4689
RFD-005429,ORD-0071480,2026-05-10,2026-04-26,T-01,PSN,P-026525,accidental_purchase,44.4685,13.3406,31.128
RFD-005430,ORD-0071499,2026-06-05,2026-04-26,T-05,XBOX,P-016635,price_adjustment,6.9673,0.8361,6.1312
RFD-005431,ORD-0071516,2026-05-04,2026-04-26,T-02,NSW,P-020392,partial_goodwill,23.6908,7.1072,16.5836
RFD-005432,ORD-0071535,2026-07-07,2026-04-27,T-05,STEAM,P-027090,accidental_purchase,39.9943,9.9986,29.9957
RFD-005433,ORD-0071540,2026-05-14,2026-04-27,T-04,XBOX,P-025998,partial_goodwill,15.1612,1.8193,13.3418
RFD-005434,ORD-0071587,2026-05-11,2026-04-27,T-03,STEAM,P-023689,player_request,4.9986,1.2497,3.749
RFD-005435,ORD-0071629,2026-04-30,2026-04-27,T-05,STEAM,P-021577,partial_goodwill,26.2927,6.5732,19.7195
RFD-005436,ORD-0071651,2026-05-15,2026-04-28,T-02,STEAM,P-007066,price_adjustment,4.6918,1.1729,3.5188
RFD-005437,ORD-0071688,2026-05-03,2026-04-28,T-01,PSN,P-044803,accidental_purchase,50.5312,15.1594,35.3718
RFD-005438,ORD-0071698,2026-05-07,2026-04-28,T-02,XBOX,P-029627,platform_policy,14.3967,1.7276,12.6691
RFD-005439,ORD-0071707,2026-06-15,2026-04-28,T-02,STEAM,P-013286,platform_policy,9.6011,2.4003,7.2008
RFD-005440,ORD-0071712,2026-06-07,2026-04-28,T-01,STEAM,P-006592,partial_goodwill,2.5283,0.6321,1.8963
RFD-005441,ORD-0071740,2026-06-07,2026-04-28,T-04,STEAM,P-013964,partial_goodwill,2.6497,0.6624,1.9873
RFD-005442,ORD-0071748,2026-05-03,2026-04-28,T-01,STEAM,P-008053,platform_policy,101.518,25.3795,76.1385
RFD-005443,ORD-0071764,2026-05-19,2026-04-28,T-01,XBOX,P-018918,player_request,20.6523,2.4783,18.174
RFD-005444,ORD-0071767,2026-04-30,2026-04-28,T-05,EPIC,P-004172,platform_policy,15.1299,1.8156,13.3143
RFD-005445,ORD-0071782,2026-05-01,2026-04-28,T-03,STEAM,P-005706,price_adjustment,1.2541,0.3135,0.9405
RFD-005446,ORD-0071794,2026-05-01,2026-04-29,T-05,PSN,P-006075,accidental_purchase,49.9752,14.9926,34.9826
RFD-005447,ORD-0071834,2026-05-04,2026-04-29,T-03,XBOX,P-017371,accidental_purchase,14.3374,1.7205,12.6169
RFD-005448,ORD-0071836,2026-05-01,2026-04-29,T-03,XBOX,P-032074,player_request,25.1549,3.0186,22.1363
RFD-005449,ORD-0071844,2026-05-16,2026-04-29,T-01,STEAM,P-014919,partial_goodwill,12.7399,3.185,9.5549
RFD-005450,ORD-0071859,2026-06-16,2026-04-29,T-04,PSN,P-013527,platform_policy,32.6278,9.7884,22.8395
RFD-005451,ORD-0071874,2026-05-16,2026-04-29,T-03,NSW,P-024352,partial_goodwill,3.038,0.9114,2.1266
RFD-005452,ORD-0071898,2026-05-28,2026-04-29,T-03,EPIC,P-023782,partial_goodwill,3.038,0.3646,2.6735
RFD-005453,ORD-0071921,2026-05-16,2026-04-29,T-02,XBOX,P-005524,price_adjustment,16.2136,1.9456,14.268
RFD-005454,ORD-0071934,2026-05-13,2026-04-29,T-01,STEAM,P-013984,platform_policy,53.3552,13.3388,40.0164
RFD-005455,ORD-0071967,2026-05-28,2026-04-29,T-05,EPIC,P-028137,partial_goodwill,10.1302,1.2156,8.9145
RFD-005456,ORD-0071981,2026-05-02,2026-04-29,T-03,PSN,P-038536,price_adjustment,6.7534,2.026,4.7274
RFD-005457,ORD-0071982,2026-06-08,2026-04-29,T-02,NSW,P-016000,partial_goodwill,10.7844,3.2353,7.5491
RFD-005458,ORD-0071987,2026-05-17,2026-04-30,T-02,STEAM,P-008552,partial_goodwill,3.2626,0.8157,2.447
RFD-005459,ORD-0071995,2026-05-08,2026-04-30,T-04,PSN,P-005377,price_adjustment,4.9357,1.4807,3.455
RFD-005460,ORD-0072001,2026-05-03,2026-04-30,T-02,PSN,P-027987,price_adjustment,8.1769,2.4531,5.7238
RFD-005461,ORD-0072016,2026-05-29,2026-04-30,T-01,STEAM,P-032697,partial_goodwill,12.7162,3.179,9.5371
RFD-005462,ORD-0072025,2026-05-03,2026-04-30,T-03,EPIC,P-006809,price_adjustment,1.3172,0.1581,1.1591
RFD-005463,ORD-0072026,2026-05-08,2026-04-30,T-01,XBOX,P-036725,partial_goodwill,1.1843,0.1421,1.0422
RFD-005464,ORD-0072035,2026-05-17,2026-04-30,T-01,XBOX,P-009736,price_adjustment,15.2311,1.8277,13.4034
RFD-005465,ORD-0072050,2026-07-10,2026-04-30,T-01,XBOX,P-029736,accidental_purchase,68.9232,8.2708,60.6524
RFD-005466,ORD-0072055,2026-05-09,2026-04-30,T-01,PSN,P-043418,accidental_purchase,18.32,5.496,12.824
RFD-005467,ORD-0072096,2026-05-02,2026-04-30,T-02,NSW,P-030437,accidental_purchase,24.7737,7.4321,17.3416
RFD-005468,ORD-0072108,2026-05-03,2026-04-30,T-05,STEAM,P-005460,price_adjustment,9.9963,2.4991,7.4972
RFD-005469,ORD-0072110,2026-06-02,2026-04-30,T-01,NSW,P-011791,player_request,17.8026,5.3408,12.4619
RFD-005470,ORD-0072119,2026-05-03,2026-04-30,T-04,PSN,P-001314,price_adjustment,9.0204,2.7061,6.3143
RFD-005471,ORD-0072133,2026-06-09,2026-04-30,T-04,STEAM,P-037891,price_adjustment,4.6569,1.1642,3.4927
RFD-005472,ORD-0072143,2026-05-29,2026-04-30,T-05,EPIC,P-031994,partial_goodwill,11.9468,1.4336,10.5132
RFD-005473,ORD-0072152,2026-06-17,2026-04-30,T-05,XBOX,P-021989,player_request,40.0129,4.8015,35.2113
RFD-005474,ORD-0072165,2026-05-09,2026-05-01,T-01,STEAM,P-002080,partial_goodwill,28.5921,7.148,21.4441
RFD-005475,ORD-0072178,2026-05-04,2026-05-01,T-04,STEAM,P-032155,partial_goodwill,5.1153,1.2788,3.8365
RFD-005476,ORD-0072226,2026-05-18,2026-05-01,T-04,STEAM,P-044056,price_adjustment,2.6562,0.664,1.9921
RFD-005477,ORD-0072266,2026-05-09,2026-05-01,T-01,PSN,P-023161,partial_goodwill,20.1442,6.0433,14.101
RFD-005478,ORD-0072267,2026-05-04,2026-05-01,T-02,PSN,P-007875,partial_goodwill,19.6272,5.8882,13.739
RFD-005479,ORD-0072293,2026-05-22,2026-05-01,T-01,STEAM,P-022059,accidental_purchase,50.8827,12.7207,38.162
RFD-005480,ORD-0072324,2026-05-22,2026-05-01,T-02,PSN,P-015936,player_request,9.9048,2.9715,6.9334
RFD-005481,ORD-0072339,2026-05-30,2026-05-01,T-05,STEAM,P-022318,partial_goodwill,2.5041,0.626,1.8781
RFD-005482,ORD-0072369,2026-05-04,2026-05-01,T-02,STEAM,P-036284,partial_goodwill,3.1836,0.7959,2.3877
RFD-005483,ORD-0072373,2026-05-19,2026-05-02,T-01,PSN,P-044637,price_adjustment,5.0791,1.5237,3.5554
RFD-005484,ORD-0072380,2026-05-04,2026-05-02,T-04,XBOX,P-014531,player_request,9.9863,1.1984,8.788
RFD-005485,ORD-0072414,2026-05-31,2026-05-02,T-03,STEAM,P-012147,price_adjustment,2.3978,0.5994,1.7983
RFD-005486,ORD-0072423,2026-05-10,2026-05-02,T-01,PSN,P-015751,partial_goodwill,2.2284,0.6685,1.5599
RFD-005487,ORD-0072427,2026-06-11,2026-05-02,T-04,PSN,P-000533,partial_goodwill,11.9433,3.583,8.3603
RFD-005488,ORD-0072434,2026-05-19,2026-05-02,T-01,PSN,P-023063,partial_goodwill,35.6047,10.6814,24.9233
RFD-005489,ORD-0072436,2026-05-11,2026-05-02,T-01,XBOX,P-025010,platform_policy,13.6854,1.6422,12.0432
RFD-005490,ORD-0072440,2026-05-19,2026-05-02,T-01,STEAM,P-019577,price_adjustment,11.9083,2.9771,8.9313
RFD-005491,ORD-0072446,2026-05-07,2026-05-02,T-02,PSN,P-016329,platform_policy,4.9474,1.4842,3.4631
RFD-005492,ORD-0072454,2026-05-07,2026-05-02,T-04,STEAM,P-009676,player_request,4.9867,1.2467,3.7401
RFD-005493,ORD-0072455,2026-06-04,2026-05-02,T-01,PSN,P-010808,player_request,5.0791,1.5237,3.5554
RFD-005494,ORD-0072467,2026-05-16,2026-05-02,T-01,PSN,P-024760,accidental_purchase,4.4551,1.3365,3.1185
RFD-005495,ORD-0072512,2026-05-04,2026-05-02,T-01,STEAM,P-021351,player_request,15.2374,3.8094,11.4281
RFD-005496,ORD-0072523,2026-06-11,2026-05-02,T-04,STEAM,P-019897,partial_goodwill,7.493,1.8732,5.6197
RFD-005497,ORD-0072525,2026-05-31,2026-05-02,T-02,XBOX,P-013947,price_adjustment,17.3462,2.0815,15.2646
RFD-005498,ORD-0072539,2026-05-23,2026-05-02,T-01,PSN,P-008332,player_request,8.9185,2.6756,6.243
RFD-005499,ORD-0072543,2026-05-05,2026-05-02,T-03,XBOX,P-025865,partial_goodwill,13.1737,1.5808,11.5929
RFD-005500,ORD-0072546,2026-05-31,2026-05-02,T-01,EPIC,P-022138,partial_goodwill,3.5665,0.428,3.1385
RFD-005501,ORD-0072552,2026-05-05,2026-05-02,T-02,PSN,P-002829,partial_goodwill,8.6625,2.5988,6.0638
RFD-005502,ORD-0072587,2026-05-07,2026-05-02,T-01,EPIC,P-018035,platform_policy,50.8827,6.1059,44.7768
RFD-005503,ORD-0072591,2026-05-10,2026-05-02,T-04,PSN,P-032456,partial_goodwill,6.7871,2.0361,4.751
RFD-005504,ORD-0072598,2026-05-19,2026-05-02,T-02,STEAM,P-020660,price_adjustment,12.3887,3.0972,9.2915
RFD-005505,ORD-0072615,2026-05-20,2026-05-03,T-02,STEAM,P-030465,partial_goodwill,7.9752,1.9938,5.9814
RFD-005506,ORD-0072622,2026-05-05,2026-05-03,T-04,STEAM,P-019887,accidental_purchase,40.9779,10.2445,30.7334
RFD-005507,ORD-0072636,2026-06-12,2026-05-03,T-01,NSW,P-033353,price_adjustment,25.4363,7.6309,17.8054
RFD-005508,ORD-0072654,2026-05-06,2026-05-03,T-02,STEAM,P-030424,partial_goodwill,11.714,2.9285,8.7855
RFD-005509,ORD-0072655,2026-06-01,2026-05-03,T-01,EPIC,P-025877,price_adjustment,5.1565,0.6188,4.5377
RFD-005510,ORD-0072658,2026-05-20,2026-05-03,T-03,EPIC,P-041130,partial_goodwill,3.5967,0.4316,3.1651
RFD-005511,ORD-0072684,2026-05-17,2026-05-03,T-04,STEAM,P-039130,player_request,35.758,8.9395,26.8185
RFD-005512,ORD-0072718,2026-05-08,2026-05-03,T-01,PSN,P-005955,platform_policy,10.1583,3.0475,7.1108
RFD-005513,ORD-0072725,2026-06-12,2026-05-03,T-01,STEAM,P-022055,price_adjustment,2.5345,0.6336,1.9009
RFD-005514,ORD-0072731,2026-06-20,2026-05-03,T-03,PSN,P-016671,platform_policy,33.831,10.1493,23.6817
RFD-005515,ORD-0072733,2026-05-20,2026-05-03,T-01,STEAM,P-014627,partial_goodwill,3.8119,0.953,2.8589
RFD-005516,ORD-0072743,2026-05-11,2026-05-03,T-02,STEAM,P-031942,price_adjustment,4.7227,1.1807,3.542
RFD-005517,ORD-0072746,2026-06-12,2026-05-03,T-01,PSN,P-024845,partial_goodwill,3.9064,1.1719,2.7345
RFD-005518,ORD-0072754,2026-06-12,2026-05-03,T-03,PSN,P-007914,price_adjustment,1.6525,0.4957,1.1567
RFD-005519,ORD-0072817,2026-05-05,2026-05-03,T-04,PSN,P-027444,accidental_purchase,10.6246,3.1874,7.4373
RFD-005520,ORD-0072827,2026-06-05,2026-05-03,T-03,STEAM,P-032141,platform_policy,27.7439,6.936,20.8079
RFD-005521,ORD-0072837,2026-06-13,2026-05-04,T-03,NSW,P-021830,partial_goodwill,4.9504,1.4851,3.4653
RFD-005522,ORD-0072848,2026-05-06,2026-05-04,T-01,XBOX,P-007630,accidental_purchase,8.8849,1.0662,7.8187
RFD-005523,ORD-0072872,2026-05-25,2026-05-04,T-01,STEAM,P-008590,player_request,60.081,15.0203,45.0608
RFD-005524,ORD-0072893,2026-05-12,2026-05-04,T-02,STEAM,P-020279,partial_goodwill,6.0478,1.5119,4.5358
RFD-005525,ORD-0072900,2026-06-13,2026-05-04,T-05,PSN,P-013875,partial_goodwill,19.1273,5.7382,13.3891
RFD-005526,ORD-0072901,2026-05-21,2026-05-04,T-05,STEAM,P-013953,partial_goodwill,1.6759,0.419,1.2569
RFD-005527,ORD-0072911,2026-06-02,2026-05-04,T-01,STEAM,P-028739,partial_goodwill,17.3356,4.3339,13.0017
RFD-005528,ORD-0072927,2026-05-09,2026-05-04,T-01,PSN,P-033678,platform_policy,91.7192,27.5158,64.2034
RFD-005529,ORD-0072935,2026-05-07,2026-05-04,T-01,EPIC,P-004941,price_adjustment,5.8768,0.7052,5.1716
RFD-005530,ORD-0072998,2026-06-21,2026-05-04,T-02,STEAM,P-011247,platform_policy,4.8261,1.2065,3.6196
RFD-005531,ORD-0073002,2026-06-13,2026-05-04,T-02,EPIC,P-003674,price_adjustment,3.0821,0.3699,2.7123
RFD-005532,ORD-0073003,2026-05-13,2026-05-04,T-05,PSN,P-010883,player_request,9.9905,2.9972,6.9934
RFD-005533,ORD-0073012,2026-06-06,2026-05-04,T-02,NSW,P-039282,platform_policy,33.8332,10.15,23.6832
RFD-005534,ORD-0073036,2026-06-02,2026-05-04,T-02,STEAM,P-003759,price_adjustment,24.7737,6.1934,18.5803
RFD-005535,ORD-0073046,2026-06-02,2026-05-04,T-05,PSN,P-006056,price_adjustment,20.0115,6.0034,14.008
RFD-005536,ORD-0073069,2026-05-09,2026-05-04,T-01,STEAM,P-015251,accidental_purchase,61.0071,15.2518,45.7553
RFD-005537,ORD-0073082,2026-05-21,2026-05-04,T-04,EPIC,P-024015,partial_goodwill,13.3725,1.6047,11.7678
RFD-005538,ORD-0073115,2026-05-08,2026-05-05,T-02,XBOX,P-021607,price_adjustment,8.2057,0.9847,7.221
RFD-005539,ORD-0073152,2026-05-19,2026-05-05,T-01,PSN,P-040627,platform_policy,68.6893,20.6068,48.0825
RFD-005540,ORD-0073159,2026-06-14,2026-05-05,T-01,XBOX,P-038366,price_adjustment,6.9946,0.8394,6.1553
RFD-005541,ORD-0073165,2026-05-08,2026-05-05,T-01,STEAM,P-016764,partial_goodwill,4.7128,1.1782,3.5346
RFD-005542,ORD-0073187,2026-05-08,2026-05-05,T-03,STEAM,P-017410,partial_goodwill,2.3023,0.5756,1.7268
RFD-005543,ORD-0073188,2026-06-03,2026-05-05,T-02,XBOX,P-028844,price_adjustment,4.6666,0.56,4.1066
RFD-005544,ORD-0073202,2026-05-13,2026-05-05,T-02,XBOX,P-044607,price_adjustment,3.2642,0.3917,2.8725
RFD-005545,ORD-0073205,2026-06-22,2026-05-05,T-05,STEAM,P-044101,platform_policy,42.9996,10.7499,32.2497
RFD-005546,ORD-0073211,2026-05-08,2026-05-05,T-03,NSW,P-038096,partial_goodwill,9.496,2.8488,6.6472
RFD-005547,ORD-0073235,2026-05-08,2026-05-05,T-01,STEAM,P-025258,partial_goodwill,7.1296,1.7824,5.3472
RFD-005548,ORD-0073240,2026-05-13,2026-05-05,T-02,NSW,P-008402,price_adjustment,9.4721,2.8416,6.6305
RFD-005549,ORD-0073245,2026-06-14,2026-05-05,T-01,PSN,P-026790,price_adjustment,17.1723,5.1517,12.0206
RFD-005550,ORD-0073248,2026-05-22,2026-05-05,T-04,STEAM,P-000588,partial_goodwill,6.334,1.5835,4.7505
RFD-005551,ORD-0073252,2026-05-08,2026-05-05,T-01,NSW,P-033327,partial_goodwill,4.0109,1.2033,2.8076
RFD-005552,ORD-0073260,2026-05-10,2026-05-05,T-01,EPIC,P-042510,player_request,50.8784,6.1054,44.773
RFD-005553,ORD-0073300,2026-05-15,2026-05-06,T-04,XBOX,P-032072,player_request,28.061,3.3673,24.6937
RFD-005554,ORD-0073322,2026-06-23,2026-05-06,T-04,NSW,P-026509,player_request,31.161,9.3483,21.8127
RFD-005555,ORD-0073324,2026-05-23,2026-05-06,T-03,XBOX,P-021977,price_adjustment,2.5162,0.3019,2.2143
RFD-005556,ORD-0073334,2026-05-23,2026-05-06,T-01,NSW,P-023621,partial_goodwill,1.5132,0.4539,1.0592
RFD-005557,ORD-0073336,2026-06-04,2026-05-06,T-02,PSN,P-004635,partial_goodwill,4.3574,1.3072,3.0502
RFD-005558,ORD-0073352,2026-05-23,2026-05-06,T-04,STEAM,P-037609,partial_goodwill,3.451,0.8628,2.5883
RFD-005559,ORD-0073373,2026-05-15,2026-05-06,T-01,STEAM,P-000739,player_request,10.138,2.5345,7.6035
RFD-005560,ORD-0073390,2026-05-20,2026-05-06,T-04,PSN,P-007401,player_request,5.0336,1.5101,3.5235
RFD-005561,ORD-0073411,2026-06-08,2026-05-06,T-01,EPIC,P-012584,platform_policy,4.7506,0.5701,4.1806
RFD-005562,ORD-0073429,2026-05-14,2026-05-06,T-05,STEAM,P-009501,price_adjustment,11.0502,2.7626,8.2877
RFD-005563,ORD-0073452,2026-05-23,2026-05-06,T-01,PSN,P-043523,price_adjustment,9.2081,2.7624,6.4456
RFD-005564,ORD-0073455,2026-06-08,2026-05-06,T-01,STEAM,P-030841,accidental_purchase,61.2747,15.3187,45.956
RFD-005565,ORD-0073458,2026-06-04,2026-05-06,T-01,XBOX,P-012732,partial_goodwill,4.7506,0.5701,4.1806
RFD-005566,ORD-0073459,2026-06-23,2026-05-06,T-05,STEAM,P-032975,platform_policy,95.9267,23.9817,71.945
RFD-005567,ORD-0073463,2026-05-27,2026-05-06,T-01,STEAM,P-043779,player_request,50.7302,12.6826,38.0477
RFD-005568,ORD-0073467,2026-07-16,2026-05-06,T-04,STEAM,P-030612,player_request,9.8234,2.4558,7.3675
RFD-005569,ORD-0073486,2026-05-23,2026-05-06,T-04,XBOX,P-042822,price_adjustment,4.6701,0.5604,4.1097
RFD-005570,ORD-0073495,2026-05-10,2026-05-07,T-05,STEAM,P-038030,price_adjustment,6.6862,1.6716,5.0147
RFD-005571,ORD-0073500,2026-05-09,2026-05-07,T-01,STEAM,P-033548,accidental_purchase,45.7913,11.4478,34.3435
RFD-005572,ORD-0073535,2026-06-16,2026-05-07,T-01,STEAM,P-000820,price_adjustment,5.0459,1.2615,3.7844
RFD-005573,ORD-0073542,2026-05-24,2026-05-07,T-05,STEAM,P-042939,partial_goodwill,19.0988,4.7747,14.3241
RFD-005574,ORD-0073555,2026-06-24,2026-05-07,T-02,STEAM,P-031981,accidental_purchase,9.8425,2.4606,7.3819
RFD-005575,ORD-0073562,2026-05-24,2026-05-07,T-03,STEAM,P-018276,price_adjustment,4.9968,1.2492,3.7476
RFD-005576,ORD-0073613,2026-06-05,2026-05-07,T-01,EPIC,P-038446,price_adjustment,30.3334,3.64,26.6934
RFD-005577,ORD-0073628,2026-07-17,2026-05-07,T-02,STEAM,P-033856,player_request,34.4739,8.6185,25.8554
RFD-005578,ORD-0073654,2026-05-24,2026-05-07,T-02,XBOX,P-007267,price_adjustment,6.0174,0.7221,5.2953
RFD-005579,ORD-0073658,2026-05-24,2026-05-07,T-04,STEAM,P-019701,partial_goodwill,6.6813,1.6703,5.011
RFD-005580,ORD-0073698,2026-07-18,2026-05-08,T-04,XBOX,P-033393,platform_policy,30.0467,3.6056,26.4411
RFD-005581,ORD-0073705,2026-06-17,2026-05-08,T-04,STEAM,P-001299,partial_goodwill,13.3626,3.3407,10.022
RFD-005582,ORD-0073714,2026-05-25,2026-05-08,T-01,STEAM,P-019625,price_adjustment,27.3936,6.8484,20.5452
RFD-005583,ORD-0073744,2026-06-17,2026-05-08,T-01,PSN,P-032402,partial_goodwill,16.619,4.9857,11.6333
RFD-005584,ORD-0073756,2026-05-16,2026-05-08,T-02,XBOX,P-005858,partial_goodwill,11.8041,1.4165,10.3876
RFD-005585,ORD-0073767,2026-07-18,2026-05-08,T-04,STEAM,P-035521,platform_policy,4.9978,1.2494,3.7483
RFD-005586,ORD-0073784,2026-05-11,2026-05-08,T-01,STEAM,P-032973,price_adjustment,15.1037,3.7759,11.3277
RFD-005587,ORD-0073792,2026-06-06,2026-05-08,T-02,STEAM,P-004724,partial_goodwill,4.088,1.022,3.066
RFD-005588,ORD-0073796,2026-05-13,2026-05-08,T-03,STEAM,P-024531,accidental_purchase,14.923,3.7308,11.1923
RFD-005589,ORD-0073800,2026-05-25,2026-05-08,T-05,STEAM,P-032733,partial_goodwill,7.9426,1.9857,5.957
RFD-005590,ORD-0073801,2026-05-25,2026-05-08,T-04,EPIC,P-008432,price_adjustment,5.1282,0.6154,4.5128
RFD-005591,ORD-0073812,2026-05-29,2026-05-08,T-03,STEAM,P-019683,player_request,4.9676,1.2419,3.7257
RFD-005592,ORD-0073818,2026-05-11,2026-05-08,T-04,NSW,P-044722,partial_goodwill,9.2613,2.7784,6.4829
RFD-005593,ORD-0073826,2026-06-17,2026-05-08,T-02,PSN,P-020404,price_adjustment,6.0299,1.809,4.221
RFD-005594,ORD-0073829,2026-07-18,2026-05-08,T-02,STEAM,P-020858,accidental_purchase,9.8048,2.4512,7.3536
RFD-005595,ORD-0073856,2026-06-06,2026-05-08,T-04,PSN,P-020455,partial_goodwill,4.9125,1.4738,3.4388
RFD-005596,ORD-0073864,2026-05-16,2026-05-08,T-04,STEAM,P-025685,price_adjustment,19.8304,4.9576,14.8728
RFD-005597,ORD-0073870,2026-06-25,2026-05-08,T-02,XBOX,P-028299,platform_policy,18.6919,2.243,16.4489
RFD-005598,ORD-0073876,2026-05-16,2026-05-08,T-03,XBOX,P-018237,partial_goodwill,7.4565,0.8948,6.5617
RFD-005599,ORD-0073897,2026-05-26,2026-05-09,T-01,STEAM,P-035876,partial_goodwill,28.5692,7.1423,21.4269
RFD-005600,ORD-0073899,2026-06-18,2026-05-09,T-02,XBOX,P-025273,price_adjustment,1.1654,0.1398,1.0255
RFD-005601,ORD-0073922,2026-05-12,2026-05-09,T-02,STEAM,P-029075,partial_goodwill,1.208,0.302,0.906
RFD-005602,ORD-0073942,2026-05-17,2026-05-09,T-01,PSN,P-016303,partial_goodwill,7.9925,2.3977,5.5947
RFD-005603,ORD-0073953,2026-05-12,2026-05-09,T-02,STEAM,P-001911,price_adjustment,16.5588,4.1397,12.4191
RFD-005604,ORD-0073967,2026-06-07,2026-05-09,T-01,STEAM,P-017330,partial_goodwill,6.9246,1.7311,5.1934
RFD-005605,ORD-0073974,2026-05-18,2026-05-09,T-01,STEAM,P-008825,player_request,53.3552,13.3388,40.0164
RFD-005606,ORD-0073976,2026-06-18,2026-05-09,T-04,PSN,P-030709,partial_goodwill,8.7611,2.6283,6.1328
RFD-005607,ORD-0073981,2026-06-07,2026-05-09,T-04,EPIC,P-027229,price_adjustment,7.5167,0.902,6.6147
RFD-005608,ORD-0073992,2026-06-11,2026-05-09,T-01,PSN,P-021182,player_request,4.7515,1.4254,3.326
RFD-005609,ORD-0074005,2026-05-12,2026-05-09,T-05,STEAM,P-000844,price_adjustment,11.1496,2.7874,8.3622
RFD-005610,ORD-0074020,2026-05-18,2026-05-09,T-04,XBOX,P-017595,accidental_purchase,9.3519,1.1222,8.2297
RFD-005611,ORD-0074030,2026-05-17,2026-05-09,T-02,XBOX,P-022129,price_adjustment,12.2636,1.4716,10.7919
RFD-005612,ORD-0074049,2026-05-12,2026-05-09,T-04,STEAM,P-005175,price_adjustment,7.5519,1.888,5.6639
RFD-005613,ORD-0074053,2026-05-11,2026-05-09,T-01,XBOX,P-038895,platform_policy,50.3689,6.0443,44.3247
RFD-005614,ORD-0074061,2026-05-17,2026-05-09,T-03,XBOX,P-013579,partial_goodwill,7.248,0.8698,6.3782
RFD-005615,ORD-0074069,2026-05-23,2026-05-09,T-05,STEAM,P-039517,player_request,13.8793,3.4698,10.4095
RFD-005616,ORD-0074083,2026-05-26,2026-05-09,T-03,STEAM,P-041929,partial_goodwill,7.4565,1.8641,5.5924
RFD-005617,ORD-0074142,2026-06-07,2026-05-09,T-04,STEAM,P-015338,price_adjustment,30.0467,7.5117,22.5351
RFD-005618,ORD-0074151,2026-05-11,2026-05-09,T-02,NSW,P-001517,accidental_purchase,9.8048,2.9414,6.8634
RFD-005619,ORD-0074171,2026-06-18,2026-05-09,T-01,XBOX,P-001248,price_adjustment,14.6751,1.761,12.9141
RFD-005620,ORD-0074179,2026-06-18,2026-05-09,T-02,PSN,P-013488,price_adjustment,16.1975,4.8593,11.3383
RFD-005621,ORD-0074184,2026-05-17,2026-05-09,T-03,STEAM,P-003531,price_adjustment,1.2444,0.3111,0.9333
RFD-005622,ORD-0074195,2026-05-27,2026-05-10,T-03,XBOX,P-017885,partial_goodwill,7.4565,0.8948,6.5617
RFD-005623,ORD-0074217,2026-05-12,2026-05-10,T-04,STEAM,P-039412,accidental_purchase,10.5174,2.6293,7.888
RFD-005624,ORD-0074224,2026-05-13,2026-05-10,T-01,EPIC,P-038047,partial_goodwill,8.3352,1.0002,7.335
RFD-005625,ORD-0074234,2026-05-31,2026-05-10,T-01,PSN,P-013168,player_request,53.3552,16.0066,37.3486
RFD-005626,ORD-0074236,2026-05-15,2026-05-10,T-01,PSN,P-028700,player_request,47.6154,14.2846,33.3308
RFD-005627,ORD-0074251,2026-05-13,2026-05-10,T-03,XBOX,P-031068,partial_goodwill,2.4888,0.2987,2.1902
RFD-005628,ORD-0074300,2026-05-18,2026-05-10,T-01,STEAM,P-036663,price_adjustment,22.8311,5.7078,17.1233
RFD-005629,ORD-0074309,2026-05-27,2026-05-10,T-01,EPIC,P-034550,price_adjustment,22.8311,2.7397,20.0913
RFD-005630,ORD-0074318,2026-05-27,2026-05-10,T-01,STEAM,P-043331,price_adjustment,7.4766,1.8691,5.6074
RFD-005631,ORD-0074323,2026-05-12,2026-05-10,T-01,PSN,P-032644,platform_policy,44.4685,13.3406,31.128
RFD-005632,ORD-0074335,2026-05-13,2026-05-10,T-04,STEAM,P-030721,partial_goodwill,2.3355,0.5839,1.7516
RFD-005633,ORD-0074342,2026-05-13,2026-05-10,T-02,PSN,P-014369,partial_goodwill,1.2243,0.3673,0.857
RFD-005634,ORD-0074343,2026-06-08,2026-05-10,T-05,STEAM,P-020121,partial_goodwill,3.2616,0.8154,2.4462
RFD-005635,ORD-0074363,2026-05-27,2026-05-10,T-03,STEAM,P-027830,partial_goodwill,2.3023,0.5756,1.7268
RFD-005636,ORD-0074372,2026-05-18,2026-05-10,T-01,XBOX,P-005075,partial_goodwill,47.6154,5.7138,41.9015
RFD-005637,ORD-0074395,2026-05-12,2026-05-10,T-02,PSN,P-025005,accidental_purchase,4.7141,1.4142,3.2999
RFD-005638,ORD-0074422,2026-05-19,2026-05-10,T-04,EPIC,P-040682,accidental_purchase,30.0467,3.6056,26.4411
RFD-005639,ORD-0074451,2026-05-13,2026-05-11,T-04,STEAM,P-004357,accidental_purchase,27.1168,6.7792,20.3376
RFD-005640,ORD-0074464,2026-06-09,2026-05-11,T-04,STEAM,P-016453,partial_goodwill,4.6783,1.1696,3.5087
RFD-005641,ORD-0074482,2026-06-01,2026-05-11,T-01,STEAM,P-000478,player_request,55.3399,13.835,41.5049
RFD-005642,ORD-0074488,2026-06-13,2026-05-11,T-03,NSW,P-032670,platform_policy,9.5764,2.8729,6.7035
RFD-005643,ORD-0074493,2026-05-14,2026-05-11,T-01,STEAM,P-017530,price_adjustment,5.3515,1.3379,4.0136
RFD-005644,ORD-0074531,2026-06-09,2026-05-11,T-05,PSN,P-008225,price_adjustment,2.4662,0.7399,1.7264
RFD-005645,ORD-0074536,2026-05-28,2026-05-11,T-01,XBOX,P-013103,partial_goodwill,22.8257,2.7391,20.0867
RFD-005646,ORD-0074557,2026-05-28,2026-05-11,T-03,STEAM,P-032656,partial_goodwill,9.4859,2.3715,7.1144
RFD-005647,ORD-0074567,2026-05-16,2026-05-11,T-05,STEAM,P-042818,player_request,9.885,2.4712,7.4137
RFD-005648,ORD-0074573,2026-06-13,2026-05-11,T-05,EPIC,P-039974,platform_policy,4.7513,0.5702,4.1812
RFD-005649,ORD-0074582,2026-05-20,2026-05-11,T-01,NSW,P-043881,platform_policy,10.0454,3.0136,7.0318
RFD-005650,ORD-0074607,2026-05-14,2026-05-11,T-04,PSN,P-017274,price_adjustment,20.1671,6.0501,14.1169
RFD-005651,ORD-0074618,2026-05-28,2026-05-11,T-05,XBOX,P-005825,price_adjustment,10.019,1.2023,8.8167
RFD-005652,ORD-0074641,2026-05-19,2026-05-11,T-02,PSN,P-009843,price_adjustment,6.737,2.0211,4.7159
RFD-005653,ORD-0074646,2026-05-14,2026-05-12,T-02,XBOX,P-038148,accidental_purchase,34.192,4.103,30.089
RFD-005654,ORD-0074660,2026-06-21,2026-05-12,T-05,NSW,P-024696,partial_goodwill,25.0223,7.5067,17.5156
RFD-005655,ORD-0074690,2026-05-15,2026-05-12,T-04,STEAM,P-032758,price_adjustment,14.0031,3.5008,10.5023
RFD-005656,ORD-0074691,2026-05-26,2026-05-12,T-01,XBOX,P-011099,player_request,64.1492,7.6979,56.4513
RFD-005657,ORD-0074694,2026-05-15,2026-05-12,T-01,STEAM,P-044390,price_adjustment,5.0059,1.2515,3.7544
RFD-005658,ORD-0074700,2026-06-02,2026-05-12,T-02,PSN,P-017203,player_request,48.86,14.658,34.202
RFD-005659,ORD-0074703,2026-06-29,2026-05-12,T-03,PSN,P-040620,accidental_purchase,13.809,4.1427,9.6663
RFD-005660,ORD-0074721,2026-05-21,2026-05-12,T-01,STEAM,P-018086,player_request,60.1707,15.0427,45.1281
RFD-005661,ORD-0074761,2026-06-21,2026-05-12,T-01,XBOX,P-003574,price_adjustment,11.8735,1.4248,10.4487
RFD-005662,ORD-0074781,2026-05-29,2026-05-12,T-01,STEAM,P-038968,price_adjustment,2.5655,0.6414,1.9241
RFD-005663,ORD-0074811,2026-06-21,2026-05-12,T-04,STEAM,P-018057,partial_goodwill,11.5106,2.8776,8.6329
RFD-005664,ORD-0074821,2026-06-10,2026-05-12,T-01,STEAM,P-022808,partial_goodwill,1.6487,0.4122,1.2365
RFD-005665,ORD-0074842,2026-05-21,2026-05-13,T-02,EPIC,P-005538,partial_goodwill,11.759,1.4111,10.3479
RFD-005666,ORD-0074878,2026-05-27,2026-05-13,T-01,XBOX,P-032279,player_request,9.4702,1.1364,8.3338
RFD-005667,ORD-0074889,2026-05-16,2026-05-13,T-01,STEAM,P-004282,partial_goodwill,2.5025,0.6256,1.8768
RFD-005668,ORD-0074898,2026-06-03,2026-05-13,T-04,PSN,P-007958,player_request,9.3099,2.793,6.5169
RFD-005670,ORD-0074926,2026-06-22,2026-05-13,T-02,NSW,P-001554,partial_goodwill,19.3019,5.7906,13.5113
RFD-005671,ORD-0074934,2026-05-27,2026-05-13,T-03,XBOX,P-023836,platform_policy,5.1944,0.6233,4.571
RFD-005672,ORD-0074949,2026-06-30,2026-05-13,T-03,XBOX,P-044238,accidental_purchase,10.1295,1.2155,8.914
RFD-005673,ORD-0074980,2026-05-16,2026-05-13,T-01,STEAM,P-019612,partial_goodwill,7.6067,1.9017,5.705
RFD-005674,ORD-0074987,2026-05-30,2026-05-13,T-04,STEAM,P-029831,partial_goodwill,16.5801,4.145,12.435
RFD-005675,ORD-0074989,2026-05-16,2026-05-13,T-01,EPIC,P-008573,price_adjustment,14.2204,1.7064,12.5139
RFD-005676,ORD-0074990,2026-05-21,2026-05-13,T-05,NSW,P-026971,price_adjustment,1.6435,0.4931,1.1505
RFD-005677,ORD-0075021,2026-06-04,2026-05-14,T-03,XBOX,P-039003,platform_policy,5.013,0.6016,4.4115
RFD-005678,ORD-0075038,2026-05-22,2026-05-14,T-01,XBOX,P-023283,price_adjustment,2.2813,0.2738,2.0075
RFD-005679,ORD-0075047,2026-05-28,2026-05-14,T-03,PSN,P-036322,accidental_purchase,9.5448,2.8635,6.6814
RFD-005680,ORD-0075066,2026-06-23,2026-05-14,T-01,STEAM,P-025580,partial_goodwill,4.3748,1.0937,3.2811
RFD-005681,ORD-0075072,2026-05-31,2026-05-14,T-02,STEAM,P-019085,partial_goodwill,3.5994,0.8998,2.6995
RFD-005682,ORD-0075078,2026-06-16,2026-05-14,T-05,PSN,P-031511,platform_policy,49.1787,14.7536,34.4251
RFD-005683,ORD-0075079,2026-06-12,2026-05-14,T-04,NSW,P-016404,partial_goodwill,14.7448,4.4234,10.3213
RFD-005684,ORD-0075082,2026-06-04,2026-05-14,T-03,XBOX,P-007802,player_request,14.8184,1.7782,13.0402
RFD-005685,ORD-0075116,2026-05-22,2026-05-14,T-05,NSW,P-014721,price_adjustment,1.2257,0.3677,0.858
RFD-005686,ORD-0075130,2026-07-01,2026-05-14,T-04,XBOX,P-000968,platform_policy,36.1618,4.3394,31.8223
RFD-005687,ORD-0075133,2026-05-23,2026-05-14,T-01,STEAM,P-009986,platform_policy,51.3642,12.8411,38.5232
RFD-005688,ORD-0075140,2026-06-12,2026-05-14,T-03,EPIC,P-027564,partial_goodwill,6.607,0.7928,5.8141
RFD-005689,ORD-0075143,2026-05-22,2026-05-14,T-04,STEAM,P-027684,partial_goodwill,9.224,2.306,6.918
RFD-005690,ORD-0075148,2026-06-23,2026-05-14,T-05,PSN,P-022314,price_adjustment,4.9129,1.4739,3.439
RFD-005691,ORD-0075157,2026-05-23,2026-05-15,T-02,XBOX,P-003946,partial_goodwill,16.0423,1.9251,14.1172
RFD-005692,ORD-0075163,2026-05-29,2026-05-15,T-01,PSN,P-020735,platform_policy,4.4474,1.3342,3.1132
RFD-005693,ORD-0075166,2026-05-23,2026-05-15,T-01,STEAM,P-029409,partial_goodwill,1.64,0.41,1.23
RFD-005694,ORD-0075180,2026-06-01,2026-05-15,T-03,STEAM,P-030312,partial_goodwill,2.465,0.6162,1.8487
RFD-005695,ORD-0075184,2026-05-29,2026-05-15,T-01,STEAM,P-008488,accidental_purchase,49.886,12.4715,37.4145
RFD-005696,ORD-0075206,2026-05-23,2026-05-15,T-01,EPIC,P-042930,partial_goodwill,6.2534,0.7504,5.503
RFD-005697,ORD-0075212,2026-05-23,2026-05-15,T-01,PSN,P-030001,partial_goodwill,2.4849,0.7455,1.7394
RFD-005698,ORD-0075222,2026-05-18,2026-05-15,T-01,EPIC,P-006595,partial_goodwill,12.474,1.4969,10.9771
RFD-005699,ORD-0075224,2026-05-18,2026-05-15,T-04,PSN,P-036836,price_adjustment,10.7531,3.2259,7.5272
RFD-005700,ORD-0075230,2026-06-13,2026-05-15,T-05,STEAM,P-017444,partial_goodwill,12.2653,3.0663,9.199
RFD-005701,ORD-0075241,2026-06-24,2026-05-15,T-03,EPIC,P-010786,price_adjustment,3.3297,0.3996,2.9301
RFD-005702,ORD-0075243,2026-05-18,2026-05-15,T-04,PSN,P-006625,price_adjustment,7.4446,2.2334,5.2112
RFD-005703,ORD-0075244,2026-05-24,2026-05-15,T-01,XBOX,P-017114,platform_policy,49.886,5.9863,43.8997
RFD-005704,ORD-0075276,2026-06-01,2026-05-15,T-04,XBOX,P-022582,partial_goodwill,11.4502,1.374,10.0762
RFD-005705,ORD-0075279,2026-06-01,2026-05-15,T-01,STEAM,P-032059,price_adjustment,1.1825,0.2956,0.8869
RFD-005706,ORD-0075281,2026-05-18,2026-05-15,T-01,STEAM,P-020356,price_adjustment,3.836,0.959,2.877
RFD-005707,ORD-0075291,2026-06-17,2026-05-15,T-05,STEAM,P-036108,player_request,4.7395,1.1849,3.5546
RFD-005708,ORD-0075294,2026-05-20,2026-05-15,T-05,STEAM,P-001882,platform_policy,39.3735,9.8434,29.5301
RFD-005709,ORD-0075308,2026-06-01,2026-05-15,T-04,XBOX,P-009770,partial_goodwill,7.4446,0.8934,6.5513
RFD-005710,ORD-0075327,2026-05-20,2026-05-15,T-02,STEAM,P-023153,player_request,24.3019,6.0755,18.2264
RFD-005711,ORD-0075343,2026-05-24,2026-05-16,T-01,STEAM,P-005997,price_adjustment,25.5145,6.3786,19.1359
RFD-005712,ORD-0075354,2026-05-25,2026-05-16,T-01,STEAM,P-032447,accidental_purchase,19.9385,4.9846,14.9539
RFD-005713,ORD-0075365,2026-05-24,2026-05-16,T-01,PSN,P-011508,price_adjustment,3.8997,1.1699,2.7298
RFD-005714,ORD-0075367,2026-06-25,2026-05-16,T-02,XBOX,P-023510,price_adjustment,6.0134,0.7216,5.2918
RFD-005715,ORD-0075401,2026-06-06,2026-05-16,T-04,STEAM,P-041010,platform_policy,30.247,7.5618,22.6853
RFD-005716,ORD-0075413,2026-06-02,2026-05-16,T-02,XBOX,P-006089,price_adjustment,2.127,0.2552,1.8718
RFD-005717,ORD-0075421,2026-05-19,2026-05-16,T-05,PSN,P-027665,price_adjustment,12.9511,3.8853,9.0658
RFD-005718,ORD-0075436,2026-05-30,2026-05-16,T-03,STEAM,P-019676,player_request,18.3127,4.5782,13.7346
RFD-005719,ORD-0075455,2026-06-06,2026-05-16,T-03,STEAM,P-040105,player_request,14.3208,3.5802,10.7406
RFD-005720,ORD-0075459,2026-06-02,2026-05-16,T-03,STEAM,P-015647,price_adjustment,7.1554,1.7888,5.3665
RFD-005721,ORD-0075503,2026-06-14,2026-05-16,T-01,STEAM,P-005855,price_adjustment,32.9294,8.2323,24.697
RFD-005722,ORD-0075519,2026-05-24,2026-05-16,T-03,PSN,P-032219,price_adjustment,17.3741,5.2122,12.1619
RFD-005723,ORD-0075539,2026-05-25,2026-05-16,T-01,STEAM,P-032138,player_request,49.886,12.4715,37.4145
RFD-005724,ORD-0075551,2026-06-25,2026-05-16,T-02,STEAM,P-041952,price_adjustment,7.7687,1.9422,5.8265
RFD-005725,ORD-0075556,2026-06-14,2026-05-16,T-04,XBOX,P-031710,price_adjustment,10.1581,1.219,8.9391
RFD-005726,ORD-0075561,2026-05-19,2026-05-16,T-01,STEAM,P-019417,price_adjustment,4.7302,1.1825,3.5476
RFD-005727,ORD-0075578,2026-06-25,2026-05-16,T-04,STEAM,P-013659,partial_goodwill,1.2571,0.3143,0.9428
RFD-005728,ORD-0075583,2026-05-25,2026-05-16,T-05,STEAM,P-000829,accidental_purchase,49.9172,12.4793,37.4379
RFD-005729,ORD-0075588,2026-05-30,2026-05-16,T-02,XBOX,P-027904,player_request,13.1883,1.5826,11.6057
RFD-005730,ORD-0075598,2026-06-02,2026-05-16,T-05,XBOX,P-001695,price_adjustment,22.3154,2.6778,19.6375
RFD-005731,ORD-0075608,2026-06-26,2026-05-17,T-04,PSN,P-014974,partial_goodwill,2.2504,0.6751,1.5753
RFD-005732,ORD-0075612,2026-05-19,2026-05-17,T-03,NSW,P-033716,player_request,5.1784,1.5535,3.6249
RFD-005733,ORD-0075624,2026-06-15,2026-05-17,T-01,NSW,P-005261,price_adjustment,15.6436,4.6931,10.9505
RFD-005734,ORD-0075632,2026-06-26,2026-05-17,T-01,NSW,P-021348,partial_goodwill,3.8997,1.1699,2.7298
RFD-005735,ORD-0075647,2026-05-22,2026-05-17,T-04,STEAM,P-008434,accidental_purchase,53.5533,13.3883,40.165
RFD-005736,ORD-0075648,2026-05-26,2026-05-17,T-04,STEAM,P-022312,player_request,42.371,10.5928,31.7783
RFD-005737,ORD-0075665,2026-05-25,2026-05-17,T-05,STEAM,P-013657,partial_goodwill,9.8102,2.4526,7.3577
RFD-005738,ORD-0075669,2026-05-22,2026-05-17,T-05,EPIC,P-030566,player_request,9.9814,1.1978,8.7837
RFD-005739,ORD-0075676,2026-06-15,2026-05-17,T-04,STEAM,P-010725,partial_goodwill,24.789,6.1972,18.5917
RFD-005740,ORD-0075677,2026-06-26,2026-05-17,T-03,EPIC,P-010160,price_adjustment,4.6752,0.561,4.1142
RFD-005741,ORD-0075682,2026-05-25,2026-05-17,T-05,EPIC,P-001431,price_adjustment,2.4853,0.2982,2.1871
RFD-005742,ORD-0075695,2026-05-31,2026-05-17,T-04,PSN,P-028157,player_request,4.9498,1.485,3.4649
RFD-005743,ORD-0075699,2026-06-15,2026-05-17,T-02,STEAM,P-044548,price_adjustment,1.6002,0.4001,1.2002
RFD-005744,ORD-0075708,2026-06-15,2026-05-17,T-04,STEAM,P-009558,price_adjustment,11.6375,2.9094,8.7281
RFD-005745,ORD-0075739,2026-07-27,2026-05-17,T-03,NSW,P-036118,accidental_purchase,9.85,2.955,6.895
RFD-005746,ORD-0075757,2026-06-03,2026-05-17,T-02,STEAM,P-003427,partial_goodwill,6.6793,1.6698,5.0095
RFD-005747,ORD-0075767,2026-06-07,2026-05-17,T-01,EPIC,P-021320,accidental_purchase,4.9797,0.5976,4.3821
RFD-005748,ORD-0075774,2026-06-15,2026-05-17,T-01,STEAM,P-007026,partial_goodwill,5.1189,1.2797,3.8392
RFD-005749,ORD-0075788,2026-05-19,2026-05-17,T-01,STEAM,P-011259,player_request,9.9693,2.4923,7.4769
RFD-005750,ORD-0075799,2026-07-27,2026-05-17,T-01,XBOX,P-026894,accidental_purchase,15.9398,1.9128,14.027
RFD-005751,ORD-0075812,2026-06-15,2026-05-17,T-03,STEAM,P-028273,price_adjustment,7.385,1.8463,5.5388
RFD-005752,ORD-0075816,2026-05-25,2026-05-17,T-01,EPIC,P-010381,partial_goodwill,3.1267,0.3752,2.7515
RFD-005753,ORD-0075822,2026-06-19,2026-05-17,T-05,STEAM,P-036809,platform_policy,79.8716,19.9679,59.9037
RFD-005754,ORD-0075846,2026-06-27,2026-05-18,T-01,XBOX,P-033265,price_adjustment,25.6794,3.0815,22.5979
RFD-005755,ORD-0075873,2026-07-05,2026-05-18,T-02,PSN,P-001377,platform_policy,18.6562,5.5969,13.0593
RFD-005756,ORD-0075890,2026-06-16,2026-05-18,T-05,XBOX,P-035179,price_adjustment,6.0376,0.7245,5.3131
RFD-005757,ORD-0075895,2026-05-26,2026-05-18,T-01,STEAM,P-032553,partial_goodwill,2.4832,0.6208,1.8624
RFD-005758,ORD-0075901,2026-06-04,2026-05-18,T-01,XBOX,P-030858,partial_goodwill,12.4161,1.4899,10.9262
RFD-005759,ORD-0075925,2026-06-27,2026-05-18,T-04,PSN,P-043028,partial_goodwill,13.4479,4.0344,9.4135
RFD-005760,ORD-0075929,2026-06-27,2026-05-18,T-04,XBOX,P-022896,price_adjustment,5.3049,0.6366,4.6683
RFD-005761,ORD-0075931,2026-06-16,2026-05-18,T-03,EPIC,P-036233,partial_goodwill,1.5851,0.1902,1.3949
RFD-005762,ORD-0075935,2026-07-05,2026-05-18,T-03,PSN,P-031718,platform_policy,19.8658,5.9597,13.906
RFD-005763,ORD-0075941,2026-07-28,2026-05-18,T-05,STEAM,P-037173,player_request,4.904,1.226,3.678
RFD-005764,ORD-0075944,2026-06-16,2026-05-18,T-01,PSN,P-010382,price_adjustment,32.7765,9.833,22.9436
RFD-005765,ORD-0075945,2026-06-27,2026-05-18,T-02,STEAM,P-014661,price_adjustment,4.8279,1.207,3.621
RFD-005766,ORD-0075946,2026-06-01,2026-05-18,T-04,PSN,P-014735,accidental_purchase,35.8551,10.7565,25.0986
RFD-005767,ORD-0075965,2026-06-27,2026-05-18,T-01,XBOX,P-034383,partial_goodwill,31.5205,3.7825,27.7381
RFD-005768,ORD-0076002,2026-05-22,2026-05-19,T-01,XBOX,P-032439,partial_goodwill,8.9806,1.0777,7.903
RFD-005769,ORD-0076010,2026-06-05,2026-05-19,T-04,STEAM,P-011948,price_adjustment,34.6804,8.6701,26.0103
RFD-005770,ORD-0076011,2026-05-22,2026-05-19,T-03,EPIC,P-032037,price_adjustment,1.1989,0.1439,1.055
RFD-005771,ORD-0076012,2026-06-02,2026-05-19,T-05,PSN,P-032904,platform_policy,4.86,1.458,3.402
RFD-005772,ORD-0076016,2026-05-28,2026-05-19,T-01,XBOX,P-006224,platform_policy,17.9637,2.1556,15.8081
RFD-005773,ORD-0076027,2026-06-05,2026-05-19,T-01,STEAM,P-039702,price_adjustment,7.6895,1.9224,5.7671
RFD-005774,ORD-0076039,2026-06-02,2026-05-19,T-05,EPIC,P-029295,player_request,14.722,1.7666,12.9553
RFD-005775,ORD-0076048,2026-06-28,2026-05-19,T-02,EPIC,P-034645,partial_goodwill,6.0232,0.7228,5.3004
RFD-005776,ORD-0076064,2026-05-24,2026-05-19,T-01,NSW,P-039411,accidental_purchase,13.3258,3.9978,9.3281
RFD-005777,ORD-0076076,2026-07-06,2026-05-19,T-05,EPIC,P-008638,accidental_purchase,52.5628,6.3075,46.2553
RFD-005778,ORD-0076083,2026-06-28,2026-05-19,T-01,STEAM,P-040136,partial_goodwill,12.3718,3.0929,9.2788
RFD-005779,ORD-0076085,2026-05-27,2026-05-19,T-05,EPIC,P-032351,price_adjustment,15.6387,1.8766,13.762
RFD-005780,ORD-0076091,2026-06-28,2026-05-19,T-05,STEAM,P-012330,price_adjustment,19.4695,4.8674,14.6021
RFD-005781,ORD-0076099,2026-06-21,2026-05-19,T-02,STEAM,P-005875,platform_policy,32.6692,8.1673,24.5019
RFD-005782,ORD-0076107,2026-05-22,2026-05-19,T-03,STEAM,P-017817,partial_goodwill,9.7122,2.428,7.2841
RFD-005783,ORD-0076108,2026-06-17,2026-05-19,T-01,EPIC,P-003329,price_adjustment,24.7337,2.968,21.7657
RFD-005784,ORD-0076116,2026-05-27,2026-05-19,T-02,XBOX,P-007564,price_adjustment,24.1028,2.8923,21.2105
RFD-005785,ORD-0076135,2026-05-22,2026-05-19,T-02,XBOX,P-014068,price_adjustment,7.9591,0.9551,7.004
RFD-005786,ORD-0076169,2026-05-23,2026-05-20,T-05,STEAM,P-040471,price_adjustment,12.9697,3.2424,9.7273
RFD-005787,ORD-0076170,2026-06-18,2026-05-20,T-04,STEAM,P-018171,price_adjustment,9.7655,2.4414,7.3241
RFD-005788,ORD-0076171,2026-06-22,2026-05-20,T-01,STEAM,P-004478,accidental_purchase,49.6081,12.402,37.2061
RFD-005789,ORD-0076179,2026-05-23,2026-05-20,T-01,NSW,P-007983,price_adjustment,16.7436,5.0231,11.7205
RFD-005790,ORD-0076205,2026-06-06,2026-05-20,T-01,NSW,P-038016,partial_goodwill,6.82,2.046,4.774
RFD-005791,ORD-0076225,2026-05-28,2026-05-20,T-03,PSN,P-032374,price_adjustment,1.6111,0.4833,1.1278
RFD-005792,ORD-0076232,2026-06-18,2026-05-20,T-01,EPIC,P-024241,partial_goodwill,5.7328,0.6879,5.0448
RFD-005793,ORD-0076236,2026-05-28,2026-05-20,T-04,EPIC,P-017002,price_adjustment,13.9872,1.6785,12.3087
RFD-005794,ORD-0076246,2026-05-28,2026-05-20,T-04,EPIC,P-005289,partial_goodwill,7.5218,0.9026,6.6192
RFD-005795,ORD-0076262,2026-06-10,2026-05-20,T-01,PSN,P-016555,player_request,14.8558,4.4567,10.399
RFD-005796,ORD-0076281,2026-05-25,2026-05-20,T-01,XBOX,P-023754,player_request,9.4995,1.1399,8.3595
RFD-005797,ORD-0076285,2026-05-23,2026-05-20,T-04,EPIC,P-038972,price_adjustment,1.662,0.1994,1.4626
RFD-005798,ORD-0076303,2026-06-03,2026-05-20,T-03,PSN,P-015065,player_request,4.8926,1.4678,3.4248
RFD-005799,ORD-0076304,2026-05-25,2026-05-20,T-01,STEAM,P-024283,platform_policy,16.6467,4.1617,12.485
RFD-005800,ORD-0076309,2026-05-28,2026-05-20,T-03,STEAM,P-022378,partial_goodwill,4.7447,1.1862,3.5585
RFD-005801,ORD-0076319,2026-06-29,2026-05-20,T-05,PSN,P-005620,price_adjustment,3.2123,0.9637,2.2486
RFD-005802,ORD-0076323,2026-05-23,2026-05-20,T-01,XBOX,P-038144,price_adjustment,2.471,0.2965,2.1745
RFD-005803,ORD-0076331,2026-05-28,2026-05-20,T-02,PSN,P-037786,price_adjustment,8.4509,2.5353,5.9156
RFD-005804,ORD-0076363,2026-06-19,2026-05-21,T-04,STEAM,P-033336,partial_goodwill,9.75,2.4375,7.3125
RFD-005805,ORD-0076374,2026-06-19,2026-05-21,T-01,STEAM,P-014748,partial_goodwill,24.7599,6.19,18.57
RFD-005806,ORD-0076391,2026-06-23,2026-05-21,T-04,STEAM,P-020216,player_request,10.3421,2.5855,7.7566
RFD-005807,ORD-0076451,2026-05-26,2026-05-21,T-03,EPIC,P-031616,player_request,27.6549,3.3186,24.3363
RFD-005808,ORD-0076470,2026-06-07,2026-05-21,T-05,XBOX,P-033839,partial_goodwill,4.7253,0.567,4.1582
RFD-005809,ORD-0076491,2026-05-29,2026-05-21,T-01,NSW,P-014190,partial_goodwill,12.3849,3.7155,8.6694
RFD-005810,ORD-0076504,2026-07-31,2026-05-21,T-04,STEAM,P-023166,accidental_purchase,9.3582,2.3395,7.0186
RFD-005811,ORD-0076512,2026-06-07,2026-05-21,T-01,STEAM,P-044428,partial_goodwill,12.482,3.1205,9.3615
RFD-005812,ORD-0076514,2026-06-19,2026-05-21,T-05,STEAM,P-034074,partial_goodwill,2.4375,0.6094,1.8281
RFD-005813,ORD-0076535,2026-06-05,2026-05-22,T-04,PSN,P-030639,accidental_purchase,18.2616,5.4785,12.7831
RFD-005814,ORD-0076541,2026-06-20,2026-05-22,T-01,PSN,P-031636,price_adjustment,16.3056,4.8917,11.4139
RFD-005815,ORD-0076583,2026-07-01,2026-05-22,T-04,EPIC,P-024456,price_adjustment,15.122,1.8146,13.3074
RFD-005816,ORD-0076625,2026-05-31,2026-05-22,T-05,STEAM,P-016051,player_request,9.808,2.452,7.356
RFD-005817,ORD-0076640,2026-05-30,2026-05-22,T-04,EPIC,P-011102,price_adjustment,4.9133,0.5896,4.3237
RFD-005818,ORD-0076642,2026-06-20,2026-05-22,T-03,PSN,P-037835,price_adjustment,7.1504,2.1451,5.0053
RFD-005819,ORD-0076648,2026-07-01,2026-05-22,T-04,STEAM,P-019206,partial_goodwill,3.2394,0.8099,2.4296
RFD-005820,ORD-0076672,2026-05-31,2026-05-22,T-02,PSN,P-035023,accidental_purchase,33.5488,10.0646,23.4842
RFD-005821,ORD-0076673,2026-05-25,2026-05-22,T-01,EPIC,P-040722,partial_goodwill,15.6327,1.8759,13.7568
RFD-005822,ORD-0076685,2026-06-20,2026-05-22,T-01,STEAM,P-035714,partial_goodwill,1.6903,0.4226,1.2677
RFD-005823,ORD-0076686,2026-06-12,2026-05-22,T-01,STEAM,P-044336,accidental_purchase,13.6444,3.4111,10.2333
RFD-005824,ORD-0076712,2026-06-05,2026-05-22,T-01,PSN,P-029134,platform_policy,44.4685,13.3406,31.128
RFD-005825,ORD-0076742,2026-05-24,2026-05-22,T-05,XBOX,P-020984,accidental_purchase,9.7183,1.1662,8.5521
RFD-005826,ORD-0076750,2026-06-05,2026-05-22,T-03,XBOX,P-013688,accidental_purchase,23.0335,2.764,20.2695
RFD-005827,ORD-0076760,2026-06-06,2026-05-23,T-05,PSN,P-006534,player_request,9.9545,2.9863,6.9681
RFD-005828,ORD-0076798,2026-07-02,2026-05-23,T-02,STEAM,P-024093,price_adjustment,4.805,1.2013,3.6038
RFD-005829,ORD-0076825,2026-05-26,2026-05-23,T-02,STEAM,P-004213,price_adjustment,14.3809,3.5952,10.7857
RFD-005830,ORD-0076828,2026-07-02,2026-05-23,T-03,STEAM,P-016088,partial_goodwill,4.8739,1.2185,3.6555
RFD-005831,ORD-0076829,2026-06-09,2026-05-23,T-05,EPIC,P-035349,price_adjustment,13.1252,1.575,11.5502
RFD-005832,ORD-0076830,2026-06-01,2026-05-23,T-03,STEAM,P-004891,accidental_purchase,9.5339,2.3835,7.1504
RFD-005833,ORD-0076837,2026-06-06,2026-05-23,T-03,PSN,P-028328,player_request,5.045,1.5135,3.5315
RFD-005834,ORD-0076856,2026-05-31,2026-05-23,T-01,STEAM,P-032989,partial_goodwill,1.1102,0.2776,0.8327
RFD-005835,ORD-0076867,2026-05-31,2026-05-23,T-04,STEAM,P-021132,price_adjustment,4.5562,1.139,3.4171
RFD-005836,ORD-0076876,2026-06-21,2026-05-23,T-02,PSN,P-022843,partial_goodwill,14.2871,4.2861,10.0009
RFD-005837,ORD-0076881,2026-06-21,2026-05-23,T-04,XBOX,P-043194,partial_goodwill,4.4057,0.5287,3.877
RFD-005838,ORD-0076893,2026-07-02,2026-05-23,T-04,XBOX,P-000419,partial_goodwill,27.9206,3.3505,24.5701
RFD-005839,ORD-0076899,2026-05-26,2026-05-23,T-01,XBOX,P-013473,price_adjustment,5.7109,0.6853,5.0256
RFD-005840,ORD-0076903,2026-06-13,2026-05-23,T-01,PSN,P-013054,platform_policy,49.4188,14.8256,34.5932
RFD-005841,ORD-0076904,2026-06-21,2026-05-23,T-05,XBOX,P-001199,partial_goodwill,13.6175,1.6341,11.9834
RFD-005842,ORD-0076908,2026-05-25,2026-05-23,T-05,XBOX,P-040820,platform_policy,53.8784,6.4654,47.413
RFD-005843,ORD-0076942,2026-06-06,2026-05-23,T-05,STEAM,P-009584,player_request,14.722,3.6805,11.0415
RFD-005844,ORD-0076953,2026-07-02,2026-05-23,T-04,EPIC,P-033057,price_adjustment,2.9377,0.3525,2.5852
RFD-005845,ORD-0076958,2026-07-10,2026-05-23,T-05,STEAM,P-034728,accidental_purchase,9.4885,2.3721,7.1163
RFD-005846,ORD-0076973,2026-06-09,2026-05-23,T-01,STEAM,P-019560,price_adjustment,25.68,6.42,19.26
RFD-005847,ORD-0076974,2026-06-09,2026-05-23,T-01,XBOX,P-025285,price_adjustment,7.0302,0.8436,6.1866
RFD-005848,ORD-0076982,2026-05-26,2026-05-23,T-03,EPIC,P-022350,price_adjustment,4.9133,0.5896,4.3237
RFD-005849,ORD-0076999,2026-06-09,2026-05-23,T-02,PSN,P-021462,price_adjustment,11.1165,3.335,7.7816
RFD-005850,ORD-0077000,2026-06-09,2026-05-23,T-02,NSW,P-000818,partial_goodwill,16.1835,4.8551,11.3285
RFD-005851,ORD-0077002,2026-07-02,2026-05-23,T-01,STEAM,P-024453,price_adjustment,26.0479,6.512,19.5359
RFD-005852,ORD-0077012,2026-06-21,2026-05-23,T-02,STEAM,P-027662,partial_goodwill,12.5084,3.1271,9.3813
RFD-005853,ORD-0077018,2026-06-09,2026-05-23,T-01,STEAM,P-038483,price_adjustment,2.3634,0.5909,1.7726
RFD-005854,ORD-0077031,2026-08-02,2026-05-23,T-03,XBOX,P-032165,platform_policy,14.6415,1.757,12.8845
RFD-005855,ORD-0077065,2026-06-10,2026-05-24,T-04,PSN,P-040305,partial_goodwill,5.1595,1.5478,3.6116
RFD-005856,ORD-0077068,2026-06-22,2026-05-24,T-03,XBOX,P-007466,partial_goodwill,6.0949,0.7314,5.3635
RFD-005857,ORD-0077077,2026-05-29,2026-05-24,T-01,STEAM,P-005454,accidental_purchase,17.9825,4.4956,13.4869
RFD-005858,ORD-0077079,2026-06-02,2026-05-24,T-01,EPIC,P-017434,platform_policy,10.272,1.2326,9.0394
RFD-005859,ORD-0077114,2026-05-26,2026-05-24,T-05,STEAM,P-043880,accidental_purchase,39.9081,9.977,29.931
RFD-005860,ORD-0077131,2026-06-14,2026-05-24,T-05,XBOX,P-007861,player_request,87.475,10.497,76.978
RFD-005861,ORD-0077135,2026-06-26,2026-05-24,T-01,STEAM,P-017399,platform_policy,47.3689,11.8422,35.5267
RFD-005862,ORD-0077146,2026-06-01,2026-05-24,T-03,STEAM,P-013849,price_adjustment,5.045,1.2612,3.7837
RFD-005863,ORD-0077152,2026-06-26,2026-05-24,T-03,PSN,P-001552,accidental_purchase,4.7669,1.4301,3.3369
RFD-005864,ORD-0077157,2026-07-11,2026-05-24,T-01,STEAM,P-016290,platform_policy,44.4685,11.1171,33.3514
RFD-005865,ORD-0077160,2026-08-03,2026-05-24,T-01,NSW,P-041448,platform_policy,13.6444,4.0933,9.5511
RFD-005866,ORD-0077188,2026-05-26,2026-05-24,T-05,STEAM,P-022858,accidental_purchase,9.7183,2.4296,7.2888
RFD-005867,ORD-0077201,2026-05-27,2026-05-24,T-05,PSN,P-039333,price_adjustment,19.4465,5.834,13.6126
RFD-005868,ORD-0077210,2026-05-27,2026-05-24,T-01,PSN,P-005013,partial_goodwill,1.2742,0.3823,0.892
RFD-005869,ORD-0077228,2026-05-27,2026-05-24,T-05,STEAM,P-018513,price_adjustment,18.4816,4.6204,13.8612
RFD-005870,ORD-0077231,2026-06-01,2026-05-24,T-03,PSN,P-020645,price_adjustment,6.3793,1.9138,4.4655
RFD-005871,ORD-0077253,2026-05-29,2026-05-24,T-03,NSW,P-019850,accidental_purchase,23.8447,7.1534,16.6913
RFD-005872,ORD-0077256,2026-07-03,2026-05-24,T-04,STEAM,P-020925,partial_goodwill,4.4509,1.1127,3.3381
RFD-005873,ORD-0077286,2026-05-28,2026-05-25,T-01,XBOX,P-011528,price_adjustment,21.2095,2.5451,18.6643
RFD-005874,ORD-0077304,2026-07-04,2026-05-25,T-05,XBOX,P-013142,price_adjustment,3.5131,0.4216,3.0915
RFD-005875,ORD-0077309,2026-06-02,2026-05-25,T-02,STEAM,P-014246,price_adjustment,16.2781,4.0695,12.2085
RFD-005876,ORD-0077317,2026-06-11,2026-05-25,T-02,STEAM,P-042608,price_adjustment,12.0556,3.0139,9.0417
RFD-005877,ORD-0077340,2026-06-27,2026-05-25,T-02,STEAM,P-033473,player_request,33.7597,8.4399,25.3198
RFD-005878,ORD-0077345,2026-08-04,2026-05-25,T-01,PSN,P-040967,accidental_purchase,22.2763,6.6829,15.5934
RFD-005879,ORD-0077371,2026-05-27,2026-05-25,T-01,XBOX,P-030069,platform_policy,48.9077,5.8689,43.0388
RFD-005880,ORD-0077378,2026-06-11,2026-05-25,T-05,STEAM,P-032558,price_adjustment,3.5131,0.8783,2.6348
RFD-005881,ORD-0077407,2026-06-23,2026-05-25,T-02,XBOX,P-028507,partial_goodwill,4.8144,0.5777,4.2366
RFD-005882,ORD-0077466,2026-05-28,2026-05-25,T-03,STEAM,P-015447,partial_goodwill,4.5949,1.1487,3.4462
RFD-005883,ORD-0077467,2026-05-27,2026-05-25,T-01,PSN,P-035876,accidental_purchase,19.0151,5.7045,13.3105
RFD-005884,ORD-0077479,2026-06-02,2026-05-25,T-05,STEAM,P-008224,price_adjustment,24.348,6.087,18.261
RFD-005885,ORD-0077495,2026-05-29,2026-05-26,T-01,XBOX,P-008498,partial_goodwill,8.6587,1.039,7.6196
RFD-005886,ORD-0077500,2026-08-05,2026-05-26,T-01,STEAM,P-009777,platform_policy,54.3751,13.5938,40.7814
RFD-005887,ORD-0077503,2026-07-13,2026-05-26,T-04,STEAM,P-040355,accidental_purchase,29.4926,7.3732,22.1195
RFD-005888,ORD-0077526,2026-06-03,2026-05-26,T-05,STEAM,P-013739,price_adjustment,4.8563,1.2141,3.6422
RFD-005889,ORD-0077557,2026-06-03,2026-05-26,T-01,STEAM,P-008446,partial_goodwill,4.3244,1.0811,3.2433
RFD-005890,ORD-0077584,2026-07-05,2026-05-26,T-04,STEAM,P-003060,partial_goodwill,11.9912,2.9978,8.9934
RFD-005891,ORD-0077586,2026-06-16,2026-05-26,T-03,STEAM,P-030812,accidental_purchase,14.6281,3.657,10.9711
RFD-005892,ORD-0077592,2026-06-24,2026-05-26,T-03,STEAM,P-013024,price_adjustment,6.4423,1.6106,4.8317
RFD-005893,ORD-0077605,2026-06-12,2026-05-26,T-03,EPIC,P-001085,partial_goodwill,11.9657,1.4359,10.5298
RFD-005894,ORD-0077637,2026-06-13,2026-05-27,T-05,XBOX,P-043140,price_adjustment,27.0512,3.2461,23.805
RFD-005895,ORD-0077638,2026-06-05,2026-05-27,T-01,XBOX,P-023461,accidental_purchase,104.0589,12.4871,91.5719
RFD-005896,ORD-0077649,2026-06-13,2026-05-27,T-05,STEAM,P-044052,partial_goodwill,3.3085,0.8271,2.4814
RFD-005897,ORD-0077650,2026-05-30,2026-05-27,T-05,PSN,P-034958,partial_goodwill,2.4289,0.7287,1.7003
RFD-005898,ORD-0077652,2026-07-06,2026-05-27,T-02,STEAM,P-006298,partial_goodwill,6.6351,1.6588,4.9763
RFD-005899,ORD-0077669,2026-06-10,2026-05-27,T-04,PSN,P-040492,player_request,35.6303,10.6891,24.9412
RFD-005900,ORD-0077671,2026-06-25,2026-05-27,T-01,EPIC,P-041241,price_adjustment,29.7297,3.5676,26.1621
RFD-005901,ORD-0077684,2026-05-30,2026-05-27,T-01,STEAM,P-003204,price_adjustment,12.3915,3.0979,9.2936
RFD-005902,ORD-0077701,2026-05-29,2026-05-27,T-01,XBOX,P-034266,platform_policy,9.493,1.1392,8.3539
RFD-005903,ORD-0077713,2026-06-13,2026-05-27,T-04,XBOX,P-005555,partial_goodwill,8.8771,1.0653,7.8119
RFD-005904,ORD-0077715,2026-06-04,2026-05-27,T-05,STEAM,P-006193,price_adjustment,19.5006,4.8751,14.6254
RFD-005905,ORD-0077727,2026-07-06,2026-05-27,T-01,XBOX,P-025877,partial_goodwill,11.1171,1.3341,9.7831
RFD-005906,ORD-0077750,2026-06-25,2026-05-27,T-01,STEAM,P-008992,price_adjustment,29.426,7.3565,22.0695
RFD-005907,ORD-0077756,2026-06-13,2026-05-27,T-01,EPIC,P-025716,price_adjustment,22.2343,2.6681,19.5661
RFD-005908,ORD-0077787,2026-06-10,2026-05-27,T-04,STEAM,P-010115,accidental_purchase,10.3476,2.5869,7.7607
RFD-005909,ORD-0077789,2026-06-10,2026-05-27,T-01,PSN,P-033618,player_request,53.3552,16.0066,37.3486
RFD-005910,ORD-0077827,2026-06-13,2026-05-27,T-01,PSN,P-043140,partial_goodwill,15.6977,4.7093,10.9884
RFD-005911,ORD-0077864,2026-05-31,2026-05-28,T-01,PSN,P-009140,price_adjustment,17.9836,5.3951,12.5885
RFD-005912,ORD-0077872,2026-06-30,2026-05-28,T-01,XBOX,P-038315,player_request,54.4505,6.5341,47.9165
RFD-005913,ORD-0077878,2026-05-31,2026-05-28,T-03,PSN,P-006692,price_adjustment,1.1503,0.3451,0.8052
RFD-005914,ORD-0077934,2026-06-14,2026-05-28,T-01,XBOX,P-011263,price_adjustment,8.6707,1.0405,7.6302
RFD-005915,ORD-0077937,2026-06-11,2026-05-28,T-04,PSN,P-030181,accidental_purchase,4.9124,1.4737,3.4387
RFD-005916,ORD-0077975,2026-07-07,2026-05-28,T-02,XBOX,P-019618,price_adjustment,3.0798,0.3696,2.7102
RFD-005917,ORD-0077981,2026-05-31,2026-05-28,T-04,NSW,P-002151,price_adjustment,2.4562,0.7369,1.7193
RFD-005918,ORD-0077993,2026-06-14,2026-05-28,T-03,STEAM,P-013187,partial_goodwill,2.5055,0.6264,1.8791
RFD-005919,ORD-0078010,2026-06-14,2026-05-28,T-02,PSN,P-007700,partial_goodwill,7.7046,2.3114,5.3932
RFD-005920,ORD-0078019,2026-06-07,2026-05-29,T-04,XBOX,P-044016,platform_policy,27.165,3.2598,23.9052
RFD-005921,ORD-0078037,2026-06-27,2026-05-29,T-01,STEAM,P-037687,price_adjustment,14.6751,3.6688,11.0064
RFD-005922,ORD-0078042,2026-06-27,2026-05-29,T-01,STEAM,P-035896,partial_goodwill,2.3774,0.5943,1.783
RFD-005923,ORD-0078071,2026-06-06,2026-05-29,T-02,NSW,P-013974,price_adjustment,4.1269,1.2381,2.8889
RFD-005924,ORD-0078083,2026-06-15,2026-05-29,T-03,STEAM,P-006130,partial_goodwill,12.7353,3.1838,9.5515
RFD-005925,ORD-0078100,2026-06-15,2026-05-29,T-02,STEAM,P-012740,partial_goodwill,7.9353,1.9838,5.9515
RFD-005926,ORD-0078120,2026-07-01,2026-05-29,T-01,EPIC,P-004880,platform_policy,48.9077,5.8689,43.0388
RFD-005927,ORD-0078123,2026-06-03,2026-05-29,T-02,PSN,P-024550,platform_policy,24.1165,7.2349,16.8815
RFD-005928,ORD-0078130,2026-06-07,2026-05-29,T-02,PSN,P-044412,player_request,32.5582,9.7675,22.7908
RFD-005929,ORD-0078132,2026-06-03,2026-05-29,T-04,STEAM,P-009978,accidental_purchase,29.4403,7.3601,22.0802
RFD-005930,ORD-0078147,2026-06-19,2026-05-29,T-04,PSN,P-001339,player_request,26.7269,8.0181,18.7088
RFD-005931,ORD-0078191,2026-06-19,2026-05-29,T-03,STEAM,P-017156,platform_policy,15.5421,3.8855,11.6565
RFD-005932,ORD-0078197,2026-06-06,2026-05-29,T-03,STEAM,P-022836,price_adjustment,2.2898,0.5725,1.7174
RFD-005933,ORD-0078215,2026-06-06,2026-05-29,T-02,PSN,P-022558,price_adjustment,5.837,1.7511,4.0859
RFD-005934,ORD-0078217,2026-07-01,2026-05-29,T-01,PSN,P-041279,platform_policy,44.4685,13.3406,31.128
RFD-005935,ORD-0078218,2026-06-07,2026-05-29,T-02,STEAM,P-001730,accidental_purchase,33.6488,8.4122,25.2366
RFD-005936,ORD-0078231,2026-07-09,2026-05-30,T-01,EPIC,P-034004,partial_goodwill,11.1171,1.3341,9.7831
RFD-005937,ORD-0078238,2026-06-07,2026-05-30,T-01,XBOX,P-023342,price_adjustment,22.7969,2.7356,20.0613
RFD-005938,ORD-0078239,2026-06-02,2026-05-30,T-02,STEAM,P-021374,partial_goodwill,7.2329,1.8082,5.4247
RFD-005939,ORD-0078286,2026-06-16,2026-05-30,T-01,NSW,P-006248,partial_goodwill,7.3257,2.1977,5.128
RFD-005940,ORD-0078292,2026-06-07,2026-05-30,T-03,XBOX,P-007968,price_adjustment,5.0364,0.6044,4.432
RFD-005941,ORD-0078295,2026-07-02,2026-05-30,T-04,STEAM,P-013830,platform_policy,10.3051,2.5763,7.7288
RFD-005942,ORD-0078299,2026-06-16,2026-05-30,T-01,XBOX,P-001791,price_adjustment,1.2291,0.1475,1.0816
RFD-005943,ORD-0078328,2026-06-08,2026-05-30,T-04,STEAM,P-024184,accidental_purchase,4.8969,1.2242,3.6727
RFD-005944,ORD-0078338,2026-06-02,2026-05-30,T-05,STEAM,P-024780,price_adjustment,4.7458,1.1865,3.5594
RFD-005945,ORD-0078347,2026-06-01,2026-05-30,T-04,STEAM,P-030269,platform_policy,10.3051,2.5763,7.7288
RFD-005946,ORD-0078359,2026-07-09,2026-05-30,T-05,STEAM,P-016329,partial_goodwill,12.8125,3.2031,9.6094
RFD-005947,ORD-0078372,2026-06-07,2026-05-30,T-01,STEAM,P-032038,partial_goodwill,1.1102,0.2776,0.8327
RFD-005948,ORD-0078387,2026-07-02,2026-05-30,T-01,STEAM,P-033414,accidental_purchase,103.6309,25.9077,77.7232
RFD-005949,ORD-0078413,2026-06-28,2026-05-30,T-04,STEAM,P-021498,price_adjustment,4.8477,1.2119,3.6358
RFD-005950,ORD-0078421,2026-06-07,2026-05-30,T-03,STEAM,P-004676,price_adjustment,3.3826,0.8456,2.5369
RFD-005951,ORD-0078441,2026-06-02,2026-05-30,T-03,NSW,P-041747,price_adjustment,4.7548,1.4264,3.3284
RFD-005952,ORD-0078445,2026-06-07,2026-05-30,T-04,XBOX,P-020487,partial_goodwill,4.9067,0.5888,4.3179
RFD-005953,ORD-0078453,2026-07-09,2026-05-30,T-05,STEAM,P-004911,price_adjustment,13.6665,3.4166,10.2499
RFD-005954,ORD-0078468,2026-06-07,2026-05-30,T-01,PSN,P-030860,partial_goodwill,25.9034,7.771,18.1324
RFD-005955,ORD-0078479,2026-07-17,2026-05-30,T-05,EPIC,P-017790,accidental_purchase,14.0528,1.6863,12.3665
RFD-005956,ORD-0078481,2026-06-16,2026-05-30,T-04,STEAM,P-004069,price_adjustment,14.7201,3.68,11.0401
RFD-005957,ORD-0078489,2026-06-20,2026-05-30,T-02,STEAM,P-026335,player_request,24.1165,6.0291,18.0873
RFD-005958,ORD-0078507,2026-06-03,2026-05-31,T-04,XBOX,P-002484,partial_goodwill,2.5763,0.3092,2.2671
RFD-005959,ORD-0078524,2026-06-03,2026-05-31,T-04,XBOX,P-029747,partial_goodwill,4.4509,0.5341,3.9168
RFD-005960,ORD-0078525,2026-06-14,2026-05-31,T-01,STEAM,P-044051,platform_policy,66.629,16.6573,49.9718
RFD-005961,ORD-0078552,2026-06-14,2026-05-31,T-01,PSN,P-011732,player_request,4.9264,1.4779,3.4485
RFD-005962,ORD-0078556,2026-06-29,2026-05-31,T-03,EPIC,P-015585,price_adjustment,14.3953,1.7274,12.6679
RFD-005963,ORD-0078564,2026-06-03,2026-05-31,T-04,EPIC,P-003796,partial_goodwill,7.365,0.8838,6.4812
RFD-005964,ORD-0078571,2026-06-08,2026-05-31,T-05,STEAM,P-021019,price_adjustment,1.6521,0.413,1.2391
RFD-005965,ORD-0078573,2026-07-10,2026-05-31,T-01,PSN,P-000785,price_adjustment,21.9868,6.596,15.3908
RFD-005966,ORD-0078590,2026-06-17,2026-05-31,T-01,NSW,P-008640,partial_goodwill,51.2953,15.3886,35.9067
RFD-005967,ORD-0078594,2026-06-03,2026-05-31,T-04,PSN,P-013455,price_adjustment,5.1525,1.5458,3.6068
RFD-005968,ORD-0078639,2026-06-29,2026-05-31,T-03,STEAM,P-022640,price_adjustment,1.6788,0.4197,1.2591
RFD-005969,ORD-0078663,2026-07-10,2026-05-31,T-04,PSN,P-008580,partial_goodwill,3.2437,0.9731,2.2706
RFD-005970,ORD-0078693,2026-07-03,2026-05-31,T-01,STEAM,P-016811,player_request,49.3523,12.3381,37.0142
RFD-005971,ORD-0078696,2026-06-08,2026-05-31,T-02,XBOX,P-005904,price_adjustment,13.8745,1.6649,12.2096
RFD-005972,ORD-0078700,2026-06-02,2026-05-31,T-01,PSN,P-009172,player_request,17.2767,5.183,12.0937
RFD-005973,ORD-0078734,2026-07-10,2026-05-31,T-03,XBOX,P-015045,price_adjustment,6.4308,0.7717,5.6591
RFD-005974,ORD-0078746,2026-06-04,2026-06-01,T-01,EPIC,P-032227,partial_goodwill,2.4513,0.2942,2.1572
RFD-005975,ORD-0078751,2026-07-19,2026-06-01,T-02,STEAM,P-024857,platform_policy,8.439,2.1097,6.3292
RFD-005976,ORD-0078771,2026-06-03,2026-06-01,T-01,PSN,P-033590,platform_policy,4.9125,1.4737,3.4387
RFD-005977,ORD-0078782,2026-06-04,2026-06-01,T-01,NSW,P-036971,price_adjustment,26.6784,8.0035,18.6749
RFD-005978,ORD-0078783,2026-06-03,2026-06-01,T-01,PSN,P-034157,player_request,17.2279,5.1684,12.0595
RFD-005979,ORD-0078790,2026-06-04,2026-06-01,T-05,STEAM,P-028711,price_adjustment,5.8921,1.473,4.4191
RFD-005980,ORD-0078791,2026-06-06,2026-06-01,T-02,PSN,P-011097,accidental_purchase,28.7589,8.6277,20.1313
RFD-005981,ORD-0078815,2026-06-09,2026-06-01,T-03,XBOX,P-031373,price_adjustment,1.5811,0.1897,1.3913
RFD-005982,ORD-0078828,2026-06-10,2026-06-01,T-04,STEAM,P-011964,player_request,34.2401,8.56,25.6801
RFD-005983,ORD-0078833,2026-07-11,2026-06-01,T-02,PSN,P-021125,partial_goodwill,1.6742,0.5023,1.1719
RFD-005984,ORD-0078840,2026-07-11,2026-06-01,T-04,XBOX,P-020793,partial_goodwill,3.3926,0.4071,2.9855
RFD-005985,ORD-0078842,2026-06-04,2026-06-01,T-01,XBOX,P-007792,price_adjustment,15.7199,1.8864,13.8335
RFD-005986,ORD-0078847,2026-07-04,2026-06-01,T-02,XBOX,P-013106,accidental_purchase,23.974,2.8769,21.0971
RFD-005987,ORD-0078866,2026-06-03,2026-06-01,T-05,STEAM,P-037370,player_request,23.2386,5.8096,17.4289
RFD-005988,ORD-0078882,2026-07-19,2026-06-01,T-01,PSN,P-038051,platform_policy,4.7532,1.426,3.3273
RFD-005989,ORD-0078905,2026-08-11,2026-06-01,T-01,STEAM,P-011124,platform_policy,9.8249,2.4562,7.3687
RFD-005990,ORD-0078912,2026-06-30,2026-06-01,T-01,STEAM,P-007823,partial_goodwill,14.6751,3.6688,11.0064
RFD-005991,ORD-0079009,2026-06-07,2026-06-02,T-05,STEAM,P-011297,accidental_purchase,39.3004,9.8251,29.4753
RFD-005992,ORD-0079011,2026-06-05,2026-06-02,T-03,STEAM,P-006360,price_adjustment,4.8129,1.2032,3.6097
RFD-005993,ORD-0079017,2026-06-05,2026-06-02,T-01,STEAM,P-029182,price_adjustment,4.3032,1.0758,3.2274
RFD-005994,ORD-0079030,2026-06-19,2026-06-02,T-02,STEAM,P-021447,partial_goodwill,1.1959,0.299,0.8969
RFD-005995,ORD-0079034,2026-06-11,2026-06-02,T-03,STEAM,P-011084,platform_policy,4.603,1.1508,3.4523
RFD-005996,ORD-0079050,2026-06-10,2026-06-02,T-05,STEAM,P-026102,partial_goodwill,12.7723,3.1931,9.5792
RFD-005997,ORD-0079053,2026-07-01,2026-06-02,T-02,STEAM,P-009357,price_adjustment,19.0281,4.757,14.2711
RFD-005998,ORD-0079064,2026-06-07,2026-06-02,T-04,STEAM,P-012587,player_request,9.0419,2.2605,6.7814
RFD-005999,ORD-0079087,2026-07-05,2026-06-02,T-01,XBOX,P-035862,player_request,10.4478,1.2537,9.1941
RFD-006000,ORD-0079102,2026-06-19,2026-06-02,T-01,STEAM,P-034855,price_adjustment,3.1312,0.7828,2.3484
RFD-006001,ORD-0079105,2026-06-19,2026-06-02,T-01,PSN,P-012900,price_adjustment,2.2204,0.6661,1.5543
RFD-006002,ORD-0079123,2026-07-12,2026-06-02,T-01,NSW,P-037931,partial_goodwill,14.241,4.2723,9.9687
RFD-006003,ORD-0079140,2026-07-01,2026-06-02,T-04,XBOX,P-016265,price_adjustment,6.6813,0.8018,5.8796
RFD-006004,ORD-0079157,2026-07-20,2026-06-02,T-04,STEAM,P-043885,platform_policy,4.4475,1.1119,3.3356
RFD-006005,ORD-0079159,2026-06-11,2026-06-02,T-03,EPIC,P-032091,accidental_purchase,33.7007,4.0441,29.6566
RFD-006006,ORD-0079173,2026-07-13,2026-06-03,T-01,STEAM,P-031355,partial_goodwill,11.1171,2.7793,8.3378
RFD-006007,ORD-0079175,2026-06-24,2026-06-03,T-05,STEAM,P-024068,platform_policy,9.6547,2.4137,7.241
RFD-006008,ORD-0079187,2026-07-06,2026-06-03,T-01,STEAM,P-021623,player_request,10.4135,2.6034,7.8101
RFD-006009,ORD-0079219,2026-06-20,2026-06-03,T-05,STEAM,P-042084,price_adjustment,44.6531,11.1633,33.4899
RFD-006010,ORD-0079225,2026-06-08,2026-06-03,T-04,XBOX,P-026759,player_request,9.7708,1.1725,8.5983
RFD-006011,ORD-0079258,2026-06-05,2026-06-03,T-02,STEAM,P-001226,accidental_purchase,17.9301,4.4825,13.4476
RFD-006012,ORD-0079273,2026-06-17,2026-06-03,T-04,STEAM,P-008463,accidental_purchase,4.8714,1.2178,3.6535
RFD-006013,ORD-0079285,2026-07-13,2026-06-03,T-05,STEAM,P-025609,price_adjustment,26.9297,6.7324,20.1973
RFD-006014,ORD-0079320,2026-06-08,2026-06-03,T-01,NSW,P-037248,platform_policy,8.8867,2.666,6.2207
RFD-006015,ORD-0079326,2026-06-11,2026-06-03,T-01,NSW,P-035255,partial_goodwill,7.7832,2.3349,5.4482
RFD-006016,ORD-0079332,2026-06-06,2026-06-03,T-05,PSN,P-044483,price_adjustment,19.952,5.9856,13.9664
RFD-006017,ORD-0079343,2026-06-12,2026-06-03,T-05,XBOX,P-023437,accidental_purchase,39.894,4.7873,35.1067
RFD-006018,ORD-0079351,2026-07-13,2026-06-03,T-02,PSN,P-017552,price_adjustment,14.3758,4.3128,10.0631
RFD-006019,ORD-0079368,2026-07-03,2026-06-04,T-01,STEAM,P-004430,partial_goodwill,19.0912,4.7728,14.3184
RFD-006020,ORD-0079372,2026-06-21,2026-06-04,T-02,STEAM,P-026141,price_adjustment,3.1606,0.7901,2.3704
RFD-006021,ORD-0079380,2026-06-21,2026-06-04,T-02,STEAM,P-024125,partial_goodwill,11.9648,2.9912,8.9736
RFD-006022,ORD-0079396,2026-06-09,2026-06-04,T-03,STEAM,P-008442,accidental_purchase,4.7579,1.1895,3.5685
RFD-006023,ORD-0079403,2026-07-03,2026-06-04,T-01,STEAM,P-041770,price_adjustment,3.1187,0.7797,2.339
RFD-006024,ORD-0079411,2026-06-07,2026-06-04,T-05,STEAM,P-035159,partial_goodwill,1.2073,0.3018,0.9055
RFD-006025,ORD-0079414,2026-07-03,2026-06-04,T-03,XBOX,P-042846,price_adjustment,1.508,0.181,1.327
RFD-006026,ORD-0079427,2026-07-03,2026-06-04,T-04,STEAM,P-040127,price_adjustment,9.6977,2.4244,7.2733
RFD-006027,ORD-0079478,2026-06-13,2026-06-04,T-01,STEAM,P-031744,accidental_purchase,98.5282,24.632,73.8961
RFD-006028,ORD-0079483,2026-06-12,2026-06-04,T-01,EPIC,P-038577,partial_goodwill,5.1381,0.6166,4.5215
RFD-006029,ORD-0079497,2026-06-07,2026-06-04,T-01,PSN,P-014208,partial_goodwill,66.7028,20.0108,46.6919
RFD-006030,ORD-0079500,2026-06-25,2026-06-04,T-03,PSN,P-009735,player_request,13.8274,4.1482,9.6792
RFD-006031,ORD-0079507,2026-08-14,2026-06-04,T-02,EPIC,P-034427,platform_policy,25.349,3.0419,22.3071
RFD-006032,ORD-0079508,2026-06-07,2026-06-04,T-01,STEAM,P-017486,price_adjustment,2.4539,0.6135,1.8404
RFD-006033,ORD-0079513,2026-06-12,2026-06-04,T-01,STEAM,P-009748,partial_goodwill,16.2545,4.0636,12.1909
RFD-006034,ORD-0079539,2026-07-14,2026-06-04,T-01,PSN,P-036176,price_adjustment,7.017,2.1051,4.9119
RFD-006035,ORD-0079574,2026-07-14,2026-06-04,T-02,PSN,P-034556,price_adjustment,1.1995,0.3598,0.8396
RFD-006036,ORD-0079620,2026-07-04,2026-06-05,T-03,STEAM,P-010200,price_adjustment,8.0131,2.0033,6.0098
RFD-006037,ORD-0079635,2026-07-08,2026-06-05,T-03,EPIC,P-024833,platform_policy,13.8274,1.6593,12.1681
RFD-006038,ORD-0079649,2026-06-13,2026-06-05,T-01,STEAM,P-005318,price_adjustment,3.2425,0.8106,2.4319
RFD-006039,ORD-0079672,2026-07-04,2026-06-05,T-01,EPIC,P-027786,partial_goodwill,1.2245,0.1469,1.0776
RFD-006040,ORD-0079682,2026-06-22,2026-06-05,T-02,STEAM,P-009117,partial_goodwill,7.8731,1.9683,5.9048
RFD-006041,ORD-0079697,2026-06-10,2026-06-05,T-05,STEAM,P-022238,platform_policy,13.7589,3.4397,10.3192
RFD-006042,ORD-0079702,2026-06-22,2026-06-05,T-01,STEAM,P-036268,partial_goodwill,11.7797,2.9449,8.8348
RFD-006043,ORD-0079772,2026-07-04,2026-06-05,T-04,PSN,P-016797,price_adjustment,5.1202,1.5361,3.5842
RFD-006044,ORD-0079783,2026-06-26,2026-06-05,T-01,PSN,P-036319,accidental_purchase,23.4501,7.035,16.4151
RFD-006045,ORD-0079786,2026-07-08,2026-06-05,T-01,STEAM,P-031226,platform_policy,50.0365,12.5091,37.5274
RFD-006046,ORD-0079796,2026-07-23,2026-06-05,T-01,NSW,P-018086,accidental_purchase,58.9914,17.6974,41.294
RFD-006047,ORD-0079804,2026-07-15,2026-06-05,T-03,STEAM,P-024410,price_adjustment,2.547,0.6367,1.9102
RFD-006048,ORD-0079806,2026-06-08,2026-06-05,T-01,STEAM,P-036277,partial_goodwill,10.6037,2.6509,7.9528
RFD-006049,ORD-0079818,2026-06-22,2026-06-05,T-04,PSN,P-022848,price_adjustment,5.8737,1.7621,4.1116
RFD-006050,ORD-0079827,2026-07-23,2026-06-05,T-05,STEAM,P-037511,platform_policy,14.4883,3.6221,10.8662
RFD-006051,ORD-0079833,2026-06-07,2026-06-05,T-01,XBOX,P-021301,player_request,49.166,5.8999,43.2661
RFD-006052,ORD-0079841,2026-06-14,2026-06-05,T-04,STEAM,P-041709,accidental_purchase,40.0778,10.0195,30.0584
RFD-006053,ORD-0079842,2026-06-26,2026-06-05,T-01,STEAM,P-028756,player_request,9.4078,2.352,7.0559
RFD-006054,ORD-0079883,2026-07-05,2026-06-06,T-04,XBOX,P-009331,price_adjustment,2.4317,0.2918,2.1399
RFD-006055,ORD-0079903,2026-06-20,2026-06-06,T-05,PSN,P-026854,accidental_purchase,4.8294,1.4488,3.3806
RFD-006056,ORD-0079908,2026-06-23,2026-06-06,T-01,PSN,P-011580,price_adjustment,4.4425,1.3328,3.1098
RFD-006057,ORD-0079950,2026-06-14,2026-06-06,T-03,XBOX,P-044003,price_adjustment,7.6009,0.9121,6.6888
RFD-006058,ORD-0079980,2026-06-14,2026-06-06,T-02,STEAM,P-005574,price_adjustment,2.3902,0.5976,1.7927
RFD-006059,ORD-0079983,2026-06-11,2026-06-06,T-01,STEAM,P-005701,player_request,9.4178,2.3544,7.0633
RFD-006060,ORD-0079997,2026-06-20,2026-06-06,T-01,XBOX,P-038878,platform_policy,90.9903,10.9188,80.0715
RFD-006061,ORD-0080020,2026-07-09,2026-06-06,T-04,EPIC,P-041320,platform_policy,29.3292,3.5195,25.8097
RFD-006062,ORD-0080038,2026-07-16,2026-06-06,T-01,STEAM,P-014000,partial_goodwill,23.5694,5.8924,17.6771
RFD-006063,ORD-0080058,2026-06-08,2026-06-06,T-02,STEAM,P-042689,accidental_purchase,23.8584,5.9646,17.8938
RFD-006064,ORD-0080072,2026-07-05,2026-06-06,T-05,STEAM,P-010152,price_adjustment,13.7507,3.4377,10.313
RFD-006065,ORD-0080077,2026-06-23,2026-06-06,T-02,STEAM,P-010087,partial_goodwill,5.9853,1.4963,4.489
RFD-006066,ORD-0080090,2026-06-14,2026-06-06,T-04,STEAM,P-026825,price_adjustment,5.3842,1.346,4.0381
RFD-006067,ORD-0080100,2026-06-14,2026-06-06,T-02,NSW,P-000328,partial_goodwill,2.6969,0.8091,1.8879
RFD-006068,ORD-0080102,2026-06-14,2026-06-06,T-01,EPIC,P-026067,partial_goodwill,4.1259,0.4951,3.6308
RFD-006069,ORD-0080105,2026-08-16,2026-06-06,T-04,STEAM,P-024512,platform_policy,4.8784,1.2196,3.6588
RFD-006070,ORD-0080113,2026-06-27,2026-06-06,T-01,STEAM,P-017710,player_request,9.4078,2.352,7.0559
RFD-006071,ORD-0080119,2026-07-05,2026-06-06,T-02,XBOX,P-040372,partial_goodwill,4.7804,0.5737,4.2068
RFD-006072,ORD-0080122,2026-07-09,2026-06-06,T-03,PSN,P-028067,platform_policy,9.698,2.9094,6.7886
RFD-006073,ORD-0080178,2026-06-15,2026-06-07,T-03,XBOX,P-040092,price_adjustment,14.5666,1.748,12.8186
RFD-006074,ORD-0080190,2026-07-10,2026-06-07,T-03,PSN,P-009700,platform_policy,4.849,1.4547,3.3943
RFD-006075,ORD-0080202,2026-06-10,2026-06-07,T-05,STEAM,P-027068,partial_goodwill,9.9261,2.4815,7.4445
RFD-006076,ORD-0080228,2026-07-25,2026-06-07,T-01,STEAM,P-011895,accidental_purchase,17.2115,4.3029,12.9087
RFD-006077,ORD-0080230,2026-06-24,2026-06-07,T-04,XBOX,P-008081,partial_goodwill,14.6646,1.7597,12.9048
RFD-006078,ORD-0080249,2026-06-24,2026-06-07,T-01,NSW,P-037338,partial_goodwill,4.3004,1.2901,3.0103
RFD-006079,ORD-0080261,2026-06-24,2026-06-07,T-03,XBOX,P-031574,price_adjustment,5.1037,0.6124,4.4913
RFD-006080,ORD-0080279,2026-06-10,2026-06-07,T-04,STEAM,P-002172,price_adjustment,5.3842,1.346,4.0381
RFD-006081,ORD-0080291,2026-07-17,2026-06-07,T-04,XBOX,P-030816,price_adjustment,1.6065,0.1928,1.4138
RFD-006082,ORD-0080308,2026-06-15,2026-06-07,T-04,PSN,P-020078,partial_goodwill,4.8634,1.459,3.4044
RFD-006083,ORD-0080312,2026-07-06,2026-06-07,T-05,NSW,P-020941,price_adjustment,9.8247,2.9474,6.8773
RFD-006084,ORD-0080320,2026-06-10,2026-06-07,T-01,STEAM,P-011559,partial_goodwill,1.6163,0.4041,1.2123
RFD-006085,ORD-0080344,2026-07-06,2026-06-07,T-03,PSN,P-036395,price_adjustment,16.9862,5.0959,11.8904
RFD-006086,ORD-0080364,2026-06-15,2026-06-07,T-04,STEAM,P-036375,price_adjustment,2.3121,0.578,1.7341
RFD-006087,ORD-0080366,2026-06-10,2026-06-07,T-01,NSW,P-031103,partial_goodwill,27.0369,8.1111,18.9258
RFD-006088,ORD-0080368,2026-06-16,2026-06-07,T-02,XBOX,P-003259,accidental_purchase,32.9249,3.951,28.9739
RFD-006089,ORD-0080371,2026-07-25,2026-06-07,T-01,STEAM,P-021566,accidental_purchase,39.3309,9.8327,29.4981
RFD-006090,ORD-0080380,2026-06-10,2026-06-07,T-05,STEAM,P-003031,price_adjustment,25.5283,6.3821,19.1462
RFD-006091,ORD-0080385,2026-06-10,2026-06-07,T-04,STEAM,P-011023,price_adjustment,8.5519,2.138,6.4139
RFD-006092,ORD-0080400,2026-07-17,2026-06-07,T-01,PSN,P-005414,price_adjustment,15.0134,4.504,10.5094
RFD-006093,ORD-0080401,2026-06-15,2026-06-07,T-02,STEAM,P-025111,partial_goodwill,4.6666,1.1666,3.4999
RFD-006094,ORD-0080402,2026-07-17,2026-06-07,T-02,STEAM,P-030212,price_adjustment,5.837,1.4592,4.3777
RFD-006095,ORD-0080403,2026-07-06,2026-06-07,T-03,STEAM,P-014772,partial_goodwill,7.2784,1.8196,5.4588
RFD-006096,ORD-0080409,2026-06-21,2026-06-07,T-04,EPIC,P-008064,player_request,29.3292,3.5195,25.8097
RFD-006097,ORD-0080452,2026-06-16,2026-06-07,T-01,XBOX,P-008965,player_request,48.9077,5.8689,43.0388
RFD-006098,ORD-0080454,2026-06-24,2026-06-07,T-02,STEAM,P-041789,partial_goodwill,5.9696,1.4924,4.4772
RFD-006099,ORD-0080457,2026-06-15,2026-06-07,T-03,XBOX,P-043212,partial_goodwill,4.7234,0.5668,4.1566
RFD-006100,ORD-0080474,2026-06-15,2026-06-07,T-02,XBOX,P-037778,price_adjustment,7.7622,0.9315,6.8308
RFD-006101,ORD-0080477,2026-06-15,2026-06-07,T-04,STEAM,P-040549,price_adjustment,8.0523,2.0131,6.0392
RFD-006102,ORD-0080480,2026-06-15,2026-06-07,T-04,STEAM,P-031951,partial_goodwill,2.5601,0.64,1.9201
RFD-006103,ORD-0080485,2026-07-17,2026-06-07,T-03,STEAM,P-030323,partial_goodwill,7.2784,1.8196,5.4588
RFD-006104,ORD-0080494,2026-07-06,2026-06-07,T-04,XBOX,P-041813,price_adjustment,2.3391,0.2807,2.0584
RFD-006105,ORD-0080507,2026-07-17,2026-06-07,T-02,XBOX,P-032481,partial_goodwill,2.3819,0.2858,2.096
RFD-006106,ORD-0080525,2026-06-10,2026-06-07,T-04,PSN,P-028260,price_adjustment,14.6646,4.3994,10.2652
RFD-006107,ORD-0080549,2026-06-11,2026-06-08,T-03,STEAM,P-015649,price_adjustment,1.6908,0.4227,1.2681
RFD-006108,ORD-0080582,2026-06-17,2026-06-08,T-02,STEAM,P-009782,accidental_purchase,9.4774,2.3693,7.108
RFD-006109,ORD-0080585,2026-06-11,2026-06-08,T-03,STEAM,P-034607,partial_goodwill,6.8753,1.7188,5.1565
RFD-006110,ORD-0080589,2026-06-29,2026-06-08,T-04,NSW,P-008570,platform_policy,39.2332,11.77,27.4632
RFD-006111,ORD-0080643,2026-06-11,2026-06-08,T-04,NSW,P-031181,price_adjustment,2.5756,0.7727,1.8029
RFD-006112,ORD-0080679,2026-06-22,2026-06-08,T-02,EPIC,P-029388,accidental_purchase,9.6043,1.1525,8.4518
RFD-006113,ORD-0080685,2026-08-18,2026-06-08,T-02,STEAM,P-023379,accidental_purchase,15.2265,3.8066,11.4199
RFD-006114,ORD-0080702,2026-06-16,2026-06-08,T-04,XBOX,P-038867,price_adjustment,9.9386,1.1926,8.7459
RFD-006115,ORD-0080705,2026-07-18,2026-06-08,T-02,STEAM,P-011291,price_adjustment,10.4015,2.6004,7.8011
RFD-006116,ORD-0080718,2026-06-29,2026-06-08,T-01,STEAM,P-012731,platform_policy,93.6846,23.4211,70.2634
RFD-006117,ORD-0080729,2026-07-11,2026-06-08,T-01,STEAM,P-039040,player_request,44.4685,11.1171,33.3514
RFD-006118,ORD-0080746,2026-07-26,2026-06-08,T-01,STEAM,P-023791,player_request,49.3389,12.3347,37.0042
RFD-006119,ORD-0080786,2026-06-16,2026-06-08,T-02,STEAM,P-035089,partial_goodwill,12.0128,3.0032,9.0096
RFD-006120,ORD-0080789,2026-06-10,2026-06-08,T-02,XBOX,P-006651,player_request,9.6043,1.1525,8.4518
RFD-006121,ORD-0080791,2026-06-10,2026-06-08,T-01,EPIC,P-009986,accidental_purchase,5.2077,0.6249,4.5828
RFD-006122,ORD-0080811,2026-07-19,2026-06-09,T-01,STEAM,P-019765,price_adjustment,1.2268,0.3067,0.9201
RFD-006123,ORD-0080815,2026-07-08,2026-06-09,T-01,XBOX,P-026192,partial_goodwill,4.5603,0.5472,4.0131
RFD-006124,ORD-0080837,2026-06-17,2026-06-09,T-02,XBOX,P-030357,price_adjustment,16.062,1.9274,14.1345
RFD-006125,ORD-0080855,2026-07-12,2026-06-09,T-01,STEAM,P-010262,player_request,24.4547,6.1137,18.341
RFD-006126,ORD-0080909,2026-06-17,2026-06-09,T-01,STEAM,P-021752,price_adjustment,28.7612,7.1903,21.5709
RFD-006127,ORD-0080938,2026-06-18,2026-06-09,T-01,PSN,P-004129,accidental_purchase,14.7604,4.4281,10.3323
RFD-006128,ORD-0080955,2026-06-23,2026-06-09,T-01,STEAM,P-002183,platform_policy,9.8435,2.4609,7.3827
RFD-006129,ORD-0080967,2026-07-08,2026-06-09,T-01,PSN,P-041149,price_adjustment,2.4633,0.739,1.7243
RFD-006130,ORD-0080975,2026-06-26,2026-06-09,T-02,EPIC,P-010635,partial_goodwill,7.7946,0.9354,6.8593
RFD-006131,ORD-0080986,2026-06-11,2026-06-09,T-02,STEAM,P-027189,platform_policy,8.2703,2.0676,6.2027
RFD-006132,ORD-0080994,2026-06-26,2026-06-09,T-01,STEAM,P-029117,price_adjustment,6.4969,1.6242,4.8727
RFD-006133,ORD-0080997,2026-08-19,2026-06-09,T-01,STEAM,P-010603,platform_policy,14.0741,3.5185,10.5556
RFD-006134,ORD-0081002,2026-06-13,2026-06-10,T-04,XBOX,P-021998,price_adjustment,13.833,1.66,12.173
RFD-006135,ORD-0081016,2026-07-13,2026-06-10,T-04,XBOX,P-006286,player_request,5.1202,0.6144,4.5058
RFD-006136,ORD-0081028,2026-06-27,2026-06-10,T-02,PSN,P-001560,price_adjustment,12.0069,3.6021,8.4049
RFD-006137,ORD-0081034,2026-06-18,2026-06-10,T-01,STEAM,P-015823,partial_goodwill,4.3135,1.0784,3.2351
RFD-006138,ORD-0081038,2026-06-18,2026-06-10,T-01,STEAM,P-002047,partial_goodwill,32.2378,8.0595,24.1784
RFD-006139,ORD-0081048,2026-08-20,2026-06-10,T-04,XBOX,P-034189,accidental_purchase,10.2973,1.2357,9.0616
RFD-006140,ORD-0081062,2026-07-09,2026-06-10,T-03,STEAM,P-008586,partial_goodwill,4.8244,1.2061,3.6183
RFD-006141,ORD-0081092,2026-07-09,2026-06-10,T-03,STEAM,P-029789,price_adjustment,4.7235,1.1809,3.5426
RFD-006142,ORD-0081098,2026-07-01,2026-06-10,T-01,PSN,P-018054,player_request,98.6298,29.5889,69.0408
RFD-006143,ORD-0081126,2026-07-28,2026-06-10,T-04,PSN,P-021212,platform_policy,9.2088,2.7626,6.4461
RFD-006144,ORD-0081128,2026-06-27,2026-06-10,T-05,EPIC,P-038468,partial_goodwill,3.2647,0.3918,2.873
RFD-006145,ORD-0081136,2026-06-27,2026-06-10,T-03,STEAM,P-044917,partial_goodwill,1.346,0.3365,1.0095
RFD-006146,ORD-0081156,2026-07-09,2026-06-10,T-02,NSW,P-012542,price_adjustment,2.1027,0.6308,1.4719
RFD-006147,ORD-0081166,2026-06-13,2026-06-11,T-05,XBOX,P-005967,player_request,41.7627,5.0115,36.7511
RFD-006148,ORD-0081179,2026-06-28,2026-06-11,T-01,STEAM,P-042294,price_adjustment,16.1398,4.035,12.1049
RFD-006149,ORD-0081183,2026-07-29,2026-06-11,T-03,STEAM,P-036879,accidental_purchase,24.3687,6.0922,18.2765
RFD-006150,ORD-0081187,2026-07-10,2026-06-11,T-04,STEAM,P-033465,partial_goodwill,2.9729,0.7432,2.2297
RFD-006151,ORD-0081214,2026-07-10,2026-06-11,T-01,PSN,P-021118,price_adjustment,24.6835,7.4051,17.2785
RFD-006152,ORD-0081219,2026-07-10,2026-06-11,T-03,XBOX,P-006898,partial_goodwill,7.7773,0.9333,6.844
RFD-006153,ORD-0081246,2026-07-10,2026-06-11,T-01,XBOX,P-028087,partial_goodwill,12.3467,1.4816,10.8651
RFD-006154,ORD-0081255,2026-06-19,2026-06-11,T-01,NSW,P-024661,price_adjustment,2.4693,0.7408,1.7285
RFD-006155,ORD-0081271,2026-06-14,2026-06-11,T-01,STEAM,P-030395,partial_goodwill,8.1929,2.0482,6.1447
RFD-006156,ORD-0081275,2026-06-14,2026-06-11,T-01,STEAM,P-002815,partial_goodwill,2.2767,0.5692,1.7076
RFD-006157,ORD-0081277,2026-06-19,2026-06-11,T-02,STEAM,P-013920,price_adjustment,4.2107,1.0527,3.158
RFD-006158,ORD-0081280,2026-07-21,2026-06-11,T-01,EPIC,P-035821,partial_goodwill,15.4458,1.8535,13.5923
RFD-006159,ORD-0081283,2026-07-10,2026-06-11,T-02,PSN,P-017935,price_adjustment,5.927,1.7781,4.1489
RFD-006160,ORD-0081291,2026-06-28,2026-06-11,T-05,PSN,P-025285,partial_goodwill,19.7204,5.9161,13.8042
RFD-006161,ORD-0081307,2026-06-28,2026-06-11,T-01,STEAM,P-027230,partial_goodwill,2.2767,0.5692,1.7076
RFD-006162,ORD-0081314,2026-06-16,2026-06-11,T-01,STEAM,P-010874,platform_policy,4.9288,1.2322,3.6966
RFD-006163,ORD-0081330,2026-07-21,2026-06-11,T-05,STEAM,P-024297,partial_goodwill,4.7482,1.187,3.5611
RFD-006164,ORD-0081364,2026-07-29,2026-06-11,T-04,XBOX,P-030023,platform_policy,9.8085,1.177,8.6315
RFD-006165,ORD-0081369,2026-06-20,2026-06-11,T-05,XBOX,P-035868,accidental_purchase,52.4562,6.2947,46.1614
RFD-006166,ORD-0081376,2026-06-19,2026-06-11,T-02,STEAM,P-042705,price_adjustment,2.0779,0.5195,1.5584
RFD-006167,ORD-0081379,2026-06-19,2026-06-11,T-04,EPIC,P-035372,partial_goodwill,29.4549,3.5346,25.9203
RFD-006168,ORD-0081380,2026-07-21,2026-06-11,T-05,STEAM,P-002439,partial_goodwill,13.0117,3.2529,9.7588
RFD-006169,ORD-0081382,2026-06-14,2026-06-11,T-01,PSN,P-041321,price_adjustment,28.0815,8.4244,19.657
RFD-006170,ORD-0081383,2026-06-14,2026-06-11,T-04,STEAM,P-025304,partial_goodwill,7.3687,1.8422,5.5265
RFD-006171,ORD-0081384,2026-07-14,2026-06-11,T-01,STEAM,P-037130,platform_policy,17.2853,4.3213,12.964
RFD-006172,ORD-0081402,2026-07-21,2026-06-11,T-05,XBOX,P-039596,partial_goodwill,1.6185,0.1942,1.4243
RFD-006173,ORD-0081409,2026-07-11,2026-06-12,T-01,XBOX,P-040089,price_adjustment,5.6856,0.6823,5.0033
RFD-006174,ORD-0081411,2026-07-03,2026-06-12,T-04,PSN,P-001552,accidental_purchase,32.0731,9.6219,22.4512
RFD-006175,ORD-0081418,2026-06-15,2026-06-12,T-02,STEAM,P-014797,price_adjustment,7.0782,1.7696,5.3087
RFD-006176,ORD-0081422,2026-06-20,2026-06-12,T-02,PSN,P-017446,partial_goodwill,3.0798,0.9239,2.1559
RFD-006177,ORD-0081431,2026-06-14,2026-06-12,T-03,STEAM,P-033721,accidental_purchase,13.8274,3.4569,10.3706
RFD-006178,ORD-0081432,2026-07-03,2026-06-12,T-03,PSN,P-037133,player_request,14.0936,4.2281,9.8655
RFD-006179,ORD-0081449,2026-07-22,2026-06-12,T-05,STEAM,P-011072,partial_goodwill,27.1438,6.7859,20.3578
RFD-006180,ORD-0081454,2026-06-15,2026-06-12,T-01,EPIC,P-012975,partial_goodwill,21.9189,2.6303,19.2887
RFD-006181,ORD-0081463,2026-08-22,2026-06-12,T-05,STEAM,P-000838,platform_policy,38.711,9.6778,29.0333
RFD-006182,ORD-0081489,2026-06-15,2026-06-12,T-01,STEAM,P-007275,price_adjustment,12.8312,3.2078,9.6234
RFD-006183,ORD-0081497,2026-06-15,2026-06-12,T-05,STEAM,P-007760,partial_goodwill,4.5368,1.1342,3.4026
RFD-006184,ORD-0081516,2026-06-29,2026-06-12,T-01,NSW,P-017432,partial_goodwill,1.1638,0.3491,0.8146
RFD-006185,ORD-0081567,2026-07-11,2026-06-12,T-02,XBOX,P-032428,price_adjustment,2.3563,0.2828,2.0735
RFD-006186,ORD-0081578,2026-06-14,2026-06-12,T-01,STEAM,P-009187,player_request,59.0321,14.758,44.2741
RFD-006187,ORD-0081586,2026-06-20,2026-06-12,T-01,PSN,P-023960,price_adjustment,3.0103,0.9031,2.1072
RFD-006188,ORD-0081594,2026-06-26,2026-06-12,T-04,STEAM,P-030838,platform_policy,4.5762,1.1441,3.4322
RFD-006189,ORD-0081624,2026-06-20,2026-06-12,T-01,STEAM,P-023234,price_adjustment,14.7531,3.6883,11.0648
RFD-006190,ORD-0081628,2026-06-15,2026-06-12,T-03,PSN,P-033803,partial_goodwill,1.2105,0.3632,0.8474
RFD-006191,ORD-0081635,2026-06-29,2026-06-12,T-03,STEAM,P-032923,price_adjustment,2.573,0.6433,1.9298
RFD-006192,ORD-0081646,2026-06-20,2026-06-12,T-05,NSW,P-013409,partial_goodwill,27.1438,8.1431,19.0007
RFD-006193,ORD-0081647,2026-06-21,2026-06-12,T-03,EPIC,P-015131,accidental_purchase,9.1792,1.1015,8.0777
RFD-006194,ORD-0081673,2026-06-15,2026-06-12,T-01,STEAM,P-012957,price_adjustment,12.3024,3.0756,9.2268
RFD-006195,ORD-0081675,2026-06-29,2026-06-12,T-04,PSN,P-043914,price_adjustment,4.5165,1.3549,3.1615
RFD-006196,ORD-0081678,2026-07-15,2026-06-12,T-05,XBOX,P-005076,player_request,13.7583,1.651,12.1073
RFD-006197,ORD-0081687,2026-06-29,2026-06-12,T-01,PSN,P-008155,price_adjustment,20.7805,6.2341,14.5463
RFD-006198,ORD-0081689,2026-06-20,2026-06-12,T-01,PSN,P-018898,partial_goodwill,17.2234,5.167,12.0564
RFD-006199,ORD-0081702,2026-06-15,2026-06-12,T-02,STEAM,P-021908,partial_goodwill,4.1324,1.0331,3.0993
RFD-006200,ORD-0081709,2026-06-15,2026-06-12,T-01,STEAM,P-001895,partial_goodwill,16.2333,4.0583,12.175
RFD-006201,ORD-0081710,2026-07-22,2026-06-12,T-05,PSN,P-038288,partial_goodwill,4.399,1.3197,3.0793
RFD-006202,ORD-0081717,2026-06-17,2026-06-12,T-05,STEAM,P-031057,platform_policy,44.2041,11.051,33.1531
RFD-006203,ORD-0081719,2026-07-22,2026-06-12,T-03,PSN,P-015829,price_adjustment,4.5629,1.3689,3.194
RFD-006204,ORD-0081733,2026-07-22,2026-06-12,T-04,STEAM,P-006821,partial_goodwill,2.2881,0.572,1.7161
RFD-006205,ORD-0081761,2026-06-21,2026-06-13,T-01,STEAM,P-032420,price_adjustment,2.2221,0.5555,1.6666
RFD-006206,ORD-0081794,2026-06-30,2026-06-13,T-05,PSN,P-020536,partial_goodwill,2.4512,0.7353,1.7158
RFD-006207,ORD-0081803,2026-06-22,2026-06-13,T-05,XBOX,P-038228,accidental_purchase,9.8231,1.1788,8.6444
RFD-006208,ORD-0081811,2026-07-12,2026-06-13,T-02,NSW,P-020162,price_adjustment,4.088,1.2264,2.8616
RFD-006209,ORD-0081813,2026-07-31,2026-06-13,T-01,NSW,P-031966,platform_policy,27.0458,8.1137,18.932
RFD-006210,ORD-0081869,2026-06-16,2026-06-13,T-05,EPIC,P-003239,partial_goodwill,9.6753,1.161,8.5143
RFD-006211,ORD-0081875,2026-06-27,2026-06-13,T-05,STEAM,P-017467,platform_policy,43.5438,10.8859,32.6578
RFD-006212,ORD-0081878,2026-06-18,2026-06-13,T-04,STEAM,P-037939,platform_policy,36.1497,9.0374,27.1123
RFD-006213,ORD-0081885,2026-06-21,2026-06-13,T-01,STEAM,P-003903,partial_goodwill,2.4507,0.6127,1.838
RFD-006214,ORD-0081913,2026-07-12,2026-06-13,T-01,STEAM,P-018787,partial_goodwill,3.2447,0.8112,2.4335
RFD-006215,ORD-0081921,2026-06-21,2026-06-13,T-01,NSW,P-039374,price_adjustment,22.8235,6.847,15.9764
RFD-006216,ORD-0081926,2026-07-23,2026-06-13,T-01,STEAM,P-025451,partial_goodwill,31.4334,7.8583,23.575
RFD-006217,ORD-0081952,2026-06-22,2026-06-13,T-01,STEAM,P-034972,accidental_purchase,4.6551,1.1638,3.4914
RFD-006218,ORD-0081970,2026-06-30,2026-06-13,T-05,PSN,P-036881,partial_goodwill,4.399,1.3197,3.0793
RFD-006219,ORD-0081975,2026-07-31,2026-06-13,T-01,EPIC,P-044659,platform_policy,98.3999,11.808,86.5919
RFD-006220,ORD-0082017,2026-07-23,2026-06-13,T-04,NSW,P-044193,price_adjustment,5.957,1.7871,4.1699
RFD-006221,ORD-0082041,2026-07-23,2026-06-13,T-05,STEAM,P-040540,price_adjustment,9.5193,2.3798,7.1395
RFD-006222,ORD-0082050,2026-06-27,2026-06-13,T-05,STEAM,P-008991,platform_policy,56.527,14.1317,42.3952
RFD-006223,ORD-0082052,2026-06-30,2026-06-13,T-01,NSW,P-034135,price_adjustment,1.2253,0.3676,0.8577
RFD-006224,ORD-0082057,2026-07-12,2026-06-13,T-04,STEAM,P-004276,price_adjustment,2.2881,0.572,1.7161
RFD-006225,ORD-0082067,2026-06-30,2026-06-13,T-04,XBOX,P-018011,partial_goodwill,9.1274,1.0953,8.0322
RFD-006226,ORD-0082077,2026-07-01,2026-06-14,T-01,STEAM,P-041834,price_adjustment,2.4507,0.6127,1.838
RFD-006227,ORD-0082101,2026-06-19,2026-06-14,T-03,STEAM,P-006966,accidental_purchase,13.8174,3.4544,10.3631
RFD-006228,ORD-0082121,2026-06-17,2026-06-14,T-04,STEAM,P-034551,partial_goodwill,3.451,0.8628,2.5883
RFD-006229,ORD-0082122,2026-06-23,2026-06-14,T-01,STEAM,P-005631,player_request,9.3201,2.33,6.9901
RFD-006230,ORD-0082130,2026-07-05,2026-06-14,T-04,PSN,P-000412,player_request,9.7733,2.932,6.8413
RFD-006231,ORD-0082142,2026-06-22,2026-06-14,T-01,STEAM,P-041268,partial_goodwill,2.2204,0.5551,1.6653
RFD-006232,ORD-0082151,2026-06-17,2026-06-14,T-02,EPIC,P-040223,partial_goodwill,2.3919,0.287,2.1048
RFD-006233,ORD-0082162,2026-08-24,2026-06-14,T-05,STEAM,P-002190,player_request,4.9017,1.2254,3.6763
RFD-006234,ORD-0082207,2026-07-01,2026-06-14,T-05,PSN,P-027601,partial_goodwill,9.8231,2.9469,6.8762
RFD-006235,ORD-0082212,2026-06-28,2026-06-14,T-01,NSW,P-003092,player_request,4.4392,1.3317,3.1074
RFD-006236,ORD-0082218,2026-06-22,2026-06-14,T-04,PSN,P-016058,price_adjustment,13.6079,4.0824,9.5255
RFD-006237,ORD-0082224,2026-06-22,2026-06-14,T-04,STEAM,P-001505,partial_goodwill,2.2582,0.5646,1.6937
RFD-006238,ORD-0082229,2026-07-24,2026-06-14,T-01,PSN,P-034258,price_adjustment,12.958,3.8874,9.0706
RFD-006239,ORD-0082230,2026-07-01,2026-06-14,T-01,STEAM,P-018646,partial_goodwill,15.7407,3.9352,11.8055
RFD-006240,ORD-0082241,2026-07-24,2026-06-14,T-01,EPIC,P-012260,price_adjustment,22.2343,2.6681,19.5661
RFD-006241,ORD-0082244,2026-06-23,2026-06-14,T-02,STEAM,P-010792,accidental_purchase,23.611,5.9028,17.7083
RFD-006242,ORD-0082247,2026-06-17,2026-06-14,T-05,PSN,P-035301,price_adjustment,1.6175,0.4852,1.1322
RFD-006243,ORD-0082256,2026-07-24,2026-06-14,T-01,XBOX,P-033078,partial_goodwill,15.3955,1.8475,13.548
RFD-006244,ORD-0082264,2026-07-24,2026-06-14,T-04,STEAM,P-000289,price_adjustment,3.7937,0.9484,2.8452
RFD-006245,ORD-0082282,2026-06-28,2026-06-14,T-04,XBOX,P-036609,platform_policy,10.2733,1.2328,9.0405
RFD-006246,ORD-0082294,2026-06-16,2026-06-14,T-04,PSN,P-031790,platform_policy,9.7733,2.932,6.8413
RFD-006247,ORD-0082297,2026-07-13,2026-06-14,T-02,XBOX,P-040736,partial_goodwill,2.0978,0.2517,1.8461
RFD-006248,ORD-0082299,2026-06-17,2026-06-14,T-03,PSN,P-022788,price_adjustment,8.499,2.5497,5.9493
RFD-006249,ORD-0082302,2026-07-13,2026-06-14,T-05,STEAM,P-013266,price_adjustment,39.3024,9.8256,29.4768
RFD-006250,ORD-0082312,2026-07-02,2026-06-15,T-05,STEAM,P-030061,partial_goodwill,24.402,6.1005,18.3015
RFD-006251,ORD-0082315,2026-06-20,2026-06-15,T-01,STEAM,P-010367,platform_policy,4.9203,1.2301,3.6902
RFD-006252,ORD-0082320,2026-07-25,2026-06-15,T-04,PSN,P-015557,price_adjustment,7.0135,2.1041,4.9095
RFD-006253,ORD-0082348,2026-08-25,2026-06-15,T-01,STEAM,P-021532,accidental_purchase,32.4706,8.1177,24.353
RFD-006254,ORD-0082361,2026-07-25,2026-06-15,T-02,STEAM,P-041984,partial_goodwill,7.0023,1.7506,5.2518
RFD-006255,ORD-0082365,2026-07-14,2026-06-15,T-05,NSW,P-028676,partial_goodwill,1.2157,0.3647,0.851
RFD-006256,ORD-0082392,2026-06-20,2026-06-15,T-05,PSN,P-038864,player_request,38.7826,11.6348,27.1478
RFD-006257,ORD-0082424,2026-06-23,2026-06-15,T-01,EPIC,P-033006,price_adjustment,15.304,1.8365,13.4675
RFD-006258,ORD-0082426,2026-07-14,2026-06-15,T-03,XBOX,P-020188,partial_goodwill,3.2114,0.3854,2.8261
RFD-006259,ORD-0082444,2026-07-14,2026-06-15,T-05,EPIC,P-012291,partial_goodwill,24.5533,2.9464,21.6069
RFD-006260,ORD-0082471,2026-06-17,2026-06-15,T-02,EPIC,P-027835,accidental_purchase,28.0077,3.3609,24.6468
RFD-006261,ORD-0082491,2026-07-14,2026-06-15,T-03,STEAM,P-010655,partial_goodwill,9.6343,2.4086,7.2257
RFD-006262,ORD-0082499,2026-07-02,2026-06-15,T-03,STEAM,P-011047,price_adjustment,3.8766,0.9692,2.9075
RFD-006263,ORD-0082500,2026-07-14,2026-06-15,T-04,XBOX,P-039569,partial_goodwill,7.3558,0.8827,6.4731
RFD-006264,ORD-0082524,2026-06-23,2026-06-15,T-01,EPIC,P-013496,partial_goodwill,17.8642,2.1437,15.7205
RFD-006265,ORD-0082542,2026-06-20,2026-06-15,T-03,STEAM,P-017393,player_request,19.7203,4.9301,14.7902
RFD-006266,ORD-0082547,2026-06-23,2026-06-15,T-02,PSN,P-036044,partial_goodwill,2.6969,0.8091,1.8879
RFD-006267,ORD-0082555,2026-08-26,2026-06-16,T-01,PSN,P-032645,accidental_purchase,44.4685,13.3406,31.128
RFD-006268,ORD-0082557,2026-06-19,2026-06-16,T-04,XBOX,P-024215,price_adjustment,10.2798,1.2336,9.0462
RFD-006269,ORD-0082583,2026-07-19,2026-06-16,T-01,EPIC,P-010512,player_request,46.2077,5.5449,40.6628
RFD-006270,ORD-0082643,2026-06-19,2026-06-16,T-01,STEAM,P-037646,partial_goodwill,3.9989,0.9997,2.9992
RFD-006271,ORD-0082656,2026-06-18,2026-06-16,T-01,PSN,P-021630,accidental_purchase,45.6926,13.7078,31.9848
RFD-006272,ORD-0082660,2026-07-03,2026-06-16,T-01,STEAM,P-008843,partial_goodwill,8.0888,2.0222,6.0666
RFD-006273,ORD-0082679,2026-06-24,2026-06-16,T-05,STEAM,P-034910,price_adjustment,9.6824,2.4206,7.2618
RFD-006274,ORD-0082698,2026-08-03,2026-06-16,T-03,NSW,P-042989,platform_policy,10.2219,3.0666,7.1554
RFD-006275,ORD-0082713,2026-06-24,2026-06-16,T-01,PSN,P-018805,partial_goodwill,12.6998,3.8099,8.8899
RFD-006276,ORD-0082719,2026-07-26,2026-06-16,T-02,STEAM,P-013498,partial_goodwill,10.7844,2.6961,8.0883
RFD-006277,ORD-0082735,2026-08-26,2026-06-16,T-04,STEAM,P-031112,player_request,10.2808,2.5702,7.7106
RFD-006278,ORD-0082736,2026-08-03,2026-06-16,T-02,EPIC,P-030217,accidental_purchase,25.6862,3.0823,22.6039
RFD-006279,ORD-0082748,2026-07-26,2026-06-16,T-04,STEAM,P-041195,partial_goodwill,4.8952,1.2238,3.6714
RFD-006280,ORD-0082762,2026-07-26,2026-06-16,T-03,NSW,P-005120,price_adjustment,18.1432,5.443,12.7003
RFD-006281,ORD-0082829,2026-06-20,2026-06-17,T-04,STEAM,P-011137,price_adjustment,8.8198,2.2049,6.6148
RFD-006282,ORD-0082848,2026-07-08,2026-06-17,T-03,PSN,P-023658,platform_policy,4.6523,1.3957,3.2566
RFD-006283,ORD-0082858,2026-06-25,2026-06-17,T-02,EPIC,P-038071,partial_goodwill,2.3934,0.2872,2.1062
RFD-006284,ORD-0082884,2026-06-20,2026-06-17,T-01,STEAM,P-026237,price_adjustment,3.8924,0.9731,2.9193
RFD-006285,ORD-0082929,2026-06-26,2026-06-17,T-05,EPIC,P-020184,player_request,77.4713,9.2966,68.1748
RFD-006286,ORD-0082949,2026-07-27,2026-06-17,T-04,PSN,P-012247,partial_goodwill,22.0212,6.6063,15.4148
RFD-006287,ORD-0082972,2026-06-23,2026-06-18,T-01,XBOX,P-039623,accidental_purchase,46.1903,5.5428,40.6475
RFD-006288,ORD-0082977,2026-08-05,2026-06-18,T-03,STEAM,P-000832,platform_policy,14.605,3.6512,10.9537
RFD-006289,ORD-0083009,2026-07-05,2026-06-18,T-01,NSW,P-022114,partial_goodwill,2.4653,0.7396,1.7257
RFD-006290,ORD-0083023,2026-06-21,2026-06-18,T-02,PSN,P-040831,price_adjustment,1.5429,0.4629,1.0801
RFD-006291,ORD-0083047,2026-07-17,2026-06-18,T-04,STEAM,P-027651,price_adjustment,12.3754,3.0939,9.2816
RFD-006292,ORD-0083048,2026-06-26,2026-06-18,T-03,STEAM,P-032263,partial_goodwill,1.2768,0.3192,0.9576
RFD-006293,ORD-0083081,2026-07-05,2026-06-18,T-03,NSW,P-029289,partial_goodwill,2.4358,0.7307,1.7051
RFD-006294,ORD-0083092,2026-07-09,2026-06-18,T-03,STEAM,P-005509,accidental_purchase,14.1793,3.5448,10.6345
RFD-006295,ORD-0083105,2026-07-09,2026-06-18,T-05,STEAM,P-017215,accidental_purchase,13.2727,3.3182,9.9545
RFD-006296,ORD-0083141,2026-07-21,2026-06-18,T-01,XBOX,P-003101,platform_policy,9.8414,1.181,8.6604
RFD-006297,ORD-0083142,2026-06-20,2026-06-18,T-04,EPIC,P-033845,player_request,29.4064,3.5288,25.8776
RFD-006298,ORD-0083143,2026-08-28,2026-06-18,T-03,XBOX,P-014166,accidental_purchase,9.2967,1.1156,8.1811
RFD-006299,ORD-0083144,2026-07-21,2026-06-18,T-03,EPIC,P-007292,accidental_purchase,13.7139,1.6457,12.0683
RFD-006300,ORD-0083164,2026-07-05,2026-06-18,T-03,STEAM,P-003022,price_adjustment,3.6537,0.9134,2.7403
RFD-006301,ORD-0083175,2026-06-26,2026-06-18,T-01,PSN,P-023585,price_adjustment,4.0429,1.2129,2.83
RFD-006302,ORD-0083185,2026-07-02,2026-06-18,T-01,PSN,P-034202,platform_policy,61.3602,18.408,42.9521
RFD-006303,ORD-0083214,2026-07-05,2026-06-18,T-02,XBOX,P-027290,partial_goodwill,3.1626,0.3795,2.7831
RFD-006304,ORD-0083224,2026-07-29,2026-06-19,T-03,XBOX,P-010343,partial_goodwill,7.0241,0.8429,6.1812
RFD-006305,ORD-0083230,2026-07-29,2026-06-19,T-01,STEAM,P-003831,price_adjustment,2.3057,0.5764,1.7293
RFD-006306,ORD-0083244,2026-08-06,2026-06-19,T-01,PSN,P-041435,accidental_purchase,49.4399,14.832,34.6079
RFD-006307,ORD-0083249,2026-07-29,2026-06-19,T-02,STEAM,P-018373,price_adjustment,12.0374,3.0093,9.028
RFD-006308,ORD-0083260,2026-07-03,2026-06-19,T-03,PSN,P-006411,platform_policy,9.206,2.7618,6.4442
RFD-006309,ORD-0083266,2026-07-06,2026-06-19,T-01,STEAM,P-026459,partial_goodwill,33.3737,8.3434,25.0302
RFD-006310,ORD-0083268,2026-07-06,2026-06-19,T-02,STEAM,P-003738,partial_goodwill,5.8521,1.463,4.3891
RFD-006311,ORD-0083301,2026-07-22,2026-06-19,T-01,PSN,P-018259,platform_policy,92.4221,27.7266,64.6955
RFD-006312,ORD-0083302,2026-07-03,2026-06-19,T-01,STEAM,P-031779,player_request,9.8703,2.4676,7.4027
RFD-006313,ORD-0083311,2026-06-22,2026-06-19,T-01,PSN,P-044093,price_adjustment,3.2605,0.9782,2.2824
RFD-006314,ORD-0083317,2026-08-06,2026-06-19,T-03,STEAM,P-006556,platform_policy,27.922,6.9805,20.9415
RFD-006315,ORD-0083340,2026-06-27,2026-06-19,T-01,PSN,P-029981,price_adjustment,12.3624,3.7087,8.6537
RFD-006316,ORD-0083362,2026-07-06,2026-06-19,T-02,XBOX,P-025959,partial_goodwill,7.7181,0.9262,6.792
RFD-006317,ORD-0083375,2026-07-06,2026-06-19,T-01,NSW,P-015810,partial_goodwill,12.2344,3.6703,8.5641
RFD-006318,ORD-0083402,2026-07-18,2026-06-19,T-04,STEAM,P-012937,price_adjustment,7.3781,1.8445,5.5335
RFD-006319,ORD-0083405,2026-07-10,2026-06-19,T-05,PSN,P-002913,accidental_purchase,9.7126,2.9138,6.7988
RFD-006320,ORD-0083417,2026-07-06,2026-06-19,T-03,XBOX,P-036034,price_adjustment,6.9756,0.8371,6.1385
RFD-006321,ORD-0083418,2026-07-18,2026-06-19,T-05,STEAM,P-010753,price_adjustment,3.4804,0.8701,2.6103
RFD-006322,ORD-0083436,2026-07-06,2026-06-19,T-04,XBOX,P-020064,price_adjustment,9.7323,1.1679,8.5645
RFD-006323,ORD-0083457,2026-07-29,2026-06-19,T-01,STEAM,P-036295,price_adjustment,24.715,6.1788,18.5363
RFD-006324,ORD-0083458,2026-07-22,2026-06-19,T-04,PSN,P-016199,accidental_purchase,29.4925,8.8478,20.6448
RFD-006325,ORD-0083468,2026-07-29,2026-06-19,T-04,XBOX,P-017822,partial_goodwill,3.4083,0.409,2.9993
RFD-006326,ORD-0083492,2026-06-22,2026-06-19,T-05,STEAM,P-023028,price_adjustment,15.6178,3.9044,11.7133
RFD-006327,ORD-0083495,2026-06-21,2026-06-19,T-05,EPIC,P-032654,player_request,38.9326,4.6719,34.2607
RFD-006328,ORD-0083499,2026-06-28,2026-06-19,T-01,STEAM,P-029322,platform_policy,9.8703,2.4676,7.4027
RFD-006329,ORD-0083558,2026-06-29,2026-06-20,T-04,EPIC,P-016288,player_request,27.2381,3.2686,23.9696
RFD-006330,ORD-0083564,2026-07-19,2026-06-20,T-03,EPIC,P-014315,price_adjustment,3.1952,0.3834,2.8118
RFD-006331,ORD-0083579,2026-07-04,2026-06-20,T-04,STEAM,P-021355,accidental_purchase,36.0851,9.0213,27.0638
RFD-006332,ORD-0083594,2026-08-07,2026-06-20,T-04,STEAM,P-025743,player_request,8.9034,2.2258,6.6776
RFD-006333,ORD-0083600,2026-07-04,2026-06-20,T-02,EPIC,P-030128,player_request,5.1402,0.6168,4.5234
RFD-006334,ORD-0083606,2026-07-30,2026-06-20,T-02,STEAM,P-035517,partial_goodwill,4.8071,1.2018,3.6053
RFD-006335,ORD-0083608,2026-08-30,2026-06-20,T-05,PSN,P-010923,accidental_purchase,9.7126,2.9138,6.7988
RFD-006336,ORD-0083627,2026-08-30,2026-06-20,T-04,XBOX,P-004777,accidental_purchase,29.4925,3.5391,25.9534
RFD-006337,ORD-0083632,2026-07-07,2026-06-20,T-04,PSN,P-012543,partial_goodwill,7.0342,2.1103,4.924
RFD-006338,ORD-0083639,2026-06-22,2026-06-20,T-03,STEAM,P-025729,accidental_purchase,18.4305,4.6076,13.8228
RFD-006339,ORD-0083644,2026-07-19,2026-06-20,T-03,XBOX,P-031174,price_adjustment,1.1626,0.1395,1.0231
RFD-006340,ORD-0083654,2026-06-22,2026-06-20,T-02,STEAM,P-021545,accidental_purchase,4.8071,1.2018,3.6053
RFD-006341,ORD-0083686,2026-06-23,2026-06-20,T-04,XBOX,P-041770,partial_goodwill,6.8095,0.8171,5.9924
RFD-006342,ORD-0083687,2026-08-07,2026-06-20,T-01,PSN,P-022459,accidental_purchase,55.4435,16.6331,38.8105
RFD-006343,ORD-0083690,2026-06-28,2026-06-20,T-02,STEAM,P-025461,partial_goodwill,4.8071,1.2018,3.6053
RFD-006344,ORD-0083691,2026-06-23,2026-06-20,T-03,EPIC,P-008900,price_adjustment,6.9137,0.8296,6.0841
RFD-006345,ORD-0083708,2026-07-19,2026-06-20,T-01,XBOX,P-023597,partial_goodwill,3.8924,0.4671,3.4253
RFD-006346,ORD-0083717,2026-06-25,2026-06-20,T-04,EPIC,P-016631,platform_policy,9.821,1.1785,8.6425
RFD-006347,ORD-0083742,2026-06-25,2026-06-20,T-03,STEAM,P-031033,accidental_purchase,14.6478,3.6619,10.9858
RFD-006348,ORD-0083753,2026-06-23,2026-06-20,T-01,XBOX,P-010571,partial_goodwill,4.9351,0.5922,4.3429
RFD-006349,ORD-0083773,2026-08-31,2026-06-21,T-04,XBOX,P-037530,accidental_purchase,18.1523,2.1783,15.974
RFD-006350,ORD-0083779,2026-06-23,2026-06-21,T-03,XBOX,P-005426,accidental_purchase,10.4009,1.2481,9.1528
RFD-006351,ORD-0083790,2026-07-31,2026-06-21,T-04,STEAM,P-007061,partial_goodwill,1.1333,0.2833,0.85
RFD-006352,ORD-0083820,2026-06-30,2026-06-21,T-05,PSN,P-040215,player_request,9.4521,2.8356,6.6165
RFD-006353,ORD-0083827,2026-07-31,2026-06-21,T-01,STEAM,P-016936,price_adjustment,2.2204,0.5551,1.6653
RFD-006354,ORD-0083829,2026-07-31,2026-06-21,T-01,STEAM,P-017958,price_adjustment,12.7105,3.1776,9.5329
RFD-006355,ORD-0083891,2026-07-31,2026-06-21,T-05,PSN,P-028466,price_adjustment,3.4097,1.0229,2.3868
RFD-006356,ORD-0083895,2026-07-31,2026-06-21,T-02,XBOX,P-003836,price_adjustment,2.4035,0.2884,2.1151
RFD-006357,ORD-0083915,2026-07-20,2026-06-21,T-03,PSN,P-030278,partial_goodwill,9.6634,2.899,6.7644
RFD-006358,ORD-0083919,2026-06-26,2026-06-21,T-02,STEAM,P-037140,player_request,28.8917,7.2229,21.6687
RFD-006359,ORD-0083932,2026-06-29,2026-06-21,T-04,NSW,P-033784,partial_goodwill,2.4528,0.7358,1.717
RFD-006360,ORD-0083933,2026-06-24,2026-06-21,T-02,PSN,P-025964,price_adjustment,14.4311,4.3293,10.1017
RFD-006361,ORD-0083956,2026-06-24,2026-06-21,T-04,PSN,P-014351,price_adjustment,1.2313,0.3694,0.8619
RFD-006362,ORD-0083965,2026-07-20,2026-06-21,T-03,PSN,P-032586,partial_goodwill,14.6478,4.3943,10.2534
RFD-006363,ORD-0083996,2026-06-27,2026-06-22,T-02,PSN,P-023851,accidental_purchase,9.6206,2.8862,6.7344
RFD-006364,ORD-0084000,2026-06-25,2026-06-22,T-01,PSN,P-037688,price_adjustment,1.2321,0.3696,0.8625
RFD-006365,ORD-0084029,2026-06-30,2026-06-22,T-01,XBOX,P-001042,partial_goodwill,27.2057,3.2647,23.941
RFD-006366,ORD-0084030,2026-08-01,2026-06-22,T-02,XBOX,P-015856,price_adjustment,1.6966,0.2036,1.493
RFD-006367,ORD-0084051,2026-06-30,2026-06-22,T-04,STEAM,P-008071,partial_goodwill,2.2238,0.5559,1.6678
RFD-006368,ORD-0084065,2026-07-06,2026-06-22,T-01,PSN,P-002848,accidental_purchase,49.473,14.8419,34.6311
RFD-006369,ORD-0084100,2026-06-30,2026-06-22,T-01,STEAM,P-039557,partial_goodwill,5.2769,1.3192,3.9577
RFD-006370,ORD-0084107,2026-06-25,2026-06-22,T-01,STEAM,P-018214,partial_goodwill,4.5534,1.1384,3.4151
RFD-006371,ORD-0084111,2026-08-01,2026-06-22,T-01,STEAM,P-034555,price_adjustment,5.7171,1.4293,4.2879
RFD-006372,ORD-0084121,2026-07-21,2026-06-22,T-01,PSN,P-001364,price_adjustment,38.364,11.5092,26.8548
RFD-006373,ORD-0084126,2026-07-06,2026-06-22,T-03,STEAM,P-037843,player_request,10.3802,2.595,7.7851
RFD-006374,ORD-0084156,2026-07-06,2026-06-22,T-01,STEAM,P-022998,player_request,9.8867,2.4717,7.415
RFD-006375,ORD-0084159,2026-06-25,2026-06-22,T-02,STEAM,P-030420,partial_goodwill,11.6763,2.9191,8.7573
RFD-006376,ORD-0084179,2026-08-01,2026-06-22,T-02,XBOX,P-006082,partial_goodwill,4.2189,0.5063,3.7126
RFD-006377,ORD-0084202,2026-07-09,2026-06-22,T-01,EPIC,P-043907,price_adjustment,11.1287,1.3354,9.7933
RFD-006378,ORD-0084204,2026-07-09,2026-06-22,T-02,XBOX,P-014704,partial_goodwill,4.1249,0.495,3.6299
RFD-006379,ORD-0084264,2026-07-01,2026-06-23,T-01,STEAM,P-031151,price_adjustment,1.5164,0.3791,1.1373
RFD-006380,ORD-0084274,2026-08-02,2026-06-23,T-01,NSW,P-011463,partial_goodwill,19.0725,5.7218,13.3508
RFD-006381,ORD-0084294,2026-07-10,2026-06-23,T-02,PSN,P-007823,partial_goodwill,2.3341,0.7002,1.6339
RFD-006382,ORD-0084299,2026-07-01,2026-06-23,T-05,STEAM,P-023331,price_adjustment,38.5828,9.6457,28.9371
RFD-006383,ORD-0084338,2026-07-07,2026-06-23,T-02,STEAM,P-024965,accidental_purchase,16.8935,4.2234,12.6702
RFD-006384,ORD-0084363,2026-08-02,2026-06-23,T-01,STEAM,P-028888,price_adjustment,2.9327,0.7332,2.1995
RFD-006385,ORD-0084375,2026-06-25,2026-06-23,T-03,PSN,P-040886,platform_policy,13.8906,4.1672,9.7234
RFD-006386,ORD-0084400,2026-09-02,2026-06-23,T-02,PSN,P-002135,platform_policy,23.4551,7.0365,16.4186
RFD-006387,ORD-0084405,2026-06-26,2026-06-23,T-03,STEAM,P-011958,price_adjustment,7.6043,1.9011,5.7032
RFD-006388,ORD-0084433,2026-06-26,2026-06-23,T-04,PSN,P-030715,partial_goodwill,15.6048,4.6814,10.9233
RFD-006389,ORD-0084441,2026-07-23,2026-06-24,T-01,PSN,P-044941,partial_goodwill,4.3212,1.2964,3.0249
RFD-006390,ORD-0084444,2026-08-11,2026-06-24,T-01,STEAM,P-041919,platform_policy,48.9077,12.2269,36.6808
RFD-006391,ORD-0084472,2026-07-15,2026-06-24,T-03,STEAM,P-000498,player_request,4.8724,1.2181,3.6543
RFD-006392,ORD-0084473,2026-08-11,2026-06-24,T-01,STEAM,P-017461,player_request,103.7389,25.9347,77.8041
RFD-006393,ORD-0084474,2026-08-03,2026-06-24,T-05,PSN,P-038003,price_adjustment,1.6045,0.4813,1.1231
RFD-006394,ORD-0084476,2026-07-11,2026-06-24,T-01,PSN,P-005670,price_adjustment,12.3534,3.706,8.6474
RFD-006395,ORD-0084477,2026-07-02,2026-06-24,T-02,STEAM,P-005193,price_adjustment,5.4138,1.3535,4.0604
RFD-006396,ORD-0084488,2026-06-26,2026-06-24,T-04,XBOX,P-007222,player_request,15.2178,1.8261,13.3917
RFD-006397,ORD-0084514,2026-07-15,2026-06-24,T-03,STEAM,P-037702,accidental_purchase,10.2567,2.5642,7.6926
RFD-006398,ORD-0084540,2026-06-27,2026-06-24,T-03,XBOX,P-005516,price_adjustment,7.6599,0.9192,6.7407
RFD-006399,ORD-0084560,2026-06-26,2026-06-24,T-05,STEAM,P-010708,accidental_purchase,38.8713,9.7178,29.1535
RFD-006400,ORD-0084565,2026-07-23,2026-06-24,T-03,NSW,P-030460,partial_goodwill,5.3222,1.5967,3.7255
RFD-006401,ORD-0084572,2026-06-27,2026-06-24,T-02,STEAM,P-042758,partial_goodwill,1.6983,0.4246,1.2737
RFD-006402,ORD-0084600,2026-07-08,2026-06-24,T-01,EPIC,P-041318,accidental_purchase,17.2947,2.0754,15.2194
RFD-006403,ORD-0084638,2026-07-24,2026-06-25,T-01,STEAM,P-003017,price_adjustment,3.0353,0.7588,2.2765
RFD-006404,ORD-0084645,2026-07-24,2026-06-25,T-01,XBOX,P-033941,price_adjustment,1.232,0.1478,1.0842
RFD-006405,ORD-0084659,2026-07-24,2026-06-25,T-05,STEAM,P-016310,price_adjustment,2.4345,0.6086,1.8259
RFD-006406,ORD-0084660,2026-07-04,2026-06-25,T-01,XBOX,P-032811,platform_policy,17.3177,2.0781,15.2396
RFD-006407,ORD-0084662,2026-06-28,2026-06-25,T-02,XBOX,P-014249,price_adjustment,4.6502,0.558,4.0922
RFD-006408,ORD-0084667,2026-07-24,2026-06-25,T-04,PSN,P-037414,partial_goodwill,2.3613,0.7084,1.6529
RFD-006409,ORD-0084669,2026-07-04,2026-06-25,T-03,STEAM,P-037661,accidental_purchase,5.1783,1.2946,3.8837
RFD-006410,ORD-0084688,2026-08-12,2026-06-25,T-05,STEAM,P-013953,accidental_purchase,42.1335,10.5334,31.6002
RFD-006411,ORD-0084690,2026-06-28,2026-06-25,T-05,STEAM,P-034192,partial_goodwill,11.0502,2.7626,8.2877
RFD-006412,ORD-0084694,2026-06-28,2026-06-25,T-02,XBOX,P-003360,price_adjustment,7.6873,0.9225,6.7649
RFD-006413,ORD-0084713,2026-08-04,2026-06-25,T-05,NSW,P-013955,partial_goodwill,3.2007,0.9602,2.2405
RFD-006414,ORD-0084744,2026-07-09,2026-06-25,T-04,PSN,P-036736,accidental_purchase,59.0201,17.706,41.314
RFD-006415,ORD-0084758,2026-06-30,2026-06-25,T-01,EPIC,P-033948,accidental_purchase,9.886,1.1863,8.6996
RFD-006416,ORD-0084770,2026-06-27,2026-06-25,T-03,EPIC,P-014406,platform_policy,34.1918,4.103,30.0888
RFD-006417,ORD-0084771,2026-07-03,2026-06-25,T-04,STEAM,P-019483,partial_goodwill,31.1497,7.7874,23.3623
RFD-006418,ORD-0084779,2026-08-12,2026-06-25,T-02,STEAM,P-031463,accidental_purchase,27.9401,6.985,20.9551
RFD-006419,ORD-0084812,2026-06-27,2026-06-25,T-01,STEAM,P-043454,player_request,9.1836,2.2959,6.8877
RFD-006420,ORD-0084815,2026-07-03,2026-06-25,T-02,XBOX,P-020190,partial_goodwill,2.405,0.2886,2.1164
RFD-006421,ORD-0084830,2026-06-30,2026-06-25,T-01,PSN,P-024639,player_request,98.9384,29.6815,69.2569
RFD-006422,ORD-0084855,2026-07-04,2026-06-26,T-03,STEAM,P-029018,partial_goodwill,3.4686,0.8672,2.6015
RFD-006423,ORD-0084879,2026-07-17,2026-06-26,T-05,XBOX,P-003052,platform_policy,66.0482,7.9258,58.1224
RFD-006424,ORD-0084895,2026-07-13,2026-06-26,T-02,XBOX,P-010553,price_adjustment,1.5836,0.19,1.3936
RFD-006425,ORD-0084902,2026-06-28,2026-06-26,T-03,STEAM,P-006620,accidental_purchase,9.7474,2.4368,7.3105
RFD-006426,ORD-0084904,2026-08-13,2026-06-26,T-04,STEAM,P-001364,accidental_purchase,39.7568,9.9392,29.8176
RFD-006427,ORD-0084909,2026-07-01,2026-06-26,T-03,STEAM,P-043358,accidental_purchase,19.7505,4.9376,14.8129
RFD-006428,ORD-0084931,2026-07-04,2026-06-26,T-01,STEAM,P-040910,price_adjustment,13.3465,3.3366,10.0099
RFD-006429,ORD-0084937,2026-07-05,2026-06-26,T-03,XBOX,P-035249,platform_policy,13.7345,1.6481,12.0864
RFD-006430,ORD-0084980,2026-08-13,2026-06-26,T-03,STEAM,P-042744,platform_policy,4.8688,1.2172,3.6516
RFD-006431,ORD-0084981,2026-07-25,2026-06-26,T-05,STEAM,P-015389,partial_goodwill,2.3713,0.5928,1.7785
RFD-006432,ORD-0085009,2026-09-05,2026-06-26,T-01,STEAM,P-008887,player_request,4.586,1.1465,3.4395
RFD-006433,ORD-0085047,2026-06-29,2026-06-26,T-03,XBOX,P-005116,price_adjustment,6.9373,0.8325,6.1048
RFD-006434,ORD-0085055,2026-09-05,2026-06-26,T-04,PSN,P-026446,platform_policy,9.4672,2.8402,6.627
RFD-006435,ORD-0085067,2026-07-25,2026-06-26,T-01,XBOX,P-021009,price_adjustment,15.1668,1.82,13.3468
RFD-006436,ORD-0085072,2026-07-04,2026-06-26,T-01,STEAM,P-027243,price_adjustment,15.0209,3.7552,11.2657
RFD-006437,ORD-0085078,2026-07-05,2026-06-26,T-05,EPIC,P-024838,player_request,39.3217,4.7186,34.6031
RFD-006438,ORD-0085090,2026-07-18,2026-06-27,T-01,STEAM,P-018515,accidental_purchase,53.3842,13.3461,40.0382
RFD-006439,ORD-0085099,2026-07-14,2026-06-27,T-02,STEAM,P-028896,price_adjustment,3.1672,0.7918,2.3754
RFD-006440,ORD-0085106,2026-07-05,2026-06-27,T-01,PSN,P-031503,price_adjustment,17.6174,5.2852,12.3322
RFD-006441,ORD-0085110,2026-07-14,2026-06-27,T-01,STEAM,P-021989,price_adjustment,16.662,4.1655,12.4965
RFD-006442,ORD-0085122,2026-08-06,2026-06-27,T-04,STEAM,P-025027,partial_goodwill,6.1114,1.5279,4.5836
RFD-006443,ORD-0085123,2026-07-18,2026-06-27,T-05,XBOX,P-042251,accidental_purchase,38.842,4.661,34.181
RFD-006444,ORD-0085125,2026-06-30,2026-06-27,T-04,EPIC,P-011125,price_adjustment,2.2541,0.2705,1.9836
RFD-006445,ORD-0085146,2026-07-14,2026-06-27,T-05,XBOX,P-015608,price_adjustment,43.6912,5.2429,38.4482
RFD-006446,ORD-0085150,2026-07-05,2026-06-27,T-05,XBOX,P-004611,partial_goodwill,1.2098,0.1452,1.0646
RFD-006447,ORD-0085171,2026-07-30,2026-06-27,T-01,NSW,P-035020,player_request,45.957,13.7871,32.1699
RFD-006448,ORD-0085178,2026-07-06,2026-06-27,T-03,STEAM,P-007824,accidental_purchase,4.6248,1.1562,3.4686
RFD-006449,ORD-0085190,2026-09-06,2026-06-27,T-01,STEAM,P-037608,platform_policy,17.2817,4.3204,12.9613
RFD-006450,ORD-0085336,2026-07-14,2026-06-27,T-03,XBOX,P-029060,price_adjustment,7.3081,0.877,6.4311
RFD-006451,ORD-0085338,2026-06-29,2026-06-27,T-01,EPIC,P-000814,player_request,16.0898,1.9308,14.159
RFD-006452,ORD-0085339,2026-07-05,2026-06-27,T-03,STEAM,P-020918,partial_goodwill,3.4686,0.8672,2.6015
RFD-006453,ORD-0085342,2026-06-29,2026-06-27,T-02,XBOX,P-009025,accidental_purchase,24.0488,2.8859,21.163
RFD-006454,ORD-0085346,2026-07-26,2026-06-27,T-01,STEAM,P-042902,price_adjustment,4.9278,1.2319,3.6958
RFD-006455,ORD-0085364,2026-06-29,2026-06-27,T-04,PSN,P-013309,player_request,13.4976,4.0493,9.4483
RFD-006456,ORD-0085376,2026-06-29,2026-06-27,T-05,PSN,P-002019,platform_policy,4.9066,1.472,3.4347
RFD-006457,ORD-0085395,2026-07-02,2026-06-27,T-03,XBOX,P-027617,player_request,14.626,1.7551,12.8709
RFD-006458,ORD-0085399,2026-08-14,2026-06-27,T-05,PSN,P-031994,platform_policy,85.4244,25.6273,59.7971
RFD-006459,ORD-0085415,2026-07-05,2026-06-27,T-01,PSN,P-039581,price_adjustment,3.0018,0.9005,2.1012
RFD-006460,ORD-0085425,2026-06-30,2026-06-28,T-01,STEAM,P-025982,player_request,24.468,6.117,18.351
RFD-006461,ORD-0085458,2026-07-01,2026-06-28,T-04,PSN,P-018691,partial_goodwill,13.5442,4.0633,9.4809
RFD-006462,ORD-0085474,2026-07-06,2026-06-28,T-01,PSN,P-019881,partial_goodwill,2.293,0.6879,1.6051
RFD-006463,ORD-0085504,2026-07-12,2026-06-28,T-03,PSN,P-020661,platform_policy,34.1208,10.2362,23.8846
RFD-006464,ORD-0085520,2026-07-27,2026-06-28,T-02,PSN,P-009272,price_adjustment,2.6913,0.8074,1.8839
RFD-006465,ORD-0085589,2026-08-07,2026-06-28,T-02,EPIC,P-007883,partial_goodwill,10.367,1.244,9.123
RFD-006466,ORD-0085602,2026-07-15,2026-06-28,T-02,NSW,P-008500,partial_goodwill,2.3496,0.7049,1.6447
RFD-006467,ORD-0085604,2026-07-01,2026-06-28,T-03,PSN,P-020668,partial_goodwill,16.187,4.8561,11.3309
RFD-006468,ORD-0085607,2026-08-07,2026-06-28,T-02,STEAM,P-001833,price_adjustment,6.0097,1.5024,4.5073
RFD-006469,ORD-0085611,2026-07-15,2026-06-28,T-04,PSN,P-005271,partial_goodwill,7.7973,2.3392,5.4581
RFD-006470,ORD-0085617,2026-07-01,2026-06-28,T-03,PSN,P-027414,price_adjustment,3.2163,0.9649,2.2514
RFD-006471,ORD-0085623,2026-07-15,2026-06-28,T-03,EPIC,P-030447,partial_goodwill,6.5212,0.7825,5.7387
RFD-006472,ORD-0085634,2026-07-06,2026-06-28,T-03,PSN,P-009293,partial_goodwill,7.7048,2.3115,5.3934
RFD-006473,ORD-0085635,2026-07-06,2026-06-28,T-01,XBOX,P-032134,partial_goodwill,15.1668,1.82,13.3468
RFD-006474,ORD-0085644,2026-07-06,2026-06-28,T-03,STEAM,P-023712,partial_goodwill,12.1867,3.0467,9.14
RFD-006475,ORD-0085653,2026-07-27,2026-06-28,T-05,EPIC,P-034673,price_adjustment,9.7081,1.165,8.5431
RFD-006476,ORD-0085681,2026-07-28,2026-06-29,T-01,STEAM,P-005818,partial_goodwill,12.415,3.1038,9.3113
RFD-006477,ORD-0085689,2026-07-02,2026-06-29,T-01,STEAM,P-008467,partial_goodwill,24.8201,6.205,18.6151
RFD-006478,ORD-0085699,2026-07-02,2026-06-29,T-02,XBOX,P-030275,partial_goodwill,2.3447,0.2814,2.0633
RFD-006479,ORD-0085702,2026-07-02,2026-06-29,T-01,PSN,P-033785,partial_goodwill,24.6026,7.3808,17.2218
RFD-006480,ORD-0085716,2026-07-20,2026-06-29,T-03,PSN,P-043542,accidental_purchase,5.154,1.5462,3.6078
RFD-006481,ORD-0085729,2026-08-16,2026-06-29,T-04,PSN,P-031649,platform_policy,4.9264,1.4779,3.4485
RFD-006482,ORD-0085733,2026-07-08,2026-06-29,T-04,PSN,P-014154,player_request,29.618,8.8854,20.7326
RFD-006483,ORD-0085753,2026-07-16,2026-06-29,T-03,STEAM,P-034688,partial_goodwill,4.9067,1.2267,3.68
RFD-006484,ORD-0085758,2026-07-02,2026-06-29,T-05,PSN,P-043807,partial_goodwill,12.8898,3.867,9.0229
RFD-006485,ORD-0085759,2026-07-02,2026-06-29,T-05,EPIC,P-035123,partial_goodwill,14.6754,1.7611,12.9144
RFD-006486,ORD-0085777,2026-07-07,2026-06-29,T-04,PSN,P-013822,price_adjustment,17.9937,5.3981,12.5956
RFD-006487,ORD-0085778,2026-07-20,2026-06-29,T-02,XBOX,P-004658,accidental_purchase,24.187,2.9024,21.2846
RFD-006488,ORD-0085817,2026-08-16,2026-06-29,T-03,STEAM,P-006646,accidental_purchase,19.6068,4.9017,14.7051
RFD-006489,ORD-0085826,2026-07-28,2026-06-29,T-02,STEAM,P-012096,price_adjustment,4.8275,1.2069,3.6206
RFD-006490,ORD-0085830,2026-07-02,2026-06-29,T-03,STEAM,P-014986,partial_goodwill,1.7015,0.4254,1.2761
RFD-006491,ORD-0085887,2026-07-03,2026-06-30,T-02,STEAM,P-006923,partial_goodwill,2.4105,0.6026,1.8079
RFD-006492,ORD-0085888,2026-08-17,2026-06-30,T-03,STEAM,P-004254,player_request,5.1471,1.2868,3.8603
RFD-006493,ORD-0085891,2026-07-03,2026-06-30,T-04,STEAM,P-017665,price_adjustment,19.709,4.9272,14.7817
RFD-006494,ORD-0085907,2026-07-09,2026-06-30,T-04,EPIC,P-019274,accidental_purchase,39.9316,4.7918,35.1398
RFD-006495,ORD-0085913,2026-07-08,2026-06-30,T-03,STEAM,P-038427,partial_goodwill,9.7804,2.4451,7.3353
RFD-006496,ORD-0085936,2026-07-17,2026-06-30,T-02,PSN,P-040205,price_adjustment,21.1316,6.3395,14.7921
RFD-006497,ORD-0085961,2026-07-03,2026-06-30,T-02,PSN,P-029292,partial_goodwill,2.5749,0.7725,1.8024
RFD-006498,ORD-0085965,2026-08-09,2026-06-30,T-03,EPIC,P-001572,price_adjustment,2.5093,0.3011,2.2082
RFD-006499,ORD-0085968,2026-08-17,2026-06-30,T-03,PSN,P-016749,accidental_purchase,19.8374,5.9512,13.8862
RFD-006500,ORD-0085991,2026-07-17,2026-06-30,T-03,PSN,P-034727,partial_goodwill,4.646,1.3938,3.2522
RFD-006501,ORD-0085995,2026-08-09,2026-06-30,T-01,PSN,P-034415,price_adjustment,6.1942,1.8583,4.336
RFD-006502,ORD-0086037,2026-07-18,2026-07-01,T-01,PSN,P-042728,partial_goodwill,19.5971,5.8791,13.718
RFD-006503,ORD-0086054,2026-08-10,2026-07-01,T-04,XBOX,P-021151,price_adjustment,9.4885,1.1386,8.3499
RFD-006504,ORD-0086073,2026-07-09,2026-07-01,T-03,PSN,P-001203,partial_goodwill,4.6276,1.3883,3.2393
RFD-006505,ORD-0086092,2026-07-18,2026-07-01,T-01,NSW,P-031372,partial_goodwill,14.8433,4.453,10.3903
RFD-006506,ORD-0086113,2026-07-18,2026-07-01,T-02,PSN,P-033135,price_adjustment,16.2734,4.882,11.3914
RFD-006507,ORD-0086115,2026-08-18,2026-07-01,T-04,PSN,P-023848,platform_policy,36.4878,10.9463,25.5415
RFD-006508,ORD-0086119,2026-08-18,2026-07-01,T-05,EPIC,P-041227,accidental_purchase,14.5967,1.7516,12.8451
RFD-006509,ORD-0086143,2026-07-30,2026-07-01,T-01,STEAM,P-022357,partial_goodwill,19.2662,4.8166,14.4497
RFD-006510,ORD-0086148,2026-07-18,2026-07-01,T-01,NSW,P-029018,price_adjustment,25.8018,7.7405,18.0613
RFD-006511,ORD-0086149,2026-07-30,2026-07-01,T-04,PSN,P-036102,partial_goodwill,4.9215,1.4764,3.445
RFD-006512,ORD-0086161,2026-08-03,2026-07-01,T-05,STEAM,P-028316,player_request,38.9476,9.7369,29.2107
RFD-006513,ORD-0086195,2026-07-30,2026-07-01,T-03,PSN,P-035293,price_adjustment,15.4909,4.6473,10.8436
RFD-006514,ORD-0086231,2026-09-11,2026-07-02,T-01,STEAM,P-032357,accidental_purchase,44.7887,11.1972,33.5915
RFD-006515,ORD-0086270,2026-08-11,2026-07-02,T-03,STEAM,P-013920,partial_goodwill,3.2361,0.809,2.4271
RFD-006516,ORD-0086303,2026-08-04,2026-07-02,T-02,EPIC,P-024821,player_request,24.1968,2.9036,21.2932
RFD-006517,ORD-0086310,2026-07-31,2026-07-02,T-01,STEAM,P-001238,partial_goodwill,24.8302,6.2076,18.6227
RFD-006518,ORD-0086320,2026-07-05,2026-07-02,T-04,EPIC,P-030813,price_adjustment,19.7434,2.3692,17.3742
RFD-006519,ORD-0086327,2026-08-19,2026-07-02,T-04,STEAM,P-004566,accidental_purchase,10.3715,2.5929,7.7786
RFD-006520,ORD-0086359,2026-07-31,2026-07-02,T-01,STEAM,P-000627,partial_goodwill,1.3142,0.3286,0.9857
RFD-006521,ORD-0086372,2026-07-05,2026-07-02,T-05,STEAM,P-019326,price_adjustment,41.5156,10.3789,31.1367
RFD-006522,ORD-0086379,2026-08-19,2026-07-02,T-02,EPIC,P-013190,player_request,36.2721,4.3527,31.9194
RFD-006523,ORD-0086394,2026-07-05,2026-07-02,T-01,STEAM,P-040598,partial_goodwill,8.0147,2.0037,6.011
RFD-006524,ORD-0086411,2026-07-06,2026-07-03,T-01,EPIC,P-042363,price_adjustment,6.8076,0.8169,5.9907
RFD-006525,ORD-0086417,2026-08-01,2026-07-03,T-05,STEAM,P-014890,partial_goodwill,13.9428,3.4857,10.4571
RFD-006526,ORD-0086426,2026-07-06,2026-07-03,T-01,STEAM,P-016146,partial_goodwill,16.0915,4.0229,12.0686
RFD-006527,ORD-0086465,2026-07-08,2026-07-03,T-01,EPIC,P-029548,accidental_purchase,44.8111,5.3773,39.4337
RFD-006528,ORD-0086484,2026-07-12,2026-07-03,T-02,STEAM,P-012179,player_request,8.4453,2.1113,6.334
RFD-006529,ORD-0086489,2026-07-24,2026-07-03,T-01,EPIC,P-015992,accidental_purchase,17.3346,2.0802,15.2545
RFD-006530,ORD-0086492,2026-07-11,2026-07-03,T-01,STEAM,P-026395,partial_goodwill,11.2028,2.8007,8.4021
RFD-006531,ORD-0086517,2026-08-01,2026-07-03,T-01,XBOX,P-012674,price_adjustment,7.4193,0.8903,6.529
RFD-006532,ORD-0086519,2026-07-24,2026-07-03,T-03,NSW,P-044723,player_request,19.5545,5.8663,13.6881
RFD-006533,ORD-0086521,2026-08-12,2026-07-03,T-02,STEAM,P-027741,partial_goodwill,12.0563,3.0141,9.0422
RFD-006534,ORD-0086535,2026-07-12,2026-07-03,T-05,STEAM,P-009928,accidental_purchase,13.8649,3.4662,10.3987
RFD-006535,ORD-0086542,2026-07-24,2026-07-03,T-02,STEAM,P-044718,platform_policy,4.8146,1.2037,3.611
RFD-006536,ORD-0086549,2026-07-17,2026-07-03,T-01,PSN,P-033886,accidental_purchase,9.8956,2.9687,6.9269
RFD-006537,ORD-0086553,2026-07-05,2026-07-03,T-05,XBOX,P-004341,player_request,14.6017,1.7522,12.8495
RFD-006538,ORD-0086562,2026-07-20,2026-07-03,T-01,EPIC,P-022903,partial_goodwill,22.5995,2.7119,19.8876
RFD-006539,ORD-0086577,2026-08-01,2026-07-03,T-04,EPIC,P-026687,price_adjustment,3.112,0.3734,2.7385
RFD-006540,ORD-0086588,2026-07-17,2026-07-03,T-05,XBOX,P-023977,platform_policy,38.6743,4.6409,34.0334
RFD-006541,ORD-0086589,2026-08-20,2026-07-03,T-02,EPIC,P-043799,accidental_purchase,13.9988,1.6799,12.3189
RFD-006542,ORD-0086594,2026-09-12,2026-07-03,T-02,STEAM,P-007850,accidental_purchase,4.8146,1.2037,3.611
RFD-006543,ORD-0086613,2026-08-01,2026-07-03,T-04,XBOX,P-018022,price_adjustment,7.3897,0.8868,6.5029
RFD-006544,ORD-0086635,2026-08-20,2026-07-03,T-01,PSN,P-017808,accidental_purchase,14.8287,4.4486,10.3801
RFD-006545,ORD-0086658,2026-07-20,2026-07-03,T-05,STEAM,P-019510,price_adjustment,9.6662,2.4165,7.2496
RFD-006546,ORD-0086659,2026-07-11,2026-07-03,T-01,PSN,P-015212,partial_goodwill,1.1279,0.3384,0.7895
RFD-006547,ORD-0086661,2026-07-20,2026-07-03,T-02,EPIC,P-033963,price_adjustment,4.2227,0.5067,3.7159
RFD-006548,ORD-0086666,2026-08-21,2026-07-04,T-01,NSW,P-002643,player_request,59.4133,17.824,41.5893
RFD-006549,ORD-0086675,2026-07-07,2026-07-04,T-02,EPIC,P-012882,partial_goodwill,7.7639,0.9317,6.8323
RFD-006550,ORD-0086677,2026-08-06,2026-07-04,T-01,PSN,P-012531,accidental_purchase,17.3346,5.2004,12.1342
RFD-006551,ORD-0086678,2026-07-07,2026-07-04,T-05,STEAM,P-001967,partial_goodwill,3.1929,0.7982,2.3947
RFD-006552,ORD-0086682,2026-08-21,2026-07-04,T-04,STEAM,P-044990,platform_policy,29.5389,7.3847,22.1542
RFD-006553,ORD-0086695,2026-07-09,2026-07-04,T-05,STEAM,P-035741,accidental_purchase,27.7298,6.9324,20.7973
RFD-006554,ORD-0086704,2026-07-21,2026-07-04,T-01,PSN,P-002173,partial_goodwill,22.4055,6.7217,15.6839
RFD-006555,ORD-0086736,2026-07-06,2026-07-04,T-01,NSW,P-035616,accidental_purchase,4.9429,1.4829,3.46
RFD-006556,ORD-0086743,2026-07-07,2026-07-04,T-03,XBOX,P-008436,price_adjustment,7.3305,0.8797,6.4508
RFD-006557,ORD-0086758,2026-07-21,2026-07-04,T-01,STEAM,P-030287,price_adjustment,16.3382,4.0845,12.2536
RFD-006558,ORD-0086764,2026-07-12,2026-07-04,T-01,EPIC,P-002722,partial_goodwill,27.1158,3.2539,23.8619
RFD-006559,ORD-0086776,2026-07-13,2026-07-04,T-03,XBOX,P-014005,platform_policy,5.4594,0.6551,4.8042
RFD-006560,ORD-0086836,2026-07-25,2026-07-04,T-04,PSN,P-028157,accidental_purchase,29.5389,8.8617,20.6772
RFD-006561,ORD-0086843,2026-08-13,2026-07-04,T-03,NSW,P-040457,partial_goodwill,3.6702,1.1011,2.5691
RFD-006562,ORD-0086847,2026-09-13,2026-07-04,T-01,NSW,P-019958,accidental_purchase,59.4133,17.824,41.5893
RFD-006563,ORD-0086880,2026-08-06,2026-07-04,T-05,STEAM,P-042385,accidental_purchase,9.7378,2.4344,7.3033
RFD-006564,ORD-0086902,2026-07-18,2026-07-04,T-01,PSN,P-008448,accidental_purchase,17.3346,5.2004,12.1342
RFD-006565,ORD-0086904,2026-07-07,2026-07-04,T-02,PSN,P-004097,partial_goodwill,16.8808,5.0642,11.8166
RFD-006566,ORD-0086912,2026-07-07,2026-07-04,T-02,PSN,P-021784,partial_goodwill,10.5567,3.167,7.3897
RFD-006567,ORD-0086921,2026-08-02,2026-07-04,T-01,PSN,P-001899,partial_goodwill,5.2854,1.5856,3.6998
RFD-006568,ORD-0086925,2026-08-06,2026-07-04,T-01,NSW,P-006680,platform_policy,10.5708,3.1712,7.3996
RFD-006569,ORD-0086934,2026-07-13,2026-07-04,T-01,STEAM,P-028854,accidental_purchase,13.7519,3.438,10.314
RFD-006570,ORD-0086947,2026-08-06,2026-07-04,T-01,NSW,P-040738,platform_policy,4.5807,1.3742,3.2065
RFD-006571,ORD-0086948,2026-08-06,2026-07-04,T-04,PSN,P-006865,platform_policy,29.5389,8.8617,20.6772
RFD-006572,ORD-0086954,2026-07-12,2026-07-04,T-04,NSW,P-004045,partial_goodwill,9.9055,2.9717,6.9339
RFD-006573,ORD-0086981,2026-08-13,2026-07-04,T-01,EPIC,P-036891,price_adjustment,1.514,0.1817,1.3323
RFD-006574,ORD-0086989,2026-07-21,2026-07-04,T-01,XBOX,P-018866,price_adjustment,24.7539,2.9705,21.7834
RFD-006575,ORD-0087030,2026-07-22,2026-07-05,T-05,XBOX,P-024272,price_adjustment,4.8331,0.58,4.2531
RFD-006576,ORD-0087045,2026-08-03,2026-07-05,T-03,STEAM,P-018044,price_adjustment,1.4982,0.3745,1.1236
RFD-006577,ORD-0087063,2026-08-14,2026-07-05,T-03,STEAM,P-040021,partial_goodwill,7.6595,1.9149,5.7446
RFD-006578,ORD-0087088,2026-07-07,2026-07-05,T-04,PSN,P-040913,platform_policy,10.3396,3.1019,7.2377
RFD-006579,ORD-0087112,2026-07-13,2026-07-05,T-03,STEAM,P-006603,partial_goodwill,3.5416,0.8854,2.6562
RFD-006580,ORD-0087119,2026-07-26,2026-07-05,T-03,STEAM,P-016982,player_request,4.8525,1.2131,3.6394
RFD-006581,ORD-0087158,2026-07-22,2026-07-05,T-04,STEAM,P-031783,partial_goodwill,9.4009,2.3502,7.0506
RFD-006582,ORD-0087162,2026-07-22,2026-07-05,T-01,STEAM,P-025387,partial_goodwill,25.3261,6.3315,18.9946
RFD-006583,ORD-0087178,2026-08-22,2026-07-05,T-01,EPIC,P-041632,accidental_purchase,4.5807,0.5497,4.0311
RFD-006584,ORD-0087196,2026-08-03,2026-07-05,T-01,PSN,P-006919,price_adjustment,3.2657,0.9797,2.286
RFD-006585,ORD-0087207,2026-07-08,2026-07-05,T-01,STEAM,P-023491,price_adjustment,49.5177,12.3794,37.1382
RFD-006586,ORD-0087210,2026-07-22,2026-07-05,T-01,EPIC,P-009318,price_adjustment,8.0357,0.9643,7.0714
RFD-006587,ORD-0087212,2026-07-26,2026-07-05,T-02,XBOX,P-000316,player_request,4.8146,0.5778,4.2369
RFD-006588,ORD-0087215,2026-08-03,2026-07-05,T-04,EPIC,P-029376,partial_goodwill,18.0415,2.165,15.8766
RFD-006589,ORD-0087216,2026-07-19,2026-07-05,T-01,NSW,P-039660,player_request,44.8111,13.4433,31.3677
RFD-006590,ORD-0087316,2026-07-13,2026-07-05,T-01,STEAM,P-004866,price_adjustment,19.5167,4.8792,14.6375
RFD-006591,ORD-0087347,2026-07-14,2026-07-06,T-04,NSW,P-001959,partial_goodwill,14.8005,4.4402,10.3604
RFD-006592,ORD-0087376,2026-08-23,2026-07-06,T-05,STEAM,P-041937,accidental_purchase,13.1774,3.2943,9.883
RFD-006593,ORD-0087385,2026-08-15,2026-07-06,T-01,EPIC,P-044256,price_adjustment,11.5318,1.3838,10.148
RFD-006594,ORD-0087415,2026-07-08,2026-07-06,T-01,PSN,P-000099,platform_policy,60.2932,18.088,42.2053
RFD-006595,ORD-0087471,2026-07-20,2026-07-06,T-01,EPIC,P-019395,accidental_purchase,4.9533,0.5944,4.3589
RFD-006596,ORD-0087472,2026-07-20,2026-07-06,T-04,STEAM,P-032634,accidental_purchase,4.9236,1.2309,3.6927
RFD-006597,ORD-0087499,2026-07-11,2026-07-06,T-02,PSN,P-026584,platform_policy,72.5195,21.7559,50.7637
RFD-006598,ORD-0087521,2026-08-15,2026-07-06,T-01,EPIC,P-043280,price_adjustment,35.9681,4.3162,31.6519
RFD-006599,ORD-0087539,2026-07-14,2026-07-06,T-04,EPIC,P-028835,price_adjustment,9.867,1.184,8.683
RFD-006600,ORD-0087546,2026-07-09,2026-07-06,T-03,STEAM,P-027806,partial_goodwill,3.3121,0.828,2.4841
RFD-006601,ORD-0087556,2026-07-09,2026-07-06,T-02,STEAM,P-033501,partial_goodwill,6.0408,1.5102,4.5306
RFD-006602,ORD-0087566,2026-07-15,2026-07-06,T-01,PSN,P-044260,accidental_purchase,49.1168,14.735,34.3818
RFD-006603,ORD-0087580,2026-08-04,2026-07-06,T-05,XBOX,P-020177,price_adjustment,9.7583,1.171,8.5873
RFD-006604,ORD-0087591,2026-07-24,2026-07-07,T-01,STEAM,P-008317,price_adjustment,2.4624,0.6156,1.8468
RFD-006605,ORD-0087610,2026-07-28,2026-07-07,T-01,XBOX,P-029461,player_request,105.498,12.6598,92.8383
RFD-006606,ORD-0087646,2026-08-05,2026-07-07,T-05,STEAM,P-030275,partial_goodwill,4.9122,1.228,3.6841
RFD-006607,ORD-0087682,2026-08-16,2026-07-07,T-03,XBOX,P-028448,partial_goodwill,3.0682,0.3682,2.7
RFD-006608,ORD-0087689,2026-08-05,2026-07-07,T-05,STEAM,P-016937,partial_goodwill,27.8231,6.9558,20.8673
RFD-006609,ORD-0087694,2026-07-24,2026-07-07,T-02,STEAM,P-026553,price_adjustment,4.8066,1.2017,3.605
RFD-006610,ORD-0087704,2026-07-10,2026-07-07,T-01,STEAM,P-005493,partial_goodwill,4.492,1.123,3.369
RFD-006611,ORD-0087746,2026-07-09,2026-07-07,T-02,PSN,P-021582,accidental_purchase,23.3927,7.0178,16.3749
RFD-006612,ORD-0087752,2026-08-05,2026-07-07,T-04,PSN,P-012033,price_adjustment,13.3713,4.0114,9.3599
RFD-006613,ORD-0087761,2026-07-10,2026-07-07,T-01,PSN,P-023622,partial_goodwill,17.9461,5.3838,12.5623
RFD-006614,ORD-0087765,2026-07-12,2026-07-07,T-04,PSN,P-028568,platform_policy,21.8152,6.5446,15.2706
RFD-006615,ORD-0087782,2026-07-24,2026-07-07,T-04,NSW,P-010222,price_adjustment,5.0332,1.51,3.5232
RFD-006616,ORD-0087789,2026-08-24,2026-07-07,T-03,STEAM,P-003572,player_request,14.6465,3.6616,10.9849
RFD-006617,ORD-0087794,2026-08-24,2026-07-07,T-04,NSW,P-034588,platform_policy,10.3225,3.0967,7.2257
RFD-006618,ORD-0087805,2026-08-17,2026-07-08,T-02,PSN,P-008553,partial_goodwill,8.2111,2.4633,5.7478
RFD-006619,ORD-0087809,2026-07-16,2026-07-08,T-04,STEAM,P-006118,price_adjustment,10.2556,2.5639,7.6917
RFD-006620,ORD-0087818,2026-07-22,2026-07-08,T-04,PSN,P-000791,accidental_purchase,9.8352,2.9506,6.8846
RFD-006621,ORD-0087823,2026-07-22,2026-07-08,T-05,STEAM,P-012395,platform_policy,13.6567,3.4142,10.2425
RFD-006622,ORD-0087828,2026-08-25,2026-07-08,T-01,STEAM,P-013519,accidental_purchase,4.9472,1.2368,3.7104
RFD-006623,ORD-0087834,2026-07-29,2026-07-08,T-01,STEAM,P-028563,accidental_purchase,49.561,12.3902,37.1707
RFD-006624,ORD-0087847,2026-07-11,2026-07-08,T-02,EPIC,P-037599,partial_goodwill,2.7847,0.3342,2.4505
RFD-006625,ORD-0087854,2026-07-25,2026-07-08,T-03,EPIC,P-031441,partial_goodwill,4.8485,0.5818,4.2666
RFD-006626,ORD-0087862,2026-07-25,2026-07-08,T-02,STEAM,P-041520,partial_goodwill,1.2047,0.3012,0.9035
RFD-006627,ORD-0087876,2026-07-13,2026-07-08,T-05,STEAM,P-017531,player_request,4.8682,1.2171,3.6512
RFD-006628,ORD-0087894,2026-07-22,2026-07-08,T-05,STEAM,P-026226,accidental_purchase,39.3004,9.8251,29.4753
RFD-006629,ORD-0087909,2026-07-16,2026-07-08,T-04,STEAM,P-013518,partial_goodwill,10.3622,2.5905,7.7716
RFD-006630,ORD-0087926,2026-08-06,2026-07-08,T-05,XBOX,P-009720,price_adjustment,13.6688,1.6403,12.0286
RFD-006631,ORD-0087938,2026-07-11,2026-07-08,T-01,EPIC,P-011688,partial_goodwill,8.6798,1.0416,7.6383
RFD-006632,ORD-0087969,2026-08-17,2026-07-08,T-01,STEAM,P-021685,partial_goodwill,6.9373,1.7343,5.203
RFD-006633,ORD-0087975,2026-08-18,2026-07-09,T-05,STEAM,P-038876,partial_goodwill,9.7267,2.4317,7.295
RFD-006634,ORD-0087980,2026-07-11,2026-07-09,T-01,XBOX,P-040139,player_request,8.9235,1.0708,7.8527
RFD-006635,ORD-0087984,2026-08-18,2026-07-09,T-04,STEAM,P-030233,price_adjustment,2.9189,0.7297,2.1892
RFD-006636,ORD-0088010,2026-07-11,2026-07-09,T-04,NSW,P-002349,platform_policy,10.3278,3.0983,7.2295
RFD-006637,ORD-0088012,2026-08-26,2026-07-09,T-05,PSN,P-022667,accidental_purchase,38.9165,11.675,27.2416
RFD-006638,ORD-0088029,2026-08-07,2026-07-09,T-05,STEAM,P-008434,partial_goodwill,2.4545,0.6136,1.8409
RFD-006639,ORD-0088087,2026-08-26,2026-07-09,T-02,XBOX,P-014666,player_request,25.6369,3.0764,22.5605
RFD-006640,ORD-0088093,2026-07-14,2026-07-09,T-01,STEAM,P-004912,platform_policy,9.2883,2.3221,6.9662
RFD-006641,ORD-0088101,2026-07-17,2026-07-09,T-01,STEAM,P-040227,price_adjustment,13.5996,3.3999,10.1997
RFD-006642,ORD-0088121,2026-08-18,2026-07-09,T-04,PSN,P-008229,price_adjustment,2.582,0.7746,1.8074
RFD-006643,ORD-0088125,2026-07-11,2026-07-09,T-02,PSN,P-041539,platform_policy,37.3398,11.2019,26.1378
RFD-006644,ORD-0088128,2026-08-11,2026-07-09,T-02,STEAM,P-040924,player_request,24.0949,6.0237,18.0712
RFD-006645,ORD-0088148,2026-08-26,2026-07-09,T-01,NSW,P-012861,platform_policy,34.6297,10.3889,24.2408
RFD-006646,ORD-0088163,2026-07-12,2026-07-09,T-04,STEAM,P-036816,price_adjustment,1.5038,0.376,1.1279
RFD-006647,ORD-0088169,2026-08-07,2026-07-09,T-03,XBOX,P-012958,price_adjustment,1.222,0.1466,1.0754
RFD-006648,ORD-0088172,2026-08-07,2026-07-09,T-04,PSN,P-015887,partial_goodwill,13.376,4.0128,9.3632
RFD-006649,ORD-0088200,2026-07-27,2026-07-10,T-04,STEAM,P-037552,partial_goodwill,7.3816,1.8454,5.5362
RFD-006650,ORD-0088202,2026-08-08,2026-07-10,T-04,XBOX,P-016400,partial_goodwill,9.0101,1.0812,7.9288
RFD-006651,ORD-0088240,2026-07-13,2026-07-10,T-04,STEAM,P-009082,price_adjustment,4.9079,1.227,3.681
RFD-006652,ORD-0088252,2026-07-31,2026-07-10,T-02,PSN,P-043392,accidental_purchase,4.6813,1.4044,3.2769
RFD-006653,ORD-0088275,2026-07-13,2026-07-10,T-04,STEAM,P-036549,partial_goodwill,1.1361,0.284,0.852
RFD-006654,ORD-0088303,2026-07-24,2026-07-10,T-05,EPIC,P-004882,accidental_purchase,74.2671,8.9121,65.355
RFD-006655,ORD-0088335,2026-07-24,2026-07-10,T-01,STEAM,P-008968,player_request,9.8849,2.4712,7.4136
RFD-006656,ORD-0088346,2026-07-31,2026-07-10,T-05,STEAM,P-008405,player_request,13.0,3.25,9.75
RFD-006657,ORD-0088357,2026-08-12,2026-07-10,T-04,EPIC,P-029946,accidental_purchase,9.2587,1.111,8.1477
RFD-006658,ORD-0088369,2026-07-27,2026-07-10,T-05,NSW,P-027808,price_adjustment,1.2144,0.3643,0.8501
RFD-006659,ORD-0088390,2026-07-24,2026-07-10,T-01,XBOX,P-039443,player_request,54.4013,6.5282,47.8731
RFD-006660,ORD-0088397,2026-07-13,2026-07-10,T-01,PSN,P-010703,price_adjustment,6.6629,1.9989,4.664
RFD-006661,ORD-0088424,2026-08-19,2026-07-10,T-04,PSN,P-013245,price_adjustment,2.2721,0.6816,1.5905
RFD-006662,ORD-0088426,2026-08-08,2026-07-10,T-05,XBOX,P-024731,partial_goodwill,26.2742,3.1529,23.1213
RFD-006663,ORD-0088436,2026-07-13,2026-07-10,T-04,EPIC,P-039745,price_adjustment,1.1,0.132,0.968
RFD-006664,ORD-0088462,2026-08-27,2026-07-10,T-01,STEAM,P-017116,player_request,8.896,2.224,6.672
RFD-006665,ORD-0088467,2026-07-18,2026-07-10,T-01,STEAM,P-036106,partial_goodwill,3.2621,0.8155,2.4466
RFD-006666,ORD-0088472,2026-07-18,2026-07-10,T-03,NSW,P-041754,partial_goodwill,9.2144,2.7643,6.4501
RFD-006667,ORD-0088490,2026-07-18,2026-07-10,T-03,PSN,P-044618,price_adjustment,1.2242,0.3673,0.8569
RFD-006668,ORD-0088511,2026-07-28,2026-07-11,T-01,EPIC,P-001501,partial_goodwill,8.1091,0.9731,7.136
RFD-006669,ORD-0088535,2026-07-25,2026-07-11,T-01,STEAM,P-028302,player_request,4.9375,1.2344,3.7031
RFD-006670,ORD-0088539,2026-08-09,2026-07-11,T-01,PSN,P-011402,partial_goodwill,5.5584,1.6675,3.8909
RFD-006671,ORD-0088552,2026-07-28,2026-07-11,T-05,STEAM,P-017389,partial_goodwill,25.6829,6.4207,19.2622
RFD-006672,ORD-0088557,2026-07-14,2026-07-11,T-01,XBOX,P-009324,partial_goodwill,2.9293,0.3515,2.5778
RFD-006673,ORD-0088600,2026-07-19,2026-07-11,T-04,EPIC,P-030601,price_adjustment,13.3626,1.6035,11.7591
RFD-006674,ORD-0088608,2026-08-20,2026-07-11,T-03,STEAM,P-035649,price_adjustment,7.3225,1.8306,5.4919
RFD-006675,ORD-0088633,2026-08-09,2026-07-11,T-01,STEAM,P-042466,price_adjustment,30.9208,7.7302,23.1906
RFD-006676,ORD-0088655,2026-07-19,2026-07-11,T-01,NSW,P-029487,partial_goodwill,2.3113,0.6934,1.6179
RFD-006677,ORD-0088667,2026-08-20,2026-07-11,T-01,STEAM,P-020917,partial_goodwill,29.3486,7.3372,22.0115
RFD-006678,ORD-0088698,2026-07-19,2026-07-11,T-01,STEAM,P-000917,price_adjustment,8.1091,2.0273,6.0818
RFD-006679,ORD-0088700,2026-08-01,2026-07-11,T-03,PSN,P-012903,platform_policy,9.3235,2.797,6.5264
RFD-006680,ORD-0088722,2026-08-09,2026-07-11,T-01,STEAM,P-018457,price_adjustment,5.7161,1.429,4.2871
RFD-006681,ORD-0088745,2026-07-28,2026-07-11,T-05,STEAM,P-036346,partial_goodwill,2.4545,0.6136,1.8409
RFD-006682,ORD-0088760,2026-08-09,2026-07-11,T-02,XBOX,P-022052,price_adjustment,2.4047,0.2886,2.1161
RFD-006683,ORD-0088788,2026-07-19,2026-07-11,T-01,STEAM,P-008571,price_adjustment,18.3335,4.5834,13.7501
RFD-006684,ORD-0088808,2026-07-20,2026-07-12,T-01,XBOX,P-018509,price_adjustment,24.7269,2.9672,21.7597
RFD-006685,ORD-0088816,2026-09-21,2026-07-12,T-02,EPIC,P-016807,player_request,32.5323,3.9039,28.6285
RFD-006686,ORD-0088822,2026-08-02,2026-07-12,T-05,EPIC,P-020999,player_request,9.7272,1.1673,8.5599
RFD-006687,ORD-0088826,2026-07-17,2026-07-12,T-01,PSN,P-017964,player_request,8.8867,2.666,6.2207
RFD-006688,ORD-0088892,2026-08-10,2026-07-12,T-04,EPIC,P-021600,partial_goodwill,3.1535,0.3784,2.7751
RFD-006689,ORD-0088900,2026-08-10,2026-07-12,T-04,NSW,P-031743,price_adjustment,5.1642,1.5493,3.6149
RFD-006690,ORD-0088902,2026-07-20,2026-07-12,T-01,EPIC,P-021484,price_adjustment,3.8924,0.4671,3.4253
RFD-006691,ORD-0088907,2026-08-29,2026-07-12,T-03,EPIC,P-041480,player_request,13.995,1.6794,12.3156
RFD-006692,ORD-0088908,2026-07-20,2026-07-12,T-04,STEAM,P-003199,price_adjustment,9.737,2.4343,7.3028
RFD-006693,ORD-0088920,2026-08-29,2026-07-12,T-02,PSN,P-040055,player_request,9.3626,2.8088,6.5538
RFD-006694,ORD-0088940,2026-07-15,2026-07-12,T-03,STEAM,P-036521,partial_goodwill,4.603,1.1508,3.4523
RFD-006695,ORD-0088946,2026-09-21,2026-07-12,T-03,PSN,P-027137,player_request,31.3357,9.4007,21.935
RFD-006696,ORD-0088961,2026-08-10,2026-07-12,T-05,XBOX,P-040985,price_adjustment,12.2541,1.4705,10.7836
RFD-006697,ORD-0088971,2026-07-15,2026-07-12,T-01,STEAM,P-041128,partial_goodwill,13.6003,3.4001,10.2002
RFD-006698,ORD-0088974,2026-08-29,2026-07-12,T-03,XBOX,P-015147,accidental_purchase,31.0407,3.7249,27.3158
RFD-006699,ORD-0088975,2026-07-17,2026-07-12,T-01,EPIC,P-021439,player_request,49.4638,5.9357,43.5281
RFD-006700,ORD-0088981,2026-07-29,2026-07-12,T-02,NSW,P-002831,price_adjustment,27.4325,8.2298,19.2028
RFD-006701,ORD-0088985,2026-07-15,2026-07-12,T-01,PSN,P-011538,partial_goodwill,22.2343,6.6703,15.564
RFD-006702,ORD-0089001,2026-07-20,2026-07-12,T-05,XBOX,P-029536,partial_goodwill,9.7272,1.1673,8.5599
RFD-006703,ORD-0089005,2026-07-20,2026-07-12,T-01,STEAM,P-020948,partial_goodwill,11.576,2.894,8.682
RFD-006704,ORD-0089008,2026-08-10,2026-07-12,T-05,STEAM,P-042877,price_adjustment,10.5112,2.6278,7.8834
RFD-006705,ORD-0089019,2026-07-15,2026-07-12,T-04,NSW,P-019069,partial_goodwill,12.0069,3.6021,8.4048
RFD-006706,ORD-0089050,2026-08-22,2026-07-13,T-01,PSN,P-028295,partial_goodwill,3.4508,1.0352,2.4156
RFD-006707,ORD-0089064,2026-08-22,2026-07-13,T-05,NSW,P-017492,partial_goodwill,35.6228,10.6868,24.936
RFD-006708,ORD-0089080,2026-08-15,2026-07-13,T-03,STEAM,P-038151,player_request,13.4619,3.3655,10.0964
RFD-006709,ORD-0089112,2026-08-22,2026-07-13,T-02,XBOX,P-008567,price_adjustment,11.6999,1.404,10.2959
RFD-006710,ORD-0089128,2026-08-11,2026-07-13,T-04,PSN,P-033960,price_adjustment,8.8198,2.6459,6.1739
RFD-006711,ORD-0089140,2026-07-16,2026-07-13,T-03,PSN,P-025460,partial_goodwill,9.2172,2.7652,6.4521
RFD-006712,ORD-0089178,2026-07-22,2026-07-13,T-05,STEAM,P-033281,player_request,77.9018,19.4755,58.4264
RFD-006713,ORD-0089187,2026-08-11,2026-07-13,T-03,STEAM,P-041746,partial_goodwill,7.8572,1.9643,5.8929
RFD-006714,ORD-0089188,2026-07-21,2026-07-13,T-02,STEAM,P-012844,partial_goodwill,8.4279,2.107,6.3209
RFD-006715,ORD-0089196,2026-08-22,2026-07-13,T-01,XBOX,P-013201,price_adjustment,16.3747,1.965,14.4098
RFD-006716,ORD-0089218,2026-07-16,2026-07-13,T-02,STEAM,P-039658,partial_goodwill,3.184,0.796,2.388
RFD-006717,ORD-0089226,2026-07-18,2026-07-13,T-01,XBOX,P-016170,player_request,44.4685,5.3362,39.1323
RFD-006718,ORD-0089237,2026-07-16,2026-07-13,T-02,PSN,P-023739,price_adjustment,11.5332,3.46,8.0733
RFD-006719,ORD-0089288,2026-08-12,2026-07-14,T-01,NSW,P-044483,price_adjustment,1.1566,0.347,0.8096
RFD-006720,ORD-0089290,2026-08-12,2026-07-14,T-03,STEAM,P-031625,partial_goodwill,9.4487,2.3622,7.0865
RFD-006721,ORD-0089305,2026-08-12,2026-07-14,T-04,EPIC,P-010939,price_adjustment,7.7387,0.9286,6.8101
RFD-006722,ORD-0089311,2026-08-31,2026-07-14,T-04,EPIC,P-022257,player_request,9.3582,1.123,8.2352
RFD-006723,ORD-0089315,2026-07-22,2026-07-14,T-05,EPIC,P-043455,partial_goodwill,3.227,0.3872,2.8398
RFD-006724,ORD-0089330,2026-07-23,2026-07-14,T-01,STEAM,P-016879,player_request,18.3579,4.5895,13.7684
RFD-006725,ORD-0089333,2026-07-17,2026-07-14,T-01,PSN,P-015223,partial_goodwill,7.2078,2.1623,5.0454
RFD-006726,ORD-0089430,2026-07-28,2026-07-14,T-04,STEAM,P-035534,accidental_purchase,9.0958,2.274,6.8219
RFD-006727,ORD-0089480,2026-07-18,2026-07-15,T-03,NSW,P-041251,partial_goodwill,2.9521,0.8856,2.0664
RFD-006728,ORD-0089497,2026-07-20,2026-07-15,T-01,NSW,P-002653,accidental_purchase,24.7326,7.4198,17.3128
RFD-006729,ORD-0089500,2026-08-13,2026-07-15,T-04,PSN,P-044882,price_adjustment,34.45,10.335,24.115
RFD-006730,ORD-0089527,2026-08-01,2026-07-15,T-02,STEAM,P-026807,partial_goodwill,1.1735,0.2934,0.8801
RFD-006731,ORD-0089533,2026-08-13,2026-07-15,T-03,PSN,P-011315,partial_goodwill,3.0707,0.9212,2.1495
RFD-006732,ORD-0089545,2026-07-17,2026-07-15,T-01,XBOX,P-020600,platform_policy,44.4685,5.3362,39.1323
RFD-006733,ORD-0089546,2026-07-17,2026-07-15,T-01,PSN,P-034105,platform_policy,57.5173,17.2552,40.2621
RFD-006734,ORD-0089554,2026-09-24,2026-07-15,T-01,STEAM,P-022303,platform_policy,57.5173,14.3793,43.138
RFD-006735,ORD-0089573,2026-08-01,2026-07-15,T-01,STEAM,P-007719,partial_goodwill,16.7909,4.1977,12.5932
RFD-006736,ORD-0089589,2026-08-13,2026-07-15,T-05,STEAM,P-003484,partial_goodwill,26.3012,6.5753,19.7259
RFD-006737,ORD-0089590,2026-08-24,2026-07-15,T-01,STEAM,P-033147,price_adjustment,19.6025,4.9006,14.7019
RFD-006738,ORD-0089602,2026-08-24,2026-07-15,T-03,XBOX,P-012433,partial_goodwill,6.9137,0.8296,6.0841
RFD-006739,ORD-0089615,2026-08-13,2026-07-15,T-02,NSW,P-005748,partial_goodwill,4.6181,1.3854,3.2326
RFD-006740,ORD-0089640,2026-09-25,2026-07-16,T-04,PSN,P-023839,player_request,24.6009,7.3803,17.2207
RFD-006741,ORD-0089670,2026-07-21,2026-07-16,T-05,PSN,P-005421,player_request,9.818,2.9454,6.8726
RFD-006742,ORD-0089703,2026-07-19,2026-07-16,T-02,STEAM,P-021823,partial_goodwill,7.6132,1.9033,5.7099
RFD-006743,ORD-0089715,2026-07-19,2026-07-16,T-01,STEAM,P-022124,price_adjustment,16.3545,4.0886,12.2659
RFD-006744,ORD-0089722,2026-07-25,2026-07-16,T-05,STEAM,P-044310,accidental_purchase,48.5565,12.1391,36.4173
RFD-006745,ORD-0089737,2026-08-02,2026-07-16,T-01,STEAM,P-023320,partial_goodwill,17.2928,4.3232,12.9696
RFD-006746,ORD-0089742,2026-08-18,2026-07-16,T-02,NSW,P-018657,accidental_purchase,48.2933,14.488,33.8053
RFD-006747,ORD-0089776,2026-08-14,2026-07-16,T-04,PSN,P-032049,partial_goodwill,1.1119,0.3336,0.7783
RFD-006748,ORD-0089780,2026-07-25,2026-07-16,T-03,STEAM,P-039230,accidental_purchase,23.2201,5.805,17.4151
RFD-006749,ORD-0089807,2026-08-25,2026-07-16,T-04,XBOX,P-032821,partial_goodwill,6.6813,0.8018,5.8796
RFD-006750,ORD-0089829,2026-09-25,2026-07-16,T-05,PSN,P-010498,player_request,78.6007,23.5802,55.0205
RFD-006751,ORD-0089831,2026-08-25,2026-07-16,T-03,PSN,P-014578,price_adjustment,1.6987,0.5096,1.1891
RFD-006752,ORD-0089832,2026-07-18,2026-07-16,T-01,PSN,P-012966,accidental_purchase,9.9056,2.9717,6.9339
RFD-006753,ORD-0089845,2026-09-26,2026-07-17,T-03,XBOX,P-009314,player_request,14.6412,1.7569,12.8843
RFD-006754,ORD-0089849,2026-07-20,2026-07-17,T-04,STEAM,P-033391,price_adjustment,11.6199,2.905,8.7149
RFD-006755,ORD-0089882,2026-07-31,2026-07-17,T-05,NSW,P-027573,platform_policy,9.7182,2.9154,6.8027
RFD-006756,ORD-0089886,2026-07-22,2026-07-17,T-02,EPIC,P-038159,player_request,24.5756,2.9491,21.6265
RFD-006757,ORD-0089887,2026-08-19,2026-07-17,T-04,EPIC,P-040587,player_request,31.1744,3.7409,27.4335
RFD-006758,ORD-0089902,2026-08-15,2026-07-17,T-02,NSW,P-019170,price_adjustment,12.7106,3.8132,8.8974
RFD-006759,ORD-0089911,2026-08-19,2026-07-17,T-01,STEAM,P-009616,accidental_purchase,17.2997,4.3249,12.9748
RFD-006760,ORD-0089919,2026-07-25,2026-07-17,T-02,XBOX,P-026830,partial_goodwill,11.7013,1.4042,10.2971
RFD-006761,ORD-0089924,2026-07-26,2026-07-17,T-01,STEAM,P-009931,player_request,16.1882,4.0471,12.1412
RFD-006762,ORD-0089952,2026-07-22,2026-07-17,T-01,PSN,P-002606,player_request,59.2935,17.7881,41.5055
RFD-006763,ORD-0089956,2026-08-15,2026-07-17,T-03,STEAM,P-006477,price_adjustment,7.3157,1.8289,5.4868
RFD-006764,ORD-0089962,2026-07-25,2026-07-17,T-04,STEAM,P-022280,partial_goodwill,13.1348,3.2837,9.8511
RFD-006765,ORD-0089970,2026-07-19,2026-07-17,T-02,STEAM,P-004502,player_request,24.0738,6.0185,18.0554
RFD-006766,ORD-0089988,2026-07-19,2026-07-17,T-05,PSN,P-004686,accidental_purchase,4.8584,1.4575,3.4009
RFD-006767,ORD-0090000,2026-07-20,2026-07-17,T-05,STEAM,P-035740,price_adjustment,9.7364,2.4341,7.3023
RFD-006768,ORD-0090001,2026-08-15,2026-07-17,T-01,STEAM,P-038928,partial_goodwill,5.5532,1.3883,4.1649
RFD-006769,ORD-0090018,2026-08-26,2026-07-17,T-01,STEAM,P-006145,price_adjustment,23.119,5.7798,17.3393
RFD-006770,ORD-0090021,2026-07-26,2026-07-17,T-03,STEAM,P-039955,accidental_purchase,14.6412,3.6603,10.9809
RFD-006771,ORD-0090053,2026-07-19,2026-07-17,T-01,PSN,P-027547,platform_policy,62.2335,18.6701,43.5635
RFD-006772,ORD-0090060,2026-08-07,2026-07-17,T-01,EPIC,P-039073,accidental_purchase,49.4178,5.9301,43.4877
RFD-006773,ORD-0090069,2026-09-03,2026-07-17,T-05,STEAM,P-035955,accidental_purchase,14.5625,3.6406,10.9218
RFD-006774,ORD-0090102,2026-08-26,2026-07-17,T-05,PSN,P-006440,partial_goodwill,9.7182,2.9154,6.8027
RFD-006775,ORD-0090111,2026-07-20,2026-07-17,T-01,PSN,P-004551,price_adjustment,1.7176,0.5153,1.2024
RFD-006776,ORD-0090117,2026-08-07,2026-07-17,T-01,PSN,P-014350,player_request,9.2281,2.7684,6.4596
RFD-006777,ORD-0090176,2026-07-21,2026-07-18,T-01,STEAM,P-031510,partial_goodwill,22.016,5.504,16.512
RFD-006778,ORD-0090180,2026-08-27,2026-07-18,T-04,EPIC,P-035811,price_adjustment,10.4116,1.2494,9.1622
RFD-006779,ORD-0090215,2026-08-27,2026-07-18,T-03,STEAM,P-008184,partial_goodwill,6.9797,1.7449,5.2348
RFD-006780,ORD-0090228,2026-07-27,2026-07-18,T-01,STEAM,P-018306,platform_policy,92.4761,23.119,69.3571
RFD-006781,ORD-0090229,2026-07-20,2026-07-18,T-02,PSN,P-013558,player_request,8.1919,2.4576,5.7343
RFD-006782,ORD-0090238,2026-07-23,2026-07-18,T-02,PSN,P-031482,player_request,4.6727,1.4018,3.2709
RFD-006783,ORD-0090243,2026-07-26,2026-07-18,T-04,STEAM,P-029319,price_adjustment,17.6015,4.4004,13.2011
RFD-006784,ORD-0090248,2026-07-27,2026-07-18,T-02,PSN,P-016553,platform_policy,24.0738,7.2222,16.8517
RFD-006785,ORD-0090253,2026-09-04,2026-07-18,T-02,NSW,P-034167,player_request,9.6098,2.883,6.7269
RFD-006786,ORD-0090262,2026-07-27,2026-07-18,T-05,STEAM,P-007007,platform_policy,28.2316,7.0579,21.1737
RFD-006787,ORD-0090281,2026-09-27,2026-07-18,T-03,PSN,P-025290,platform_policy,32.5915,9.7774,22.814
RFD-006788,ORD-0090284,2026-07-21,2026-07-18,T-01,STEAM,P-025449,price_adjustment,23.119,5.7798,17.3393
RFD-006789,ORD-0090289,2026-08-20,2026-07-18,T-03,NSW,P-020830,platform_policy,15.3927,4.6178,10.7749
RFD-006790,ORD-0090295,2026-09-27,2026-07-18,T-01,XBOX,P-021616,accidental_purchase,46.2381,5.5486,40.6895
RFD-006791,ORD-0090315,2026-08-04,2026-07-18,T-05,STEAM,P-020747,partial_goodwill,17.2029,4.3007,12.9022
RFD-006792,ORD-0090348,2026-08-08,2026-07-18,T-01,STEAM,P-002534,player_request,16.1882,4.0471,12.1412
RFD-006793,ORD-0090353,2026-07-26,2026-07-18,T-02,STEAM,P-017024,price_adjustment,9.0191,2.2548,6.7643
RFD-006794,ORD-0090355,2026-08-16,2026-07-18,T-03,PSN,P-006344,partial_goodwill,1.2209,0.3663,0.8546
RFD-006795,ORD-0090369,2026-08-27,2026-07-18,T-01,XBOX,P-032057,partial_goodwill,4.3225,0.5187,3.8038
RFD-006796,ORD-0090374,2026-07-21,2026-07-18,T-04,STEAM,P-034043,partial_goodwill,2.4517,0.6129,1.8388
RFD-006797,ORD-0090386,2026-07-21,2026-07-18,T-03,PSN,P-005643,price_adjustment,1.28,0.384,0.896
RFD-006798,ORD-0090394,2026-08-27,2026-07-18,T-02,STEAM,P-014198,partial_goodwill,10.7225,2.6806,8.0418
RFD-006799,ORD-0090407,2026-07-27,2026-07-18,T-05,STEAM,P-023592,accidental_purchase,13.6172,3.4043,10.2129
RFD-006800,ORD-0090424,2026-08-17,2026-07-19,T-05,PSN,P-015769,partial_goodwill,1.2122,0.3636,0.8485
RFD-006801,ORD-0090447,2026-07-27,2026-07-19,T-04,PSN,P-034403,partial_goodwill,6.6033,1.981,4.6223
RFD-006802,ORD-0090448,2026-07-22,2026-07-19,T-02,PSN,P-042170,partial_goodwill,9.5263,2.8579,6.6684
RFD-006803,ORD-0090460,2026-08-02,2026-07-19,T-01,NSW,P-025701,platform_policy,15.568,4.6704,10.8976
RFD-006804,ORD-0090501,2026-07-27,2026-07-19,T-01,STEAM,P-035808,partial_goodwill,11.1171,2.7793,8.3378
RFD-006805,ORD-0090513,2026-07-22,2026-07-19,T-03,STEAM,P-011362,partial_goodwill,8.0443,2.0111,6.0332
RFD-006806,ORD-0090517,2026-08-05,2026-07-19,T-01,EPIC,P-027785,partial_goodwill,1.1535,0.1384,1.0151
RFD-006807,ORD-0090530,2026-09-28,2026-07-19,T-01,EPIC,P-018890,accidental_purchase,25.426,3.0511,22.3749
RFD-006808,ORD-0090546,2026-07-28,2026-07-19,T-01,XBOX,P-004335,platform_policy,27.1754,3.261,23.9143
RFD-006809,ORD-0090565,2026-08-28,2026-07-19,T-04,STEAM,P-039747,partial_goodwill,10.4116,2.6029,7.8087
RFD-006810,ORD-0090579,2026-09-05,2026-07-19,T-01,PSN,P-029918,platform_policy,9.8757,2.9627,6.913
RFD-006811,ORD-0090580,2026-07-22,2026-07-19,T-04,PSN,P-027284,price_adjustment,2.4517,0.7355,1.7162
RFD-006812,ORD-0090599,2026-08-28,2026-07-19,T-05,STEAM,P-004350,partial_goodwill,13.264,3.316,9.948
RFD-006813,ORD-0090635,2026-08-17,2026-07-19,T-01,STEAM,P-016552,price_adjustment,23.6406,5.9102,17.7305
RFD-006814,ORD-0090636,2026-07-27,2026-07-19,T-01,PSN,P-032306,price_adjustment,7.7832,2.3349,5.4482
RFD-006815,ORD-0090672,2026-08-10,2026-07-20,T-03,EPIC,P-011999,accidental_purchase,29.2171,3.5061,25.7111
RFD-006816,ORD-0090674,2026-08-29,2026-07-20,T-02,STEAM,P-028584,partial_goodwill,17.4379,4.3595,13.0785
RFD-006817,ORD-0090738,2026-07-25,2026-07-20,T-04,XBOX,P-004176,platform_policy,9.5926,1.1511,8.4415
RFD-006818,ORD-0090801,2026-08-23,2026-07-21,T-02,XBOX,P-007861,accidental_purchase,33.6535,4.0384,29.6151
RFD-006819,ORD-0090831,2026-08-11,2026-07-21,T-01,PSN,P-011991,platform_policy,4.6529,1.3959,3.257
RFD-006820,ORD-0090847,2026-08-07,2026-07-21,T-02,EPIC,P-040521,price_adjustment,11.4959,1.3795,10.1164
RFD-006821,ORD-0090857,2026-08-11,2026-07-21,T-01,STEAM,P-004438,player_request,51.28,12.82,38.46
RFD-006822,ORD-0090866,2026-08-30,2026-07-21,T-01,STEAM,P-040634,partial_goodwill,2.2195,0.5549,1.6646
RFD-006823,ORD-0090869,2026-07-29,2026-07-21,T-04,STEAM,P-010699,price_adjustment,17.171,4.2927,12.8782
RFD-006824,ORD-0090872,2026-07-24,2026-07-21,T-04,STEAM,P-007799,partial_goodwill,13.6117,3.4029,10.2088
RFD-006825,ORD-0090874,2026-08-04,2026-07-21,T-03,STEAM,P-012001,platform_policy,14.0867,3.5217,10.565
RFD-006826,ORD-0090892,2026-08-23,2026-07-21,T-05,EPIC,P-000868,accidental_purchase,13.6011,1.6321,11.9689
RFD-006827,ORD-0090893,2026-08-07,2026-07-21,T-01,STEAM,P-001026,partial_goodwill,8.6445,2.1611,6.4834
RFD-006828,ORD-0090894,2026-08-07,2026-07-21,T-03,STEAM,P-040026,partial_goodwill,7.3758,1.844,5.5319
RFD-006829,ORD-0090909,2026-08-07,2026-07-21,T-04,EPIC,P-022951,partial_goodwill,3.4027,0.4083,2.9944
RFD-006830,ORD-0090913,2026-08-07,2026-07-21,T-05,STEAM,P-032840,price_adjustment,2.4193,0.6048,1.8145
RFD-006831,ORD-0090953,2026-07-24,2026-07-21,T-01,PSN,P-025727,partial_goodwill,17.9184,5.3755,12.5429
RFD-006832,ORD-0090990,2026-08-04,2026-07-21,T-04,NSW,P-013545,accidental_purchase,10.3065,3.092,7.2146
RFD-006833,ORD-0091015,2026-07-24,2026-07-21,T-04,STEAM,P-001880,partial_goodwill,2.1978,0.5495,1.6484
RFD-006834,ORD-0091025,2026-07-23,2026-07-21,T-05,STEAM,P-026177,accidental_purchase,4.8484,1.2121,3.6363
RFD-006835,ORD-0091099,2026-08-31,2026-07-22,T-03,STEAM,P-006994,partial_goodwill,6.453,1.6132,4.8397
RFD-006836,ORD-0091117,2026-07-30,2026-07-22,T-02,NSW,P-037079,partial_goodwill,6.0287,1.8086,4.2201
RFD-006837,ORD-0091151,2026-08-20,2026-07-22,T-02,EPIC,P-021208,price_adjustment,4.815,0.5778,4.2372
RFD-006838,ORD-0091160,2026-08-08,2026-07-22,T-04,NSW,P-019686,partial_goodwill,4.4509,1.3353,3.1156
RFD-006839,ORD-0091177,2026-07-27,2026-07-22,T-01,PSN,P-012005,accidental_purchase,48.9077,14.6723,34.2354
RFD-006840,ORD-0091204,2026-08-08,2026-07-22,T-02,EPIC,P-011125,partial_goodwill,11.7905,1.4149,10.3756
RFD-006841,ORD-0091207,2026-08-31,2026-07-22,T-03,NSW,P-039270,partial_goodwill,3.2265,0.9679,2.2585
RFD-006842,ORD-0091230,2026-08-09,2026-07-23,T-01,XBOX,P-003713,price_adjustment,5.3759,0.6451,4.7308
RFD-006843,ORD-0091235,2026-07-28,2026-07-23,T-02,NSW,P-041174,platform_policy,31.8221,9.5466,22.2755
RFD-006844,ORD-0091244,2026-07-26,2026-07-23,T-03,XBOX,P-025781,partial_goodwill,7.7389,0.9287,6.8102
RFD-006845,ORD-0091254,2026-08-13,2026-07-23,T-02,PSN,P-010828,player_request,9.3331,2.7999,6.5332
RFD-006846,ORD-0091263,2026-07-31,2026-07-23,T-03,STEAM,P-043014,price_adjustment,4.8603,1.2151,3.6452
RFD-006847,ORD-0091277,2026-08-25,2026-07-23,T-05,XBOX,P-029541,player_request,78.6007,9.4321,69.1686
RFD-006848,ORD-0091288,2026-08-06,2026-07-23,T-02,PSN,P-026969,player_request,23.5712,7.0714,16.4998
RFD-006849,ORD-0091298,2026-07-31,2026-07-23,T-05,PSN,P-009176,price_adjustment,12.8982,3.8695,9.0287
RFD-006850,ORD-0091312,2026-07-28,2026-07-23,T-01,EPIC,P-000940,player_request,44.5537,5.3464,39.2072
RFD-006851,ORD-0091315,2026-09-01,2026-07-23,T-01,XBOX,P-029209,price_adjustment,12.423,1.4908,10.9323
RFD-006852,ORD-0091332,2026-09-01,2026-07-23,T-01,STEAM,P-040824,price_adjustment,26.6784,6.6696,20.0088
RFD-006853,ORD-0091352,2026-09-01,2026-07-23,T-02,EPIC,P-034758,price_adjustment,11.6722,1.4007,10.2716
RFD-006854,ORD-0091353,2026-08-06,2026-07-23,T-01,STEAM,P-000989,platform_policy,4.6473,1.1618,3.4855
RFD-006855,ORD-0091360,2026-09-01,2026-07-23,T-01,STEAM,P-027894,partial_goodwill,32.7948,8.1987,24.5961
RFD-006856,ORD-0091381,2026-09-01,2026-07-23,T-03,STEAM,P-028647,price_adjustment,7.3548,1.8387,5.5161
RFD-006857,ORD-0091388,2026-07-26,2026-07-23,T-02,PSN,P-003970,price_adjustment,11.1758,3.3527,7.823
RFD-006858,ORD-0091394,2026-08-21,2026-07-23,T-02,NSW,P-012977,price_adjustment,12.6301,3.789,8.8411
RFD-006859,ORD-0091400,2026-08-21,2026-07-23,T-04,STEAM,P-001081,price_adjustment,9.0204,2.2551,6.7653
RFD-006860,ORD-0091451,2026-08-22,2026-07-24,T-03,STEAM,P-015908,partial_goodwill,4.9129,1.2282,3.6846
RFD-006861,ORD-0091453,2026-08-14,2026-07-24,T-04,PSN,P-041226,player_request,34.658,10.3974,24.2606
RFD-006862,ORD-0091456,2026-09-02,2026-07-24,T-04,STEAM,P-041898,partial_goodwill,4.5701,1.1425,3.4276
RFD-006863,ORD-0091457,2026-07-27,2026-07-24,T-05,EPIC,P-006249,partial_goodwill,9.7959,1.1755,8.6204
RFD-006864,ORD-0091464,2026-08-07,2026-07-24,T-04,STEAM,P-036565,platform_policy,37.0733,9.2683,27.805
RFD-006865,ORD-0091470,2026-07-26,2026-07-24,T-04,EPIC,P-020614,accidental_purchase,9.3582,1.123,8.2352
RFD-006866,ORD-0091478,2026-08-14,2026-07-24,T-05,STEAM,P-025944,player_request,9.7903,2.4476,7.3428
RFD-006867,ORD-0091509,2026-08-01,2026-07-24,T-01,STEAM,P-002904,partial_goodwill,7.1268,1.7817,5.3451
RFD-006868,ORD-0091518,2026-08-01,2026-07-24,T-01,XBOX,P-000621,price_adjustment,4.6489,0.5579,4.0911
RFD-006869,ORD-0091519,2026-07-27,2026-07-24,T-03,PSN,P-030053,partial_goodwill,1.6178,0.4853,1.1324
RFD-006870,ORD-0091523,2026-08-01,2026-07-24,T-04,STEAM,P-044148,price_adjustment,6.6813,1.6703,5.011
RFD-006871,ORD-0091533,2026-08-26,2026-07-24,T-05,STEAM,P-020995,accidental_purchase,39.1937,9.7984,29.3953
RFD-006872,ORD-0091552,2026-08-01,2026-07-24,T-03,PSN,P-004538,partial_goodwill,6.8096,2.0429,4.7667
RFD-006873,ORD-0091559,2026-07-27,2026-07-24,T-02,XBOX,P-044357,price_adjustment,8.1881,0.9826,7.2055
RFD-006874,ORD-0091585,2026-08-01,2026-07-24,T-03,STEAM,P-018012,price_adjustment,3.2503,0.8126,2.4377
RFD-006875,ORD-0091589,2026-08-22,2026-07-24,T-02,EPIC,P-001095,partial_goodwill,5.837,0.7004,5.1365
RFD-006876,ORD-0091591,2026-08-01,2026-07-24,T-01,PSN,P-010557,price_adjustment,2.9327,0.8798,2.0529
RFD-006877,ORD-0091613,2026-09-02,2026-07-24,T-04,STEAM,P-011917,price_adjustment,1.468,0.367,1.101
RFD-006878,ORD-0091615,2026-09-02,2026-07-24,T-05,NSW,P-039365,price_adjustment,12.229,3.6687,8.5603
RFD-006879,ORD-0091620,2026-09-10,2026-07-24,T-01,STEAM,P-027975,accidental_purchase,46.5879,11.647,34.9409
RFD-006880,ORD-0091625,2026-09-10,2026-07-24,T-02,STEAM,P-020401,player_request,9.4259,2.3565,7.0694
RFD-006881,ORD-0091638,2026-07-27,2026-07-24,T-04,PSN,P-004347,price_adjustment,2.2254,0.6676,1.5578
RFD-006882,ORD-0091644,2026-08-22,2026-07-24,T-01,STEAM,P-024276,partial_goodwill,14.9941,3.7485,11.2455
RFD-006883,ORD-0091646,2026-07-27,2026-07-24,T-01,STEAM,P-026801,price_adjustment,23.2939,5.8235,17.4704
RFD-006884,ORD-0091651,2026-08-10,2026-07-24,T-01,STEAM,P-034137,partial_goodwill,11.642,2.9105,8.7315
RFD-006885,ORD-0091679,2026-08-10,2026-07-24,T-02,EPIC,P-022321,partial_goodwill,12.1283,1.4554,10.6729
RFD-006886,ORD-0091688,2026-08-22,2026-07-24,T-02,STEAM,P-002934,partial_goodwill,1.5562,0.3891,1.1672
RFD-006887,ORD-0091703,2026-07-27,2026-07-24,T-04,STEAM,P-012171,partial_goodwill,9.8059,2.4515,7.3544
RFD-006888,ORD-0091718,2026-08-03,2026-07-25,T-02,STEAM,P-009823,platform_policy,25.2522,6.313,18.9391
RFD-006889,ORD-0091730,2026-09-03,2026-07-25,T-03,EPIC,P-004824,partial_goodwill,3.6921,0.4431,3.249
RFD-006890,ORD-0091733,2026-08-11,2026-07-25,T-01,EPIC,P-022074,partial_goodwill,19.7209,2.3665,17.3544
RFD-006891,ORD-0091757,2026-07-28,2026-07-25,T-01,EPIC,P-005588,partial_goodwill,14.6751,1.761,12.9141
RFD-006892,ORD-0091787,2026-08-03,2026-07-25,T-05,NSW,P-007701,player_request,74.1151,22.2345,51.8806
RFD-006893,ORD-0091790,2026-09-11,2026-07-25,T-05,PSN,P-039501,accidental_purchase,41.4351,12.4305,29.0045
RFD-006894,ORD-0091792,2026-09-03,2026-07-25,T-03,STEAM,P-014515,partial_goodwill,3.4577,0.8644,2.5933
RFD-006895,ORD-0091812,2026-08-27,2026-07-25,T-05,STEAM,P-036435,player_request,9.818,2.4545,7.3635
RFD-006896,ORD-0091837,2026-08-03,2026-07-25,T-01,XBOX,P-015341,player_request,9.9448,1.1934,8.7514
RFD-006897,ORD-0091839,2026-08-11,2026-07-25,T-05,STEAM,P-009229,partial_goodwill,9.7959,2.449,7.347
RFD-006898,ORD-0091855,2026-08-23,2026-07-25,T-01,STEAM,P-024412,partial_goodwill,11.1061,2.7765,8.3296
RFD-006899,ORD-0091876,2026-07-30,2026-07-25,T-04,NSW,P-033426,platform_policy,53.4538,16.0362,37.4177
RFD-006900,ORD-0091878,2026-07-28,2026-07-25,T-03,STEAM,P-013166,partial_goodwill,2.4624,0.6156,1.8468
RFD-006901,ORD-0091892,2026-07-28,2026-07-25,T-05,STEAM,P-028686,partial_goodwill,4.905,1.2263,3.6788
RFD-006902,ORD-0091906,2026-08-15,2026-07-25,T-03,NSW,P-037627,platform_policy,9.3767,2.813,6.5637
RFD-006903,ORD-0091930,2026-08-11,2026-07-25,T-01,STEAM,P-010332,price_adjustment,6.4021,1.6005,4.8016
RFD-006904,ORD-0091936,2026-07-28,2026-07-25,T-02,STEAM,P-011720,partial_goodwill,3.1958,0.799,2.3969
RFD-006905,ORD-0091974,2026-08-02,2026-07-25,T-01,PSN,P-028474,price_adjustment,3.4256,1.0277,2.3979
RFD-006906,ORD-0091982,2026-08-23,2026-07-25,T-02,PSN,P-038635,price_adjustment,7.5796,2.2739,5.3057
RFD-006907,ORD-0091987,2026-08-23,2026-07-25,T-02,STEAM,P-003282,price_adjustment,15.7603,3.9401,11.8202
RFD-006908,ORD-0092004,2026-07-27,2026-07-25,T-03,STEAM,P-026568,platform_policy,23.4515,5.8629,17.5886
RFD-006909,ORD-0092021,2026-08-23,2026-07-25,T-04,STEAM,P-043960,partial_goodwill,13.6353,3.4088,10.2265
RFD-006910,ORD-0092025,2026-07-28,2026-07-25,T-01,NSW,P-029815,partial_goodwill,1.4634,0.439,1.0244
RFD-006911,ORD-0092042,2026-08-11,2026-07-25,T-01,PSN,P-034931,partial_goodwill,4.4425,1.3328,3.1098
RFD-006912,ORD-0092044,2026-08-23,2026-07-25,T-01,XBOX,P-020882,price_adjustment,2.3245,0.2789,2.0455
RFD-006913,ORD-0092066,2026-07-27,2026-07-25,T-02,XBOX,P-000872,accidental_purchase,4.8434,0.5812,4.2622
RFD-006914,ORD-0092080,2026-07-28,2026-07-25,T-03,NSW,P-034520,price_adjustment,4.6381,1.3914,3.2467
RFD-006915,ORD-0092081,2026-07-28,2026-07-26,T-01,PSN,P-023519,player_request,102.4834,30.745,71.7384
RFD-006916,ORD-0092084,2026-07-29,2026-07-26,T-01,XBOX,P-025876,partial_goodwill,18.0833,2.17,15.9133
RFD-006917,ORD-0092096,2026-08-12,2026-07-26,T-02,PSN,P-025810,partial_goodwill,2.0684,0.6205,1.4479
RFD-006918,ORD-0092116,2026-08-28,2026-07-26,T-01,PSN,P-009862,accidental_purchase,4.9724,1.4917,3.4807
RFD-006919,ORD-0092148,2026-07-28,2026-07-26,T-02,PSN,P-040647,accidental_purchase,24.2666,7.28,16.9866
RFD-006920,ORD-0092165,2026-08-12,2026-07-26,T-04,STEAM,P-013778,price_adjustment,1.2406,0.3102,0.9305
RFD-006921,ORD-0092167,2026-08-09,2026-07-26,T-01,STEAM,P-010469,player_request,88.937,22.2343,66.7028
RFD-006922,ORD-0092179,2026-07-29,2026-07-26,T-03,XBOX,P-044024,partial_goodwill,3.4142,0.4097,3.0045
RFD-006923,ORD-0092180,2026-07-28,2026-07-26,T-03,XBOX,P-024350,player_request,20.1775,2.4213,17.7562
RFD-006924,ORD-0092194,2026-08-03,2026-07-26,T-01,STEAM,P-015920,price_adjustment,15.375,3.8437,11.5312
RFD-006925,ORD-0092201,2026-07-31,2026-07-26,T-01,EPIC,P-032470,accidental_purchase,4.4392,0.5327,3.9065
RFD-006926,ORD-0092203,2026-08-12,2026-07-26,T-02,EPIC,P-041984,partial_goodwill,1.5382,0.1846,1.3537
RFD-006927,ORD-0092205,2026-07-29,2026-07-26,T-01,XBOX,P-000556,price_adjustment,24.9017,2.9882,21.9135
RFD-006928,ORD-0092213,2026-08-04,2026-07-26,T-02,STEAM,P-019736,accidental_purchase,25.2522,6.313,18.9391
RFD-006929,ORD-0092236,2026-07-28,2026-07-26,T-01,PSN,P-019014,accidental_purchase,18.6056,5.5817,13.0239
RFD-006930,ORD-0092242,2026-08-12,2026-07-26,T-01,NSW,P-009157,partial_goodwill,12.9673,3.8902,9.0771
RFD-006931,ORD-0092245,2026-08-04,2026-07-26,T-01,STEAM,P-016182,player_request,44.4685,11.1171,33.3514
RFD-006932,ORD-0092249,2026-07-28,2026-07-26,T-03,STEAM,P-033879,platform_policy,9.2144,2.3036,6.9108
RFD-006933,ORD-0092250,2026-07-29,2026-07-26,T-03,PSN,P-034224,price_adjustment,7.0325,2.1098,4.9228
RFD-006934,ORD-0092251,2026-08-12,2026-07-26,T-02,XBOX,P-019806,price_adjustment,11.7898,1.4148,10.375
RFD-006935,ORD-0092260,2026-08-12,2026-07-26,T-01,STEAM,P-007265,price_adjustment,4.5412,1.1353,3.4059
RFD-006936,ORD-0092268,2026-07-29,2026-07-26,T-04,STEAM,P-010517,partial_goodwill,6.8155,1.7039,5.1116
RFD-006937,ORD-0092285,2026-07-29,2026-07-26,T-01,XBOX,P-000472,partial_goodwill,3.073,0.3688,2.7043
RFD-006938,ORD-0092325,2026-09-12,2026-07-26,T-05,STEAM,P-013082,platform_policy,78.3874,19.5969,58.7906
RFD-006939,ORD-0092347,2026-07-28,2026-07-26,T-01,STEAM,P-019010,player_request,46.5879,11.647,34.9409
RFD-006940,ORD-0092351,2026-07-29,2026-07-26,T-01,XBOX,P-019227,price_adjustment,15.375,1.845,13.53
RFD-006941,ORD-0092352,2026-08-12,2026-07-26,T-01,EPIC,P-039101,partial_goodwill,2.9297,0.3516,2.5781
RFD-006942,ORD-0092374,2026-08-13,2026-07-27,T-01,XBOX,P-043363,price_adjustment,19.6138,2.3537,17.2601
RFD-006943,ORD-0092398,2026-09-05,2026-07-27,T-02,EPIC,P-042614,price_adjustment,6.2712,0.7525,5.5186
RFD-006944,ORD-0092407,2026-08-10,2026-07-27,T-01,XBOX,P-037598,platform_policy,14.8461,1.7815,13.0645
RFD-006945,ORD-0092434,2026-08-10,2026-07-27,T-04,XBOX,P-027835,platform_policy,4.4475,0.5337,3.9138
RFD-006946,ORD-0092436,2026-08-04,2026-07-27,T-01,EPIC,P-011699,partial_goodwill,14.8559,1.7827,13.0732
RFD-006947,ORD-0092445,2026-08-05,2026-07-27,T-01,PSN,P-026148,player_request,17.3434,5.203,12.1404
RFD-006948,ORD-0092468,2026-08-13,2026-07-27,T-02,EPIC,P-020660,price_adjustment,9.3479,1.1217,8.2261
RFD-006949,ORD-0092488,2026-08-01,2026-07-27,T-05,PSN,P-027849,platform_policy,9.808,2.9424,6.8656
RFD-006950,ORD-0092512,2026-08-10,2026-07-27,T-02,STEAM,P-036279,platform_policy,46.6923,11.6731,35.0192
RFD-006951,ORD-0092514,2026-07-30,2026-07-27,T-03,STEAM,P-017243,price_adjustment,4.7192,1.1798,3.5394
RFD-006952,ORD-0092522,2026-08-04,2026-07-27,T-03,PSN,P-009694,partial_goodwill,7.3342,2.2003,5.1339
RFD-006953,ORD-0092526,2026-08-04,2026-07-27,T-01,STEAM,P-019516,price_adjustment,11.1444,2.7861,8.3583
RFD-006954,ORD-0092531,2026-08-04,2026-07-27,T-03,STEAM,P-027607,partial_goodwill,7.1978,1.7994,5.3983
RFD-006955,ORD-0092548,2026-08-30,2026-07-28,T-05,STEAM,P-009666,platform_policy,9.818,2.4545,7.3635
RFD-006956,ORD-0092564,2026-07-30,2026-07-28,T-02,STEAM,P-012006,accidental_purchase,4.7234,1.1808,3.5425
RFD-006957,ORD-0092579,2026-08-11,2026-07-28,T-01,STEAM,P-021285,player_request,37.3917,9.3479,28.0438
RFD-006958,ORD-0092598,2026-08-05,2026-07-28,T-01,STEAM,P-015447,price_adjustment,22.2123,5.5531,16.6592
RFD-006959,ORD-0092633,2026-07-30,2026-07-28,T-02,EPIC,P-042951,accidental_purchase,9.3331,1.12,8.2131
RFD-006960,ORD-0092639,2026-09-06,2026-07-28,T-01,STEAM,P-007439,price_adjustment,8.6721,2.168,6.5041
RFD-006961,ORD-0092679,2026-09-06,2026-07-28,T-01,STEAM,P-042652,price_adjustment,1.6279,0.407,1.2209
RFD-006962,ORD-0092701,2026-09-06,2026-07-28,T-04,STEAM,P-012440,partial_goodwill,3.0237,0.7559,2.2678
RFD-006963,ORD-0092706,2026-08-14,2026-07-28,T-01,STEAM,P-006506,partial_goodwill,2.4665,0.6166,1.8498
RFD-006964,ORD-0092724,2026-09-06,2026-07-28,T-05,PSN,P-001744,price_adjustment,24.3489,7.3047,17.0442
RFD-006965,ORD-0092729,2026-08-14,2026-07-28,T-05,XBOX,P-042806,price_adjustment,20.6343,2.4761,18.1582
RFD-006966,ORD-0092732,2026-07-31,2026-07-28,T-01,EPIC,P-039342,partial_goodwill,2.4665,0.296,2.1705
RFD-006967,ORD-0092754,2026-08-14,2026-07-28,T-04,STEAM,P-031572,partial_goodwill,3.3454,0.8364,2.5091
RFD-006968,ORD-0092761,2026-08-05,2026-07-28,T-04,XBOX,P-023583,partial_goodwill,4.4057,0.5287,3.877
RFD-006969,ORD-0092762,2026-08-18,2026-07-28,T-02,EPIC,P-019835,player_request,16.8903,2.0268,14.8635
RFD-006970,ORD-0092786,2026-07-31,2026-07-28,T-02,XBOX,P-028023,price_adjustment,26.5293,3.1835,23.3458
RFD-006971,ORD-0092790,2026-08-18,2026-07-28,T-01,NSW,P-036220,accidental_purchase,44.4246,13.3274,31.0972
RFD-006972,ORD-0092800,2026-08-14,2026-07-28,T-02,XBOX,P-042738,partial_goodwill,2.0105,0.2413,1.7693
RFD-006973,ORD-0092824,2026-08-03,2026-07-29,T-03,EPIC,P-004514,platform_policy,8.9306,1.0717,7.859
RFD-006974,ORD-0092829,2026-08-07,2026-07-29,T-04,STEAM,P-038394,player_request,5.0525,1.2631,3.7894
RFD-006975,ORD-0092859,2026-08-01,2026-07-29,T-05,NSW,P-014746,price_adjustment,5.8907,1.7672,4.1235
RFD-006976,ORD-0092872,2026-08-19,2026-07-29,T-04,STEAM,P-001569,player_request,39.7411,9.9353,29.8058
RFD-006977,ORD-0092875,2026-08-27,2026-07-29,T-03,XBOX,P-006603,partial_goodwill,7.0274,0.8433,6.1841
RFD-006978,ORD-0092881,2026-07-31,2026-07-29,T-01,PSN,P-014725,player_request,9.8615,2.9585,6.9031
RFD-006979,ORD-0092883,2026-08-15,2026-07-29,T-04,PSN,P-040998,price_adjustment,2.4482,0.7345,1.7137
RFD-006980,ORD-0092902,2026-08-01,2026-07-29,T-02,STEAM,P-023998,price_adjustment,7.7046,1.9261,5.7784
RFD-006981,ORD-0092908,2026-09-07,2026-07-29,T-01,XBOX,P-023909,price_adjustment,17.914,2.1497,15.7643
RFD-006982,ORD-0092914,2026-08-12,2026-07-29,T-01,PSN,P-011349,accidental_purchase,9.8615,2.9585,6.9031
RFD-006983,ORD-0092922,2026-08-03,2026-07-29,T-03,STEAM,P-018857,platform_policy,4.6968,1.1742,3.5226
RFD-006984,ORD-0092924,2026-08-03,2026-07-29,T-01,STEAM,P-013046,accidental_purchase,98.694,24.6735,74.0205
RFD-006985,ORD-0092942,2026-08-12,2026-07-29,T-01,XBOX,P-005069,player_request,9.8517,1.1822,8.6695
RFD-006986,ORD-0092949,2026-08-01,2026-07-29,T-03,PSN,P-020954,price_adjustment,4.8767,1.463,3.4137
RFD-006987,ORD-0092961,2026-08-27,2026-07-29,T-05,STEAM,P-006058,price_adjustment,4.8472,1.2118,3.6354
RFD-006988,ORD-0092983,2026-08-01,2026-07-29,T-01,STEAM,P-024339,price_adjustment,2.3286,0.5822,1.7465
RFD-006989,ORD-0092990,2026-09-15,2026-07-29,T-03,STEAM,P-033802,platform_policy,17.8791,4.4698,13.4093
RFD-006990,ORD-0093008,2026-08-15,2026-07-29,T-01,PSN,P-016773,price_adjustment,22.2275,6.6682,15.5592
RFD-006991,ORD-0093021,2026-08-02,2026-07-30,T-03,PSN,P-003835,partial_goodwill,8.9127,2.6738,6.2389
RFD-006992,ORD-0093037,2026-08-02,2026-07-30,T-04,STEAM,P-019075,price_adjustment,10.4531,2.6133,7.8398
RFD-006993,ORD-0093042,2026-09-01,2026-07-30,T-02,STEAM,P-028925,player_request,48.0349,12.0087,36.0261
RFD-006994,ORD-0093056,2026-08-28,2026-07-30,T-02,PSN,P-026488,partial_goodwill,2.2873,0.6862,1.6011
RFD-006995,ORD-0093077,2026-08-20,2026-07-30,T-03,EPIC,P-013124,accidental_purchase,9.9802,1.1976,8.7826
RFD-006996,ORD-0093110,2026-09-08,2026-07-30,T-05,XBOX,P-039260,price_adjustment,12.7995,1.5359,11.2635
RFD-006997,ORD-0093139,2026-08-20,2026-07-30,T-05,EPIC,P-042765,platform_policy,24.2237,2.9068,21.3169
RFD-006998,ORD-0093191,2026-09-08,2026-07-30,T-04,NSW,P-020677,partial_goodwill,3.8015,1.1405,2.6611
RFD-006999,ORD-0093203,2026-08-16,2026-07-30,T-01,STEAM,P-005971,partial_goodwill,1.2279,0.307,0.9209
RFD-007000,ORD-0093206,2026-09-08,2026-07-30,T-01,STEAM,P-035581,price_adjustment,12.328,3.082,9.246
RFD-007001,ORD-0093222,2026-09-16,2026-07-30,T-05,XBOX,P-028917,player_request,13.7957,1.6555,12.1402
RFD-007002,ORD-0093234,2026-09-01,2026-07-30,T-02,STEAM,P-007449,accidental_purchase,8.2873,2.0718,6.2155
RFD-007003,ORD-0093250,2026-08-03,2026-07-31,T-01,PSN,P-044115,partial_goodwill,2.2123,0.6637,1.5486
RFD-007004,ORD-0093252,2026-08-08,2026-07-31,T-04,STEAM,P-007072,partial_goodwill,5.1307,1.2827,3.848
RFD-007005,ORD-0093287,2026-08-29,2026-07-31,T-03,STEAM,P-004815,partial_goodwill,1.2326,0.3082,0.9245
RFD-007006,ORD-0093288,2026-08-08,2026-07-31,T-05,XBOX,P-024483,partial_goodwill,19.6528,2.3583,17.2944
RFD-007007,ORD-0093290,2026-09-17,2026-07-31,T-01,STEAM,P-044026,player_request,54.0481,13.512,40.5361
RFD-007008,ORD-0093292,2026-08-03,2026-07-31,T-04,NSW,P-020867,partial_goodwill,10.0304,3.0091,7.0213
RFD-007009,ORD-0093312,2026-08-08,2026-07-31,T-04,XBOX,P-029257,price_adjustment,3.0174,0.3621,2.6553
RFD-007010,ORD-0093314,2026-08-29,2026-07-31,T-02,STEAM,P-030957,price_adjustment,2.3891,0.5973,1.7918
RFD-007011,ORD-0093321,2026-08-21,2026-07-31,T-02,XBOX,P-023830,accidental_purchase,23.607,2.8328,20.7741
RFD-007012,ORD-0093325,2026-08-17,2026-07-31,T-04,PSN,P-018385,price_adjustment,2.8946,0.8684,2.0262
RFD-007013,ORD-0093331,2026-08-03,2026-07-31,T-02,STEAM,P-013842,price_adjustment,14.0063,3.5016,10.5048
RFD-007014,ORD-0093332,2026-08-29,2026-07-31,T-04,PSN,P-032686,price_adjustment,4.8121,1.4436,3.3685
RFD-007015,ORD-0093358,2026-08-21,2026-07-31,T-02,STEAM,P-021502,platform_policy,23.607,5.9017,17.7052
RFD-007016,ORD-0093419,2026-08-08,2026-07-31,T-02,PSN,P-042328,price_adjustment,8.3716,2.5115,5.8601
RFD-007017,ORD-0093421,2026-08-03,2026-07-31,T-04,XBOX,P-026855,price_adjustment,19.3476,2.3217,17.0259
RFD-007018,ORD-0093456,2026-08-14,2026-07-31,T-05,XBOX,P-032107,player_request,12.9445,1.5533,11.3912
RFD-007019,ORD-0093457,2026-08-29,2026-07-31,T-03,STEAM,P-038720,price_adjustment,1.4692,0.3673,1.1019
RFD-007020,ORD-0093481,2026-08-02,2026-07-31,T-05,XBOX,P-044132,accidental_purchase,18.3685,2.2042,16.1643
RFD-007021,ORD-0093484,2026-08-02,2026-07-31,T-03,STEAM,P-029466,accidental_purchase,20.2302,5.0576,15.1727
RFD-007022,ORD-0093496,2026-08-09,2026-07-31,T-04,STEAM,P-016385,platform_policy,9.7619,2.4405,7.3215
RFD-007023,ORD-0093502,2026-08-05,2026-07-31,T-02,STEAM,P-039871,player_request,10.0174,2.5044,7.5131
RFD-007024,ORD-0093513,2026-08-08,2026-07-31,T-05,NSW,P-000230,partial_goodwill,12.7581,3.8274,8.9307
RFD-007025,ORD-0093552,2026-08-18,2026-08-01,T-04,EPIC,P-024232,price_adjustment,4.8859,0.5863,4.2996
RFD-007026,ORD-0093569,2026-09-10,2026-08-01,T-05,XBOX,P-006328,price_adjustment,24.165,2.8998,21.2652
RFD-007027,ORD-0093577,2026-08-09,2026-08-01,T-04,PSN,P-011273,price_adjustment,9.6738,2.9021,6.7717
RFD-007028,ORD-0093578,2026-08-15,2026-08-01,T-02,PSN,P-028696,platform_policy,22.9173,6.8752,16.0421
RFD-007029,ORD-0093609,2026-08-18,2026-08-01,T-05,EPIC,P-023037,partial_goodwill,24.165,2.8998,21.2652
RFD-007030,ORD-0093622,2026-09-10,2026-08-01,T-04,EPIC,P-009381,price_adjustment,4.8761,0.5851,4.2909
RFD-007031,ORD-0093651,2026-08-04,2026-08-01,T-01,STEAM,P-025281,partial_goodwill,6.6369,1.6592,4.9777
RFD-007032,ORD-0093661,2026-08-09,2026-08-01,T-04,XBOX,P-026375,partial_goodwill,9.1608,1.0993,8.0615
RFD-007033,ORD-0093683,2026-08-04,2026-08-01,T-01,STEAM,P-042369,partial_goodwill,12.2881,3.072,9.2161
RFD-007034,ORD-0093705,2026-08-30,2026-08-01,T-04,STEAM,P-013222,partial_goodwill,3.3878,0.8469,2.5408
RFD-007035,ORD-0093706,2026-08-18,2026-08-01,T-03,STEAM,P-022027,price_adjustment,9.8305,2.4576,7.3729
RFD-007036,ORD-0093708,2026-08-04,2026-08-01,T-03,STEAM,P-028028,price_adjustment,4.6543,1.1636,3.4908
RFD-007037,ORD-0093714,2026-09-03,2026-08-01,T-01,XBOX,P-014181,player_request,17.2033,2.0644,15.1389
RFD-007038,ORD-0093756,2026-08-09,2026-08-01,T-01,STEAM,P-040820,partial_goodwill,23.321,5.8303,17.4908
RFD-007039,ORD-0093765,2026-08-09,2026-08-01,T-05,NSW,P-044616,price_adjustment,30.3258,9.0977,21.2281
RFD-007040,ORD-0093770,2026-09-10,2026-08-01,T-03,XBOX,P-000406,partial_goodwill,4.8075,0.5769,4.2306
RFD-007041,ORD-0093775,2026-08-15,2026-08-01,T-05,STEAM,P-018674,player_request,38.6659,9.6665,28.9994
RFD-007042,ORD-0093782,2026-08-15,2026-08-01,T-01,STEAM,P-008078,player_request,44.3259,11.0815,33.2444
RFD-007043,ORD-0093790,2026-09-10,2026-08-01,T-04,PSN,P-009024,price_adjustment,29.3152,8.7946,20.5206
RFD-007044,ORD-0093796,2026-08-18,2026-08-01,T-01,EPIC,P-043916,partial_goodwill,16.2144,1.9457,14.2687
RFD-007045,ORD-0093817,2026-08-16,2026-08-02,T-04,STEAM,P-042608,player_request,9.7522,2.438,7.3141
RFD-007046,ORD-0093818,2026-09-19,2026-08-02,T-03,STEAM,P-021958,accidental_purchase,8.9136,2.2284,6.6852
RFD-007047,ORD-0093827,2026-08-16,2026-08-02,T-01,STEAM,P-038100,accidental_purchase,18.0157,4.5039,13.5118
RFD-007048,ORD-0093843,2026-09-11,2026-08-02,T-03,NSW,P-030936,partial_goodwill,1.2729,0.3819,0.891
RFD-007049,ORD-0093864,2026-08-23,2026-08-02,T-03,PSN,P-034579,platform_policy,14.7947,4.4384,10.3563
RFD-007050,ORD-0093871,2026-08-31,2026-08-02,T-03,STEAM,P-037877,partial_goodwill,5.0022,1.2505,3.7516
RFD-007051,ORD-0093884,2026-08-23,2026-08-02,T-02,STEAM,P-019918,accidental_purchase,46.6923,11.6731,35.0192
RFD-007052,ORD-0093890,2026-08-31,2026-08-02,T-04,STEAM,P-004488,partial_goodwill,9.6738,2.4185,7.2554
RFD-007053,ORD-0093906,2026-09-11,2026-08-02,T-01,NSW,P-043913,price_adjustment,1.5383,0.4615,1.0768
RFD-007054,ORD-0093920,2026-08-05,2026-08-02,T-02,STEAM,P-022791,price_adjustment,4.6741,1.1685,3.5055
RFD-007055,ORD-0093925,2026-08-19,2026-08-02,T-02,STEAM,P-043379,partial_goodwill,10.4015,2.6004,7.8011
RFD-007056,ORD-0093928,2026-09-19,2026-08-02,T-05,XBOX,P-044355,accidental_purchase,48.33,5.7996,42.5304
RFD-007057,ORD-0093932,2026-08-10,2026-08-02,T-01,STEAM,P-035351,price_adjustment,7.7832,1.9458,5.8374
RFD-007058,ORD-0093936,2026-08-23,2026-08-02,T-05,STEAM,P-044993,platform_policy,10.2779,2.5695,7.7085
RFD-007059,ORD-0093942,2026-08-10,2026-08-02,T-01,XBOX,P-044098,price_adjustment,11.6556,1.3987,10.2569
RFD-007060,ORD-0093949,2026-08-05,2026-08-02,T-01,EPIC,P-026305,partial_goodwill,1.6156,0.1939,1.4217
RFD-007061,ORD-0093955,2026-08-31,2026-08-02,T-01,STEAM,P-024665,partial_goodwill,31.9393,7.9848,23.9545
RFD-007062,ORD-0093993,2026-09-04,2026-08-02,T-04,PSN,P-018067,platform_policy,9.2193,2.7658,6.4535
RFD-007063,ORD-0094016,2026-08-05,2026-08-02,T-01,STEAM,P-033327,partial_goodwill,4.429,1.1072,3.3217
RFD-007064,ORD-0094047,2026-08-10,2026-08-02,T-04,STEAM,P-013536,price_adjustment,8.6896,2.1724,6.5172
RFD-007065,ORD-0094054,2026-08-07,2026-08-02,T-01,PSN,P-041012,accidental_purchase,46.642,13.9926,32.6494
RFD-007066,ORD-0094077,2026-08-31,2026-08-02,T-04,EPIC,P-016599,partial_goodwill,14.6576,1.7589,12.8987
RFD-007067,ORD-0094137,2026-08-20,2026-08-03,T-01,EPIC,P-035586,price_adjustment,12.9368,1.5524,11.3843
RFD-007068,ORD-0094148,2026-08-06,2026-08-03,T-02,PSN,P-008561,partial_goodwill,7.577,2.2731,5.3039
RFD-007069,ORD-0094149,2026-08-05,2026-08-03,T-05,STEAM,P-011984,platform_policy,39.5608,9.8902,29.6706
RFD-007070,ORD-0094162,2026-08-24,2026-08-03,T-04,XBOX,P-029225,platform_policy,10.1739,1.2209,8.9531
RFD-007071,ORD-0094192,2026-08-06,2026-08-03,T-02,PSN,P-019040,partial_goodwill,5.9465,1.784,4.1626
RFD-007072,ORD-0094212,2026-08-11,2026-08-03,T-01,STEAM,P-018494,price_adjustment,24.6234,6.1558,18.4675
RFD-007073,ORD-0094217,2026-08-05,2026-08-03,T-01,STEAM,P-014269,player_request,17.2432,4.3108,12.9324
RFD-007074,ORD-0094230,2026-08-06,2026-08-04,T-02,STEAM,P-009932,player_request,23.7719,5.943,17.8289
RFD-007075,ORD-0094244,2026-08-07,2026-08-04,T-01,STEAM,P-017331,partial_goodwill,33.118,8.2795,24.8385
RFD-007076,ORD-0094245,2026-08-13,2026-08-04,T-02,XBOX,P-015794,player_request,20.0637,2.4076,17.656
RFD-007077,ORD-0094246,2026-09-06,2026-08-04,T-01,XBOX,P-015323,accidental_purchase,51.542,6.185,45.357
RFD-007078,ORD-0094263,2026-08-09,2026-08-04,T-01,XBOX,P-028953,platform_policy,60.0365,7.2044,52.8321
RFD-007079,ORD-0094290,2026-09-21,2026-08-04,T-01,EPIC,P-016892,player_request,9.3737,1.1248,8.2489
RFD-007080,ORD-0094306,2026-08-25,2026-08-04,T-05,EPIC,P-000839,player_request,13.519,1.6223,11.8967
RFD-007081,ORD-0094329,2026-08-18,2026-08-04,T-02,XBOX,P-006646,player_request,4.7702,0.5724,4.1978
RFD-007082,ORD-0094333,2026-09-06,2026-08-04,T-04,STEAM,P-040040,accidental_purchase,35.5093,8.8773,26.632
RFD-007083,ORD-0094338,2026-09-06,2026-08-04,T-02,STEAM,P-010693,player_request,23.9001,5.975,17.9251
RFD-007084,ORD-0094340,2026-08-21,2026-08-04,T-05,PSN,P-030832,price_adjustment,3.3822,1.0147,2.3675
RFD-007085,ORD-0094357,2026-08-12,2026-08-04,T-02,PSN,P-015646,partial_goodwill,5.837,1.7511,4.0859
RFD-007086,ORD-0094408,2026-08-07,2026-08-04,T-04,XBOX,P-036314,partial_goodwill,3.3822,0.4059,2.9763
RFD-007087,ORD-0094410,2026-08-21,2026-08-04,T-02,STEAM,P-020867,price_adjustment,16.5675,4.1419,12.4257
RFD-007088,ORD-0094411,2026-08-21,2026-08-04,T-05,STEAM,P-007391,price_adjustment,4.8191,1.2048,3.6143
RFD-007089,ORD-0094418,2026-08-08,2026-08-05,T-03,PSN,P-006254,price_adjustment,4.6632,1.399,3.2642
RFD-007090,ORD-0094437,2026-08-08,2026-08-05,T-04,STEAM,P-032774,price_adjustment,13.0077,3.2519,9.7558
RFD-007091,ORD-0094450,2026-08-13,2026-08-05,T-02,STEAM,P-013126,partial_goodwill,9.3935,2.3484,7.0451
RFD-007092,ORD-0094465,2026-08-08,2026-08-05,T-04,PSN,P-027327,price_adjustment,3.208,0.9624,2.2456
RFD-007093,ORD-0094477,2026-08-10,2026-08-05,T-01,XBOX,P-019304,player_request,4.6769,0.5612,4.1157
RFD-007094,ORD-0094487,2026-08-14,2026-08-05,T-01,STEAM,P-005170,platform_policy,58.7198,14.6799,44.0398
RFD-007095,ORD-0094500,2026-08-22,2026-08-05,T-02,EPIC,P-017359,partial_goodwill,1.5656,0.1879,1.3777
RFD-007096,ORD-0094523,2026-08-26,2026-08-05,T-01,XBOX,P-018084,player_request,5.1433,0.6172,4.5261
RFD-007097,ORD-0094532,2026-08-13,2026-08-05,T-03,XBOX,P-006940,partial_goodwill,2.3583,0.283,2.0753
RFD-007098,ORD-0094534,2026-08-08,2026-08-05,T-03,STEAM,P-023218,price_adjustment,4.5629,1.1407,3.4222
RFD-007099,ORD-0094591,2026-08-08,2026-08-05,T-01,STEAM,P-001971,partial_goodwill,34.0451,8.5113,25.5338
RFD-007100,ORD-0094607,2026-08-15,2026-08-06,T-01,STEAM,P-013126,accidental_purchase,72.7204,18.1801,54.5403
RFD-007101,ORD-0094667,2026-08-11,2026-08-06,T-03,XBOX,P-027075,player_request,14.4768,1.7372,12.7396
RFD-007102,ORD-0094669,2026-09-15,2026-08-06,T-01,PSN,P-016989,partial_goodwill,2.2221,0.6666,1.5555
RFD-007103,ORD-0094682,2026-08-15,2026-08-06,T-02,EPIC,P-019087,player_request,23.7507,2.8501,20.9006
RFD-007104,ORD-0094693,2026-09-08,2026-08-06,T-02,NSW,P-028958,accidental_purchase,38.0662,11.4199,26.6463
RFD-007105,ORD-0094702,2026-08-14,2026-08-06,T-04,STEAM,P-036439,partial_goodwill,6.8539,1.7135,5.1404
RFD-007106,ORD-0094705,2026-08-09,2026-08-06,T-02,STEAM,P-034076,price_adjustment,6.9275,1.7319,5.1956
RFD-007107,ORD-0094707,2026-08-11,2026-08-06,T-04,XBOX,P-034315,player_request,29.1484,3.4978,25.6506
RFD-007108,ORD-0094714,2026-08-11,2026-08-06,T-03,PSN,P-004928,player_request,13.4802,4.0441,9.4362
RFD-007109,ORD-0094724,2026-09-15,2026-08-06,T-04,NSW,P-019768,price_adjustment,17.8152,5.3445,12.4706
RFD-007110,ORD-0094739,2026-09-04,2026-08-06,T-01,PSN,P-024241,price_adjustment,24.4266,7.328,17.0986
RFD-007111,ORD-0094759,2026-09-08,2026-08-06,T-03,STEAM,P-018326,player_request,27.6549,6.9137,20.7412
RFD-007112,ORD-0094761,2026-08-14,2026-08-06,T-02,PSN,P-013989,partial_goodwill,3.1349,0.9405,2.1944
RFD-007113,ORD-0094777,2026-08-14,2026-08-06,T-02,XBOX,P-007078,price_adjustment,8.6355,1.0363,7.5992
RFD-007114,ORD-0094781,2026-09-23,2026-08-06,T-03,STEAM,P-032614,platform_policy,14.177,3.5443,10.6328
RFD-007115,ORD-0094794,2026-08-15,2026-08-06,T-04,XBOX,P-043139,platform_policy,29.1484,3.4978,25.6506
RFD-007116,ORD-0094798,2026-08-23,2026-08-06,T-04,PSN,P-000868,price_adjustment,2.4242,0.7272,1.6969
RFD-007117,ORD-0094810,2026-08-27,2026-08-06,T-01,STEAM,P-035736,player_request,31.2789,7.8197,23.4592
RFD-007118,ORD-0094811,2026-09-08,2026-08-06,T-05,NSW,P-018344,player_request,13.4643,4.0393,9.425
RFD-007119,ORD-0094814,2026-08-23,2026-08-06,T-01,STEAM,P-025197,partial_goodwill,16.9691,4.2423,12.7268
RFD-007120,ORD-0094821,2026-09-15,2026-08-06,T-03,EPIC,P-034369,price_adjustment,3.5418,0.425,3.1168
RFD-007121,ORD-0094834,2026-09-08,2026-08-06,T-02,STEAM,P-021032,accidental_purchase,8.3337,2.0834,6.2503
RFD-007122,ORD-0094842,2026-08-15,2026-08-07,T-05,STEAM,P-013968,partial_goodwill,4.7834,1.1958,3.5875
RFD-007123,ORD-0094870,2026-09-09,2026-08-07,T-02,XBOX,P-023291,player_request,23.7228,2.8467,20.8761
RFD-007124,ORD-0094886,2026-08-21,2026-08-07,T-05,STEAM,P-039580,accidental_purchase,54.283,13.5708,40.7123
RFD-007125,ORD-0094919,2026-08-24,2026-08-07,T-04,PSN,P-019985,price_adjustment,1.1051,0.3315,0.7736
RFD-007126,ORD-0094940,2026-08-24,2026-08-07,T-01,STEAM,P-003528,partial_goodwill,18.5502,4.6375,13.9126
RFD-007127,ORD-0094942,2026-09-05,2026-08-07,T-05,XBOX,P-030041,partial_goodwill,27.6762,3.3211,24.3551
RFD-007128,ORD-0094956,2026-08-21,2026-08-07,T-01,STEAM,P-020452,platform_policy,44.7207,11.1802,33.5405
RFD-007129,ORD-0094961,2026-09-24,2026-08-07,T-05,STEAM,P-024931,player_request,49.3581,12.3395,37.0186
RFD-007130,ORD-0094968,2026-09-05,2026-08-07,T-03,XBOX,P-039793,price_adjustment,1.6688,0.2003,1.4686
RFD-007131,ORD-0095001,2026-09-24,2026-08-07,T-04,EPIC,P-042874,accidental_purchase,13.8036,1.6564,12.1472
RFD-007132,ORD-0095006,2026-09-16,2026-08-07,T-03,EPIC,P-025838,partial_goodwill,4.555,0.5466,4.0084
RFD-007133,ORD-0095008,2026-08-16,2026-08-07,T-01,STEAM,P-005360,platform_policy,16.4098,4.1024,12.3073
RFD-007134,ORD-0095009,2026-08-24,2026-08-07,T-03,STEAM,P-026356,partial_goodwill,7.209,1.8023,5.4068
RFD-007135,ORD-0095013,2026-09-16,2026-08-07,T-02,NSW,P-017930,partial_goodwill,11.6722,3.5017,8.1706
RFD-007136,ORD-0095028,2026-08-15,2026-08-07,T-03,XBOX,P-015220,partial_goodwill,1.6688,0.2003,1.4686
RFD-007137,ORD-0095039,2026-08-09,2026-08-07,T-01,STEAM,P-043298,accidental_purchase,48.6973,12.1743,36.523
RFD-007138,ORD-0095045,2026-09-05,2026-08-07,T-05,NSW,P-028250,price_adjustment,19.7492,5.9248,13.8244
RFD-007139,ORD-0095062,2026-08-12,2026-08-07,T-03,XBOX,P-016362,player_request,24.043,2.8852,21.1579
RFD-007140,ORD-0095074,2026-08-10,2026-08-07,T-01,XBOX,P-030812,price_adjustment,5.6275,0.6753,4.9522
RFD-007141,ORD-0095086,2026-08-24,2026-08-07,T-01,PSN,P-010309,partial_goodwill,8.5286,2.5586,5.97
RFD-007142,ORD-0095096,2026-09-05,2026-08-07,T-04,XBOX,P-033357,partial_goodwill,16.3004,1.956,14.3443
RFD-007143,ORD-0095108,2026-08-25,2026-08-08,T-01,XBOX,P-000977,partial_goodwill,34.4867,4.1384,30.3483
RFD-007144,ORD-0095109,2026-09-06,2026-08-08,T-04,NSW,P-043672,partial_goodwill,3.0322,0.9097,2.1226
RFD-007145,ORD-0095113,2026-08-11,2026-08-08,T-05,NSW,P-040387,partial_goodwill,9.8696,2.9609,6.9088
RFD-007146,ORD-0095138,2026-08-11,2026-08-08,T-01,XBOX,P-034008,price_adjustment,3.2116,0.3854,2.8262
RFD-007147,ORD-0095154,2026-08-11,2026-08-08,T-02,NSW,P-020655,price_adjustment,7.112,2.1336,4.9784
RFD-007148,ORD-0095157,2026-08-16,2026-08-08,T-05,NSW,P-002083,partial_goodwill,19.1626,5.7488,13.4138
RFD-007149,ORD-0095174,2026-09-06,2026-08-08,T-01,STEAM,P-011789,price_adjustment,2.2204,0.5551,1.6653
RFD-007150,ORD-0095194,2026-08-29,2026-08-08,T-05,XBOX,P-023190,player_request,4.7834,0.574,4.2094
RFD-007151,ORD-0095242,2026-09-17,2026-08-08,T-02,NSW,P-029999,price_adjustment,7.8283,2.3485,5.4798
RFD-007152,ORD-0095258,2026-08-16,2026-08-08,T-04,XBOX,P-003491,price_adjustment,2.4159,0.2899,2.126
RFD-007153,ORD-0095259,2026-08-16,2026-08-08,T-02,STEAM,P-036031,partial_goodwill,6.5201,1.63,4.8901
RFD-007154,ORD-0095279,2026-08-16,2026-08-08,T-01,STEAM,P-043372,partial_goodwill,35.3563,8.8391,26.5172
RFD-007155,ORD-0095281,2026-08-10,2026-08-08,T-05,EPIC,P-031066,player_request,13.0598,1.5672,11.4927
RFD-007156,ORD-0095293,2026-09-10,2026-08-08,T-01,STEAM,P-026927,accidental_purchase,4.861,1.2153,3.6458
RFD-007157,ORD-0095296,2026-09-17,2026-08-08,T-05,STEAM,P-001146,partial_goodwill,19.1626,4.7907,14.372
RFD-007158,ORD-0095328,2026-08-11,2026-08-09,T-04,STEAM,P-006193,accidental_purchase,58.0992,14.5248,43.5744
RFD-007159,ORD-0095330,2026-09-07,2026-08-09,T-04,XBOX,P-028155,price_adjustment,3.0421,0.3651,2.6771
RFD-007160,ORD-0095375,2026-09-18,2026-08-09,T-04,NSW,P-019148,partial_goodwill,3.0882,0.9265,2.1617
RFD-007161,ORD-0095389,2026-09-26,2026-08-09,T-05,STEAM,P-044689,platform_policy,4.6549,1.1637,3.4912
RFD-007162,ORD-0095394,2026-08-12,2026-08-09,T-03,PSN,P-010459,partial_goodwill,6.223,1.8669,4.3561
RFD-007163,ORD-0095395,2026-08-18,2026-08-09,T-01,STEAM,P-044462,player_request,58.4194,14.6048,43.8145
RFD-007164,ORD-0095423,2026-08-11,2026-08-09,T-02,STEAM,P-004721,player_request,8.304,2.076,6.228
RFD-007165,ORD-0095465,2026-08-30,2026-08-09,T-01,PSN,P-012465,player_request,79.535,23.8605,55.6745
RFD-007166,ORD-0095475,2026-08-12,2026-08-09,T-02,EPIC,P-010451,partial_goodwill,11.8566,1.4228,10.4338
RFD-007167,ORD-0095478,2026-08-26,2026-08-09,T-01,XBOX,P-015209,price_adjustment,2.4354,0.2922,2.1431
RFD-007168,ORD-0095501,2026-08-17,2026-08-09,T-01,XBOX,P-016975,price_adjustment,1.5458,0.1855,1.3603
RFD-007169,ORD-0095542,2026-08-30,2026-08-09,T-02,STEAM,P-021510,accidental_purchase,71.1686,17.7921,53.3764
RFD-007170,ORD-0095549,2026-08-14,2026-08-09,T-01,STEAM,P-005379,platform_policy,48.6973,12.1743,36.523
RFD-007171,ORD-0095565,2026-08-17,2026-08-09,T-01,STEAM,P-022612,partial_goodwill,15.4684,3.8671,11.6013
RFD-007172,ORD-0095568,2026-09-18,2026-08-09,T-04,NSW,P-036187,price_adjustment,9.1165,2.735,6.3816
RFD-007173,ORD-0095597,2026-08-18,2026-08-10,T-01,XBOX,P-015285,price_adjustment,32.2518,3.8702,28.3815
RFD-007174,ORD-0095610,2026-08-24,2026-08-10,T-03,XBOX,P-001323,player_request,4.8421,0.5811,4.2611
RFD-007175,ORD-0095627,2026-08-13,2026-08-10,T-03,STEAM,P-035599,partial_goodwill,2.3509,0.5877,1.7632
RFD-007176,ORD-0095654,2026-08-19,2026-08-10,T-03,PSN,P-031288,accidental_purchase,19.2946,5.7884,13.5062
RFD-007177,ORD-0095665,2026-09-19,2026-08-10,T-04,STEAM,P-022803,partial_goodwill,2.424,0.606,1.818
RFD-007178,ORD-0095677,2026-09-12,2026-08-10,T-03,XBOX,P-018066,platform_policy,24.1231,2.8948,21.2283
RFD-007179,ORD-0095695,2026-09-08,2026-08-10,T-05,PSN,P-027714,price_adjustment,19.2264,5.7679,13.4585
RFD-007180,ORD-0095700,2026-09-19,2026-08-10,T-03,STEAM,P-044541,partial_goodwill,9.5499,2.3875,7.1625
RFD-007181,ORD-0095740,2026-09-08,2026-08-10,T-01,PSN,P-011019,price_adjustment,11.2447,3.3734,7.8713
RFD-007182,ORD-0095742,2026-08-27,2026-08-10,T-05,PSN,P-018471,partial_goodwill,21.6212,6.4864,15.1349
RFD-007183,ORD-0095750,2026-09-19,2026-08-10,T-01,PSN,P-013184,price_adjustment,5.3932,1.618,3.7752
RFD-007184,ORD-0095755,2026-09-08,2026-08-10,T-05,EPIC,P-020702,price_adjustment,19.651,2.3581,17.2929
RFD-007185,ORD-0095759,2026-08-24,2026-08-10,T-05,STEAM,P-012688,platform_policy,51.3542,12.8386,38.5157
RFD-007186,ORD-0095763,2026-09-08,2026-08-10,T-01,STEAM,P-043302,price_adjustment,13.4342,3.3585,10.0756
RFD-007187,ORD-0095768,2026-08-12,2026-08-10,T-02,STEAM,P-017173,platform_policy,17.8344,4.4586,13.3758
RFD-007188,ORD-0095810,2026-08-28,2026-08-11,T-02,EPIC,P-022420,price_adjustment,2.083,0.25,1.833
RFD-007189,ORD-0095822,2026-09-20,2026-08-11,T-01,STEAM,P-005725,price_adjustment,11.7243,2.9311,8.7932
RFD-007190,ORD-0095832,2026-09-01,2026-08-11,T-02,STEAM,P-035727,accidental_purchase,42.7476,10.6869,32.0607
RFD-007191,ORD-0095842,2026-09-01,2026-08-11,T-01,STEAM,P-025332,accidental_purchase,45.1459,11.2865,33.8594
RFD-007192,ORD-0095864,2026-08-14,2026-08-11,T-01,STEAM,P-019351,price_adjustment,1.2147,0.3037,0.911
RFD-007193,ORD-0095907,2026-08-28,2026-08-11,T-03,XBOX,P-005064,partial_goodwill,3.6149,0.4338,3.1811
RFD-007194,ORD-0095940,2026-08-19,2026-08-11,T-01,PSN,P-034492,price_adjustment,4.4417,1.3325,3.1092
RFD-007195,ORD-0095954,2026-08-28,2026-08-11,T-02,XBOX,P-014346,partial_goodwill,15.6842,1.8821,13.8021
RFD-007196,ORD-0095961,2026-08-28,2026-08-11,T-03,STEAM,P-044773,partial_goodwill,4.8199,1.205,3.6149
RFD-007197,ORD-0095977,2026-09-28,2026-08-11,T-03,STEAM,P-029683,player_request,9.6204,2.4051,7.2153
RFD-007198,ORD-0095984,2026-08-14,2026-08-11,T-05,PSN,P-004419,partial_goodwill,1.6267,0.488,1.1387
RFD-007199,ORD-0095986,2026-09-28,2026-08-11,T-03,PSN,P-022461,player_request,9.6301,2.889,6.7411
RFD-007200,ORD-0096003,2026-08-19,2026-08-11,T-01,XBOX,P-017557,partial_goodwill,7.3076,0.8769,6.4307
RFD-007201,ORD-0096009,2026-08-20,2026-08-12,T-01,XBOX,P-032000,partial_goodwill,24.458,2.935,21.523
RFD-007202,ORD-0096023,2026-08-20,2026-08-12,T-03,STEAM,P-009556,price_adjustment,7.2428,1.8107,5.4321
RFD-007203,ORD-0096024,2026-08-21,2026-08-12,T-02,STEAM,P-003027,accidental_purchase,28.5912,7.1478,21.4434
RFD-007204,ORD-0096036,2026-09-10,2026-08-12,T-04,PSN,P-002499,price_adjustment,4.8558,1.4567,3.3991
RFD-007205,ORD-0096040,2026-08-29,2026-08-12,T-04,PSN,P-039008,partial_goodwill,7.3013,2.1904,5.1109
RFD-007206,ORD-0096042,2026-09-29,2026-08-12,T-01,PSN,P-028460,accidental_purchase,47.0654,14.1196,32.9458
RFD-007207,ORD-0096050,2026-09-10,2026-08-12,T-01,NSW,P-026121,partial_goodwill,5.6539,1.6962,3.9577
RFD-007208,ORD-0096068,2026-09-21,2026-08-12,T-03,XBOX,P-027941,price_adjustment,14.3492,1.7219,12.6273
RFD-007209,ORD-0096084,2026-09-21,2026-08-12,T-04,STEAM,P-041806,price_adjustment,5.108,1.277,3.831
RFD-007210,ORD-0096088,2026-09-29,2026-08-12,T-03,STEAM,P-028383,platform_policy,9.6937,2.4234,7.2702
RFD-007211,ORD-0096111,2026-08-29,2026-08-12,T-04,STEAM,P-001365,price_adjustment,1.5987,0.3997,1.199
RFD-007212,ORD-0096118,2026-08-15,2026-08-12,T-03,XBOX,P-035306,price_adjustment,3.1244,0.3749,2.7495
RFD-007213,ORD-0096128,2026-09-21,2026-08-12,T-01,PSN,P-016650,partial_goodwill,18.6371,5.5911,13.046
RFD-007214,ORD-0096139,2026-08-29,2026-08-12,T-01,STEAM,P-030920,price_adjustment,24.458,6.1145,18.3435
RFD-007215,ORD-0096185,2026-09-21,2026-08-12,T-04,XBOX,P-017565,price_adjustment,9.9626,1.1955,8.7671
RFD-007216,ORD-0096187,2026-09-21,2026-08-12,T-04,PSN,P-044081,partial_goodwill,14.5929,4.3779,10.215
RFD-007217,ORD-0096224,2026-08-30,2026-08-13,T-03,STEAM,P-033346,partial_goodwill,16.1335,4.0334,12.1001
RFD-007218,ORD-0096228,2026-08-16,2026-08-13,T-02,STEAM,P-002162,partial_goodwill,11.0189,2.7547,8.2641
RFD-007219,ORD-0096248,2026-09-03,2026-08-13,T-05,XBOX,P-002899,platform_policy,49.1248,5.895,43.2298
RFD-007220,ORD-0096265,2026-08-27,2026-08-13,T-01,XBOX,P-036960,platform_policy,47.1667,5.66,41.5067
RFD-007221,ORD-0096286,2026-09-22,2026-08-13,T-01,STEAM,P-012876,partial_goodwill,51.8734,12.9683,38.905
RFD-007222,ORD-0096291,2026-09-30,2026-08-13,T-04,NSW,P-023968,player_request,9.3614,2.8084,6.553
RFD-007223,ORD-0096334,2026-09-15,2026-08-13,T-01,XBOX,P-029899,accidental_purchase,4.8802,0.5856,4.2945
RFD-007224,ORD-0096347,2026-08-18,2026-08-13,T-05,NSW,P-007594,platform_policy,39.7377,11.9213,27.8164
RFD-007225,ORD-0096366,2026-09-11,2026-08-13,T-04,PSN,P-030236,partial_goodwill,4.587,1.3761,3.2109
RFD-007226,ORD-0096370,2026-08-21,2026-08-13,T-01,STEAM,P-034307,price_adjustment,5.305,1.3263,3.9788
RFD-007227,ORD-0096371,2026-09-15,2026-08-13,T-04,PSN,P-014858,platform_policy,30.5522,9.1657,21.3865
RFD-007228,ORD-0096375,2026-09-22,2026-08-13,T-04,NSW,P-026434,partial_goodwill,13.9007,4.1702,9.7305
RFD-007229,ORD-0096378,2026-08-21,2026-08-13,T-02,PSN,P-037649,partial_goodwill,14.2801,4.284,9.9961
RFD-007230,ORD-0096387,2026-09-03,2026-08-13,T-04,STEAM,P-041399,player_request,9.2638,2.316,6.9479
RFD-007231,ORD-0096395,2026-09-22,2026-08-13,T-01,XBOX,P-037415,price_adjustment,5.1706,0.6205,4.5501
RFD-007232,ORD-0096398,2026-09-11,2026-08-13,T-04,XBOX,P-032015,price_adjustment,4.587,0.5504,4.0366
RFD-007233,ORD-0096400,2026-08-17,2026-08-14,T-01,EPIC,P-020871,partial_goodwill,3.2126,0.3855,2.8271
RFD-007234,ORD-0096415,2026-08-16,2026-08-14,T-02,STEAM,P-008290,platform_policy,32.0391,8.0098,24.0293
RFD-007235,ORD-0096469,2026-08-17,2026-08-14,T-04,NSW,P-021202,partial_goodwill,7.2697,2.1809,5.0888
RFD-007236,ORD-0096470,2026-09-12,2026-08-14,T-01,STEAM,P-036520,price_adjustment,3.3916,0.8479,2.5437
RFD-007237,ORD-0096479,2026-09-12,2026-08-14,T-05,PSN,P-037250,price_adjustment,12.9905,3.8971,9.0933
RFD-007238,ORD-0096485,2026-08-28,2026-08-14,T-03,PSN,P-021648,platform_policy,9.742,2.9226,6.8194
RFD-007239,ORD-0096512,2026-08-22,2026-08-14,T-04,STEAM,P-010237,price_adjustment,7.6566,1.9142,5.7425
RFD-007240,ORD-0096519,2026-09-23,2026-08-14,T-01,NSW,P-027703,partial_goodwill,17.1383,5.1415,11.9968
RFD-007241,ORD-0096537,2026-09-12,2026-08-14,T-02,STEAM,P-014487,price_adjustment,2.3682,0.5921,1.7762
RFD-007242,ORD-0096555,2026-08-22,2026-08-14,T-02,STEAM,P-010775,price_adjustment,16.945,4.2363,12.7088
RFD-007243,ORD-0096562,2026-09-12,2026-08-14,T-04,XBOX,P-030021,price_adjustment,2.3157,0.2779,2.0378
RFD-007244,ORD-0096729,2026-09-24,2026-08-15,T-01,EPIC,P-021481,price_adjustment,5.1005,0.6121,4.4884
RFD-007245,ORD-0096732,2026-09-24,2026-08-15,T-04,PSN,P-038562,price_adjustment,9.9194,2.9758,6.9436
RFD-007246,ORD-0096733,2026-09-01,2026-08-15,T-01,XBOX,P-029085,price_adjustment,15.0336,1.804,13.2296
RFD-007247,ORD-0096734,2026-09-24,2026-08-15,T-05,PSN,P-025771,price_adjustment,4.9708,1.4912,3.4796
RFD-007248,ORD-0096735,2026-08-20,2026-08-15,T-03,STEAM,P-006500,accidental_purchase,27.1758,6.794,20.3819
RFD-007249,ORD-0096737,2026-09-01,2026-08-15,T-04,PSN,P-038258,partial_goodwill,6.5515,1.9654,4.586
RFD-007250,ORD-0096757,2026-08-23,2026-08-15,T-05,STEAM,P-019493,price_adjustment,9.5797,2.3949,7.1848
RFD-007251,ORD-0096764,2026-09-05,2026-08-15,T-01,EPIC,P-009964,accidental_purchase,49.5271,5.9433,43.5839
RFD-007252,ORD-0096768,2026-09-24,2026-08-15,T-01,XBOX,P-011342,partial_goodwill,34.2766,4.1132,30.1634
RFD-007253,ORD-0096796,2026-09-24,2026-08-15,T-04,PSN,P-015049,partial_goodwill,4.4556,1.3367,3.1189
RFD-007254,ORD-0096836,2026-08-20,2026-08-15,T-01,STEAM,P-015130,accidental_purchase,48.7138,12.1784,36.5353
RFD-007255,ORD-0096890,2026-09-05,2026-08-15,T-01,PSN,P-030562,platform_policy,15.5929,4.6779,10.9151
RFD-007256,ORD-0096898,2026-09-14,2026-08-16,T-02,STEAM,P-001613,price_adjustment,7.8326,1.9582,5.8745
RFD-007257,ORD-0096905,2026-08-19,2026-08-16,T-03,STEAM,P-021976,partial_goodwill,9.7447,2.4362,7.3085
RFD-007258,ORD-0096936,2026-08-24,2026-08-16,T-03,XBOX,P-009330,price_adjustment,4.8044,0.5765,4.2279
RFD-007259,ORD-0096946,2026-08-18,2026-08-16,T-01,XBOX,P-043532,platform_policy,61.8187,7.4182,54.4005
RFD-007260,ORD-0096955,2026-08-25,2026-08-16,T-05,XBOX,P-017750,platform_policy,41.1821,4.9418,36.2402
RFD-007261,ORD-0096977,2026-08-24,2026-08-16,T-03,PSN,P-002672,price_adjustment,2.4954,0.7486,1.7468
RFD-007262,ORD-0097038,2026-08-24,2026-08-16,T-02,EPIC,P-011858,partial_goodwill,15.7855,1.8943,13.8913
RFD-007263,ORD-0097040,2026-09-02,2026-08-16,T-04,NSW,P-022893,partial_goodwill,12.2374,3.6712,8.5662
RFD-007264,ORD-0097049,2026-09-06,2026-08-16,T-01,PSN,P-043947,player_request,94.4255,28.3276,66.0978
RFD-007265,ORD-0097060,2026-09-25,2026-08-16,T-01,PSN,P-014817,partial_goodwill,13.3941,4.0182,9.3759
RFD-007266,ORD-0097126,2026-09-25,2026-08-16,T-05,PSN,P-012721,partial_goodwill,4.6436,1.3931,3.2505
RFD-007267,ORD-0097127,2026-09-25,2026-08-16,T-01,STEAM,P-023025,price_adjustment,2.3556,0.5889,1.7667
RFD-007268,ORD-0097139,2026-08-24,2026-08-16,T-03,PSN,P-007270,partial_goodwill,4.8044,1.4413,3.3631
RFD-007269,ORD-0097141,2026-09-06,2026-08-16,T-01,NSW,P-035887,platform_policy,37.7702,11.3311,26.4391
RFD-007270,ORD-0097150,2026-08-19,2026-08-16,T-02,STEAM,P-035019,partial_goodwill,5.8721,1.468,4.404
RFD-007271,ORD-0097178,2026-09-02,2026-08-16,T-01,STEAM,P-036842,price_adjustment,15.5812,3.8953,11.6859
RFD-007272,ORD-0097181,2026-09-14,2026-08-16,T-01,STEAM,P-017190,partial_goodwill,2.224,0.556,1.668
RFD-007273,ORD-0097184,2026-09-14,2026-08-16,T-05,PSN,P-041442,price_adjustment,19.1691,5.7507,13.4184
RFD-007274,ORD-0097189,2026-09-02,2026-08-16,T-04,STEAM,P-044832,price_adjustment,7.2697,1.8174,5.4523
RFD-007275,ORD-0097201,2026-08-25,2026-08-17,T-01,STEAM,P-001853,price_adjustment,12.2256,3.0564,9.1692
RFD-007276,ORD-0097213,2026-09-03,2026-08-17,T-04,STEAM,P-001389,partial_goodwill,9.6246,2.4062,7.2185
RFD-007277,ORD-0097227,2026-09-26,2026-08-17,T-04,STEAM,P-027968,partial_goodwill,12.1454,3.0364,9.1091
RFD-007278,ORD-0097233,2026-08-22,2026-08-17,T-04,PSN,P-008444,player_request,40.5746,12.1724,28.4022
RFD-007279,ORD-0097242,2026-08-25,2026-08-17,T-04,XBOX,P-040970,partial_goodwill,2.2242,0.2669,1.9573
RFD-007280,ORD-0097253,2026-08-20,2026-08-17,T-04,XBOX,P-030427,partial_goodwill,13.8097,1.6572,12.1525
RFD-007281,ORD-0097270,2026-08-20,2026-08-17,T-03,XBOX,P-011339,price_adjustment,4.7831,0.574,4.2091
RFD-007282,ORD-0097272,2026-09-03,2026-08-17,T-01,PSN,P-023295,partial_goodwill,24.4414,7.3324,17.109
RFD-007283,ORD-0097273,2026-08-25,2026-08-17,T-03,EPIC,P-025910,partial_goodwill,6.0397,0.7248,5.315
RFD-007284,ORD-0097275,2026-09-19,2026-08-17,T-03,STEAM,P-032257,accidental_purchase,9.0876,2.2719,6.8157
RFD-007285,ORD-0097298,2026-08-26,2026-08-17,T-01,PSN,P-010984,player_request,17.1158,5.1347,11.9811
RFD-007286,ORD-0097301,2026-08-20,2026-08-17,T-01,XBOX,P-030828,price_adjustment,22.239,2.6687,19.5704
RFD-007287,ORD-0097323,2026-09-03,2026-08-17,T-02,STEAM,P-012953,partial_goodwill,2.3769,0.5942,1.7827
RFD-007288,ORD-0097359,2026-08-25,2026-08-17,T-03,PSN,P-020243,partial_goodwill,4.7733,1.432,3.3413
RFD-007289,ORD-0097367,2026-08-26,2026-08-18,T-01,PSN,P-035126,price_adjustment,5.1572,1.5472,3.6101
RFD-007290,ORD-0097379,2026-08-26,2026-08-18,T-03,NSW,P-010835,partial_goodwill,4.7793,1.4338,3.3455
RFD-007291,ORD-0097381,2026-08-27,2026-08-18,T-01,XBOX,P-021807,platform_policy,66.0903,7.9308,58.1594
RFD-007292,ORD-0097383,2026-08-21,2026-08-18,T-04,PSN,P-033985,price_adjustment,2.2254,0.6676,1.5578
RFD-007293,ORD-0097400,2026-08-21,2026-08-18,T-04,PSN,P-036401,partial_goodwill,8.9067,2.672,6.2347
RFD-007294,ORD-0097424,2026-09-16,2026-08-18,T-01,EPIC,P-043699,partial_goodwill,14.1791,1.7015,12.4776
RFD-007295,ORD-0097449,2026-08-26,2026-08-18,T-02,PSN,P-017651,price_adjustment,10.6216,3.1865,7.4352
RFD-007296,ORD-0097451,2026-08-23,2026-08-18,T-01,STEAM,P-016738,platform_policy,4.8865,1.2216,3.6649
RFD-007297,ORD-0097457,2026-08-23,2026-08-18,T-04,STEAM,P-016420,platform_policy,38.9265,9.7316,29.1949
RFD-007298,ORD-0097480,2026-08-21,2026-08-18,T-01,NSW,P-043432,price_adjustment,3.078,0.9234,2.1546
RFD-007299,ORD-0097502,2026-09-04,2026-08-18,T-04,STEAM,P-017837,price_adjustment,9.0763,2.2691,6.8072
RFD-007300,ORD-0097512,2026-08-26,2026-08-18,T-02,PSN,P-020764,partial_goodwill,10.4311,3.1293,7.3018
RFD-007301,ORD-0097533,2026-08-23,2026-08-18,T-02,XBOX,P-025595,player_request,28.3338,3.4001,24.9337
RFD-007302,ORD-0097552,2026-08-26,2026-08-18,T-03,PSN,P-032799,partial_goodwill,9.1258,2.7377,6.388
RFD-007303,ORD-0097565,2026-09-27,2026-08-18,T-01,STEAM,P-021312,partial_goodwill,4.2818,1.0705,3.2114
RFD-007304,ORD-0097596,2026-09-17,2026-08-19,T-01,EPIC,P-041547,partial_goodwill,5.6456,0.6775,4.9681
RFD-007305,ORD-0097608,2026-08-27,2026-08-19,T-01,STEAM,P-023405,partial_goodwill,2.2221,0.5555,1.6666
RFD-007306,ORD-0097611,2026-08-22,2026-08-19,T-03,XBOX,P-038135,partial_goodwill,1.6267,0.1952,1.4315
RFD-007307,ORD-0097630,2026-09-28,2026-08-19,T-03,XBOX,P-036624,partial_goodwill,3.621,0.4345,3.1865
RFD-007308,ORD-0097632,2026-08-21,2026-08-19,T-03,NSW,P-006084,platform_policy,19.0175,5.7053,13.3123
RFD-007309,ORD-0097649,2026-08-22,2026-08-19,T-02,NSW,P-044883,price_adjustment,2.5149,0.7545,1.7604
RFD-007310,ORD-0097654,2026-08-27,2026-08-19,T-03,PSN,P-030760,partial_goodwill,3.0956,0.9287,2.167
RFD-007311,ORD-0097661,2026-08-27,2026-08-19,T-01,XBOX,P-008259,price_adjustment,26.8652,3.2238,23.6414
RFD-007312,ORD-0097663,2026-08-22,2026-08-19,T-01,STEAM,P-008094,price_adjustment,16.1191,4.0298,12.0894
RFD-007313,ORD-0097666,2026-08-22,2026-08-19,T-05,XBOX,P-011229,price_adjustment,41.7532,5.0104,36.7428
RFD-007314,ORD-0097667,2026-08-27,2026-08-19,T-02,PSN,P-020659,partial_goodwill,18.6922,5.6077,13.0845
RFD-007315,ORD-0097672,2026-08-27,2026-08-19,T-01,STEAM,P-004605,partial_goodwill,4.2731,1.0683,3.2048
RFD-007316,ORD-0097689,2026-08-27,2026-08-19,T-05,STEAM,P-022295,partial_goodwill,2.5804,0.6451,1.9353
RFD-007317,ORD-0097701,2026-09-02,2026-08-19,T-04,NSW,P-032255,platform_policy,35.622,10.6866,24.9354
RFD-007318,ORD-0097708,2026-09-28,2026-08-19,T-03,STEAM,P-012940,price_adjustment,2.414,0.6035,1.8105
RFD-007319,ORD-0097723,2026-09-05,2026-08-19,T-01,XBOX,P-008821,partial_goodwill,9.763,1.1716,8.5914
RFD-007320,ORD-0097729,2026-09-09,2026-08-19,T-03,EPIC,P-001405,platform_policy,42.2645,5.0717,37.1927
RFD-007321,ORD-0097755,2026-09-17,2026-08-19,T-05,PSN,P-034031,price_adjustment,10.3345,3.1004,7.2342
RFD-007322,ORD-0097761,2026-09-09,2026-08-19,T-04,XBOX,P-025693,player_request,9.1588,1.0991,8.0597
RFD-007323,ORD-0097781,2026-09-06,2026-08-20,T-01,XBOX,P-007811,price_adjustment,17.8363,2.1404,15.696
RFD-007324,ORD-0097832,2026-08-29,2026-08-20,T-03,PSN,P-021778,player_request,9.6173,2.8852,6.7321
RFD-007325,ORD-0097872,2026-08-28,2026-08-20,T-01,NSW,P-020452,price_adjustment,4.4516,1.3355,3.1162
RFD-007326,ORD-0097905,2026-09-06,2026-08-20,T-05,STEAM,P-016100,price_adjustment,30.7362,7.6841,23.0522
RFD-007327,ORD-0097928,2026-09-06,2026-08-20,T-01,STEAM,P-019901,price_adjustment,29.4036,7.3509,22.0527
RFD-007328,ORD-0097935,2026-09-22,2026-08-20,T-04,STEAM,P-008652,platform_policy,20.3409,5.0852,15.2556
RFD-007329,ORD-0097953,2026-08-25,2026-08-20,T-01,STEAM,P-037986,accidental_purchase,17.051,4.2627,12.7882
RFD-007330,ORD-0097955,2026-09-29,2026-08-20,T-01,STEAM,P-031602,price_adjustment,6.6962,1.674,5.0221
RFD-007331,ORD-0097964,2026-08-23,2026-08-20,T-04,PSN,P-044379,partial_goodwill,27.4688,8.2406,19.2281
RFD-007332,ORD-0097965,2026-09-29,2026-08-20,T-01,STEAM,P-043114,partial_goodwill,7.2979,1.8245,5.4734
RFD-007333,ORD-0097989,2026-08-28,2026-08-20,T-03,XBOX,P-011511,partial_goodwill,8.1395,0.9767,7.1627
RFD-007334,ORD-0097998,2026-08-28,2026-08-20,T-01,EPIC,P-024427,price_adjustment,26.7847,3.2142,23.5706
RFD-007335,ORD-0098011,2026-09-29,2026-08-20,T-01,PSN,P-000148,price_adjustment,24.3489,7.3047,17.0442
RFD-007336,ORD-0098015,2026-08-28,2026-08-20,T-04,PSN,P-024222,price_adjustment,3.3578,1.0073,2.3505
RFD-007337,ORD-0098057,2026-09-07,2026-08-21,T-05,STEAM,P-000702,partial_goodwill,1.5852,0.3963,1.1889
RFD-007338,ORD-0098071,2026-08-24,2026-08-21,T-04,PSN,P-039833,partial_goodwill,9.6084,2.8825,6.7259
RFD-007339,ORD-0098072,2026-09-07,2026-08-21,T-02,XBOX,P-043210,partial_goodwill,8.0232,0.9628,7.0604
RFD-007340,ORD-0098088,2026-09-19,2026-08-21,T-01,STEAM,P-040681,partial_goodwill,24.4002,6.1001,18.3002
RFD-007341,ORD-0098091,2026-09-07,2026-08-21,T-01,STEAM,P-002491,price_adjustment,1.7018,0.4255,1.2764
RFD-007342,ORD-0098121,2026-08-29,2026-08-21,T-01,EPIC,P-006286,price_adjustment,60.7684,7.2922,53.4762
RFD-007343,ORD-0098146,2026-08-24,2026-08-21,T-04,STEAM,P-014596,price_adjustment,6.707,1.6768,5.0303
RFD-007344,ORD-0098150,2026-09-07,2026-08-21,T-02,STEAM,P-009300,partial_goodwill,15.4104,3.8526,11.5578
RFD-007345,ORD-0098170,2026-08-29,2026-08-21,T-05,STEAM,P-010718,price_adjustment,1.6185,0.4046,1.2139
RFD-007346,ORD-0098184,2026-08-23,2026-08-21,T-02,STEAM,P-043243,accidental_purchase,4.6615,1.1654,3.4962
RFD-007347,ORD-0098193,2026-09-19,2026-08-21,T-04,STEAM,P-016968,price_adjustment,4.8128,1.2032,3.6096
RFD-007348,ORD-0098197,2026-08-26,2026-08-21,T-02,STEAM,P-025087,player_request,16.3509,4.0877,12.2632
RFD-007349,ORD-0098207,2026-09-07,2026-08-21,T-03,STEAM,P-005928,partial_goodwill,3.038,0.7595,2.2785
RFD-007350,ORD-0098215,2026-09-30,2026-08-21,T-04,STEAM,P-027949,price_adjustment,8.8198,2.2049,6.6148
RFD-007351,ORD-0098225,2026-08-26,2026-08-21,T-02,XBOX,P-019221,player_request,8.1755,0.9811,7.1944
RFD-007352,ORD-0098226,2026-09-19,2026-08-21,T-01,EPIC,P-038085,partial_goodwill,2.4313,0.2918,2.1395
RFD-007353,ORD-0098230,2026-09-23,2026-08-21,T-05,STEAM,P-035338,player_request,37.6719,9.418,28.2539
RFD-007354,ORD-0098242,2026-09-07,2026-08-21,T-01,STEAM,P-023957,partial_goodwill,4.8723,1.2181,3.6542
RFD-007355,ORD-0098245,2026-08-29,2026-08-21,T-02,EPIC,P-009314,price_adjustment,10.5906,1.2709,9.3197
RFD-007356,ORD-0098255,2026-08-24,2026-08-21,T-01,STEAM,P-000608,price_adjustment,5.3848,1.3462,4.0386
RFD-007357,ORD-0098258,2026-09-19,2026-08-21,T-01,EPIC,P-030906,partial_goodwill,3.219,0.3863,2.8327
RFD-007358,ORD-0098269,2026-09-07,2026-08-21,T-01,EPIC,P-031435,price_adjustment,1.1102,0.1332,0.977
RFD-007359,ORD-0098319,2026-08-25,2026-08-22,T-01,EPIC,P-033325,price_adjustment,11.2903,1.3548,9.9354
RFD-007360,ORD-0098394,2026-09-05,2026-08-22,T-04,STEAM,P-017128,platform_policy,4.5761,1.144,3.4321
RFD-007361,ORD-0098446,2026-08-30,2026-08-22,T-02,STEAM,P-041741,price_adjustment,8.3149,2.0787,6.2362
RFD-007362,ORD-0098449,2026-08-30,2026-08-22,T-02,EPIC,P-036032,price_adjustment,7.5404,0.9048,6.6356
RFD-007363,ORD-0098463,2026-08-30,2026-08-22,T-02,XBOX,P-001700,partial_goodwill,3.1165,0.374,2.7425
RFD-007364,ORD-0098496,2026-08-30,2026-08-22,T-04,STEAM,P-030705,price_adjustment,5.0793,1.2698,3.8095
RFD-007365,ORD-0098513,2026-09-08,2026-08-22,T-03,STEAM,P-028601,price_adjustment,2.4118,0.603,1.8089
RFD-007366,ORD-0098551,2026-08-25,2026-08-22,T-01,STEAM,P-019230,partial_goodwill,14.4494,3.6124,10.8371
RFD-007367,ORD-0098590,2026-08-26,2026-08-23,T-04,STEAM,P-021964,price_adjustment,10.1848,2.5462,7.6386
RFD-007368,ORD-0098632,2026-09-13,2026-08-23,T-04,NSW,P-036737,player_request,64.1538,19.2461,44.9077
RFD-007369,ORD-0098641,2026-09-01,2026-08-23,T-04,NSW,P-008282,player_request,10.1717,3.0515,7.1202
RFD-007370,ORD-0098660,2026-09-06,2026-08-23,T-01,STEAM,P-038092,accidental_purchase,28.4467,7.1117,21.3351
RFD-007371,ORD-0098668,2026-09-09,2026-08-23,T-03,STEAM,P-031289,price_adjustment,3.8095,0.9524,2.8571
RFD-007372,ORD-0098711,2026-09-01,2026-08-23,T-02,PSN,P-034084,player_request,9.5014,2.8504,6.651
RFD-007373,ORD-0098728,2026-08-26,2026-08-23,T-05,XBOX,P-009247,price_adjustment,4.909,0.5891,4.3199
RFD-007374,ORD-0098747,2026-08-31,2026-08-23,T-05,PSN,P-000801,partial_goodwill,19.207,5.7621,13.4449
RFD-007375,ORD-0098772,2026-08-31,2026-08-23,T-01,XBOX,P-017735,price_adjustment,5.4849,0.6582,4.8268
RFD-007376,ORD-0098785,2026-08-31,2026-08-23,T-01,STEAM,P-016010,partial_goodwill,3.077,0.7693,2.3078
RFD-007377,ORD-0098794,2026-09-09,2026-08-23,T-01,STEAM,P-018910,partial_goodwill,4.655,1.1637,3.4912
RFD-007378,ORD-0098800,2026-08-28,2026-08-23,T-02,NSW,P-001628,player_request,4.7141,1.4142,3.2999
RFD-007379,ORD-0098806,2026-09-09,2026-08-23,T-05,PSN,P-012472,partial_goodwill,1.5852,0.4756,1.1096
RFD-007380,ORD-0098823,2026-08-25,2026-08-23,T-05,EPIC,P-034061,player_request,57.9603,6.9552,51.0051
RFD-007381,ORD-0098827,2026-09-21,2026-08-23,T-01,STEAM,P-031144,partial_goodwill,2.9327,0.7332,2.1995
RFD-007382,ORD-0098871,2026-08-31,2026-08-23,T-04,STEAM,P-008631,partial_goodwill,2.9377,0.7344,2.2033
RFD-007383,ORD-0098874,2026-08-28,2026-08-23,T-01,NSW,P-011683,player_request,48.8102,14.6431,34.1671
RFD-007384,ORD-0098883,2026-09-09,2026-08-23,T-02,STEAM,P-018624,price_adjustment,8.9082,2.227,6.6811
RFD-007385,ORD-0098904,2026-08-27,2026-08-24,T-04,STEAM,P-043078,price_adjustment,6.3695,1.5924,4.7771
RFD-007386,ORD-0098951,2026-09-01,2026-08-24,T-02,PSN,P-038203,partial_goodwill,2.0773,0.6232,1.4541
RFD-007387,ORD-0098957,2026-08-27,2026-08-24,T-02,PSN,P-029203,partial_goodwill,15.9965,4.799,11.1976
RFD-007388,ORD-0098958,2026-08-29,2026-08-24,T-05,EPIC,P-000030,accidental_purchase,47.8442,5.7413,42.1029
RFD-007389,ORD-0098965,2026-08-27,2026-08-24,T-04,XBOX,P-001527,partial_goodwill,4.9541,0.5945,4.3596
RFD-007390,ORD-0098966,2026-09-22,2026-08-24,T-01,STEAM,P-020289,price_adjustment,4.8571,1.2143,3.6428
RFD-007391,ORD-0098968,2026-09-10,2026-08-24,T-01,XBOX,P-038617,price_adjustment,5.4009,0.6481,4.7528
RFD-007392,ORD-0099034,2026-09-10,2026-08-24,T-04,STEAM,P-002891,partial_goodwill,6.7363,1.6841,5.0523
RFD-007393,ORD-0099039,2026-09-02,2026-08-24,T-02,NSW,P-011343,accidental_purchase,14.1947,4.2584,9.9363
RFD-007394,ORD-0099068,2026-09-10,2026-08-24,T-02,STEAM,P-007867,price_adjustment,23.704,5.926,17.778
RFD-007395,ORD-0099084,2026-09-10,2026-08-24,T-05,STEAM,P-009238,price_adjustment,1.5803,0.3951,1.1852
RFD-007396,ORD-0099089,2026-09-02,2026-08-24,T-03,XBOX,P-043638,player_request,19.2152,2.3058,16.9094
RFD-007397,ORD-0099130,2026-08-28,2026-08-25,T-02,STEAM,P-020886,partial_goodwill,11.7629,2.9407,8.8222
RFD-007398,ORD-0099137,2026-09-02,2026-08-25,T-01,NSW,P-005637,partial_goodwill,2.9978,0.8993,2.0984
RFD-007399,ORD-0099141,2026-08-28,2026-08-25,T-04,PSN,P-013159,partial_goodwill,2.9714,0.8914,2.08
RFD-007400,ORD-0099159,2026-09-02,2026-08-25,T-01,STEAM,P-030543,price_adjustment,4.8548,1.2137,3.6411
RFD-007401,ORD-0099176,2026-09-11,2026-08-25,T-04,STEAM,P-035680,partial_goodwill,9.063,2.2658,6.7973
RFD-007402,ORD-0099203,2026-09-15,2026-08-25,T-04,STEAM,P-023764,accidental_purchase,9.6611,2.4153,7.2458
RFD-007403,ORD-0099206,2026-09-23,2026-08-25,T-02,STEAM,P-009091,price_adjustment,18.3738,4.5934,13.7803
RFD-007404,ORD-0099234,2026-09-11,2026-08-25,T-04,NSW,P-028275,partial_goodwill,9.1028,2.7308,6.3719
RFD-007405,ORD-0099251,2026-08-27,2026-08-25,T-02,STEAM,P-028462,accidental_purchase,4.7288,1.1822,3.5466
RFD-007406,ORD-0099257,2026-08-28,2026-08-25,T-01,XBOX,P-031011,price_adjustment,3.0008,0.3601,2.6407
RFD-007407,ORD-0099269,2026-09-11,2026-08-25,T-02,XBOX,P-013918,price_adjustment,11.6722,1.4007,10.2716
RFD-007408,ORD-0099287,2026-08-29,2026-08-26,T-03,XBOX,P-009143,partial_goodwill,2.3589,0.2831,2.0758
RFD-007409,ORD-0099298,2026-09-28,2026-08-26,T-01,STEAM,P-001054,platform_policy,46.88,11.72,35.16
RFD-007410,ORD-0099304,2026-09-03,2026-08-26,T-01,XBOX,P-008831,partial_goodwill,3.195,0.3834,2.8116
RFD-007411,ORD-0099307,2026-09-12,2026-08-26,T-01,XBOX,P-023833,partial_goodwill,32.7027,3.9243,28.7784
RFD-007412,ORD-0099344,2026-08-29,2026-08-26,T-05,PSN,P-040943,partial_goodwill,4.3895,1.3169,3.0727
RFD-007413,ORD-0099391,2026-09-12,2026-08-26,T-05,EPIC,P-028622,partial_goodwill,12.2792,1.4735,10.8057
RFD-007414,ORD-0099419,2026-09-04,2026-08-26,T-01,STEAM,P-036740,platform_policy,16.4129,4.1032,12.3097
RFD-007415,ORD-0099442,2026-09-17,2026-08-27,T-05,STEAM,P-009192,player_request,38.0684,9.5171,28.5513
RFD-007416,ORD-0099443,2026-09-10,2026-08-27,T-04,PSN,P-005859,player_request,13.7668,4.1301,9.6368
RFD-007417,ORD-0099467,2026-09-25,2026-08-27,T-01,XBOX,P-044881,price_adjustment,24.1868,2.9024,21.2844
RFD-007418,ORD-0099479,2026-09-25,2026-08-27,T-03,PSN,P-039494,price_adjustment,7.1625,2.1488,5.0138
RFD-007419,ORD-0099493,2026-09-13,2026-08-27,T-03,STEAM,P-024767,partial_goodwill,2.3907,0.5977,1.793
RFD-007420,ORD-0099498,2026-09-04,2026-08-27,T-01,STEAM,P-012986,price_adjustment,11.6816,2.9204,8.7612
RFD-007421,ORD-0099517,2026-09-04,2026-08-27,T-02,XBOX,P-008187,partial_goodwill,9.369,1.1243,8.2447
RFD-007422,ORD-0099530,2026-08-30,2026-08-27,T-03,XBOX,P-033679,partial_goodwill,2.5298,0.3036,2.2262
RFD-007423,ORD-0099544,2026-08-30,2026-08-27,T-04,STEAM,P-034792,partial_goodwill,4.4509,1.1127,3.3381
RFD-007424,ORD-0099576,2026-09-10,2026-08-27,T-03,STEAM,P-040547,accidental_purchase,23.8879,5.972,17.916
RFD-007425,ORD-0099591,2026-09-05,2026-08-27,T-01,STEAM,P-028286,accidental_purchase,48.3832,12.0958,36.2874
RFD-007426,ORD-0099599,2026-09-04,2026-08-27,T-05,XBOX,P-000500,partial_goodwill,19.039,2.2847,16.7543
RFD-007427,ORD-0099610,2026-08-31,2026-08-28,T-05,PSN,P-019500,price_adjustment,17.5879,5.2764,12.3116
RFD-007428,ORD-0099625,2026-09-26,2026-08-28,T-01,PSN,P-022096,partial_goodwill,6.4007,1.9202,4.4805
RFD-007429,ORD-0099658,2026-09-06,2026-08-28,T-02,PSN,P-005985,platform_policy,23.6401,7.092,16.5481
RFD-007430,ORD-0099663,2026-09-02,2026-08-28,T-03,STEAM,P-025771,platform_policy,4.9543,1.2386,3.7158
RFD-007431,ORD-0099670,2026-09-05,2026-08-28,T-01,NSW,P-041569,price_adjustment,24.2589,7.2777,16.9813
RFD-007432,ORD-0099741,2026-08-31,2026-08-28,T-05,STEAM,P-004837,partial_goodwill,3.152,0.788,2.364
RFD-007433,ORD-0099771,2026-09-14,2026-08-28,T-04,XBOX,P-001703,partial_goodwill,2.5332,0.304,2.2292
RFD-007434,ORD-0099780,2026-09-26,2026-08-28,T-03,XBOX,P-018932,price_adjustment,7.7882,0.9346,6.8536
RFD-007435,ORD-0099794,2026-08-30,2026-08-28,T-04,STEAM,P-015192,accidental_purchase,4.4475,1.1119,3.3356
RFD-007436,ORD-0099803,2026-09-05,2026-08-28,T-04,PSN,P-004520,price_adjustment,10.0416,3.0125,7.0291
RFD-007437,ORD-0099820,2026-09-05,2026-08-28,T-01,PSN,P-034710,price_adjustment,16.9784,5.0935,11.8849
RFD-007438,ORD-0099831,2026-09-02,2026-08-28,T-03,STEAM,P-026264,player_request,14.3775,3.5944,10.7831
RFD-007439,ORD-0099854,2026-09-01,2026-08-29,T-01,STEAM,P-043693,price_adjustment,26.2977,6.5744,19.7233
RFD-007440,ORD-0099880,2026-09-27,2026-08-29,T-04,NSW,P-022165,partial_goodwill,3.042,0.9126,2.1294
RFD-007441,ORD-0099893,2026-09-12,2026-08-29,T-04,NSW,P-026059,platform_policy,9.1953,2.7586,6.4367
RFD-007442,ORD-0099919,2026-09-01,2026-08-29,T-04,XBOX,P-009165,price_adjustment,9.5527,1.1463,8.4064
RFD-007443,ORD-0099922,2026-09-06,2026-08-29,T-04,EPIC,P-016820,price_adjustment,4.5976,0.5517,4.0459
RFD-007444,ORD-0099928,2026-09-27,2026-08-29,T-01,EPIC,P-044113,partial_goodwill,24.2589,2.9111,21.3479
RFD-007445,ORD-0099945,2026-09-06,2026-08-29,T-02,STEAM,P-015570,price_adjustment,11.8152,2.9538,8.8614
RFD-007446,ORD-0099967,2026-09-06,2026-08-29,T-02,EPIC,P-000112,partial_goodwill,11.0854,1.3302,9.7551
RFD-007447,ORD-0100012,2026-09-15,2026-08-29,T-02,STEAM,P-007541,partial_goodwill,1.2519,0.313,0.939
RFD-007448,ORD-0100095,2026-09-03,2026-08-29,T-04,STEAM,P-018693,platform_policy,9.6301,2.4075,7.2226
RFD-007449,ORD-0100099,2026-09-07,2026-08-29,T-02,STEAM,P-018122,platform_policy,47.2803,11.8201,35.4602
RFD-007450,ORD-0100107,2026-09-07,2026-08-29,T-01,STEAM,P-028480,player_request,8.8867,2.2217,6.665
RFD-007451,ORD-0100122,2026-09-06,2026-08-29,T-02,STEAM,P-015971,partial_goodwill,2.3592,0.5898,1.7694
RFD-007452,ORD-0100128,2026-09-27,2026-08-29,T-03,PSN,P-033147,price_adjustment,3.5968,1.079,2.5177
RFD-007453,ORD-0100131,2026-09-27,2026-08-29,T-01,STEAM,P-002926,price_adjustment,16.0115,4.0029,12.0086
RFD-007454,ORD-0100169,2026-09-01,2026-08-29,T-01,PSN,P-042048,price_adjustment,2.5691,0.7707,1.7984
RFD-007455,ORD-0100192,2026-09-01,2026-08-29,T-03,XBOX,P-025179,price_adjustment,4.7165,0.566,4.1506
RFD-007456,ORD-0100210,2026-08-31,2026-08-29,T-03,XBOX,P-021530,player_request,9.8235,1.1788,8.6447
RFD-007457,ORD-0100233,2026-09-16,2026-08-30,T-01,PSN,P-028864,price_adjustment,4.8441,1.4532,3.3908
RFD-007458,ORD-0100255,2026-09-13,2026-08-30,T-01,STEAM,P-010286,player_request,44.4685,11.1171,33.3514
RFD-007459,ORD-0100262,2026-09-04,2026-08-30,T-05,PSN,P-041588,player_request,47.725,14.3175,33.4075
RFD-007460,ORD-0100294,2026-09-16,2026-08-30,T-02,EPIC,P-019333,partial_goodwill,11.8607,1.4233,10.4374
RFD-007461,ORD-0100295,2026-09-16,2026-08-30,T-01,XBOX,P-035139,partial_goodwill,4.4425,0.5331,3.9094
RFD-007462,ORD-0100311,2026-09-02,2026-08-30,T-04,STEAM,P-031530,partial_goodwill,11.8897,2.9724,8.9173
RFD-007463,ORD-0100320,2026-09-02,2026-08-30,T-01,NSW,P-022832,partial_goodwill,11.1171,3.3351,7.782
RFD-007464,ORD-0100326,2026-09-16,2026-08-30,T-03,XBOX,P-001444,partial_goodwill,6.9137,0.8296,6.0841
RFD-007465,ORD-0100347,2026-09-04,2026-08-30,T-02,XBOX,P-036438,accidental_purchase,4.6968,0.5636,4.1332
RFD-007466,ORD-0100350,2026-09-16,2026-08-30,T-01,XBOX,P-010045,price_adjustment,9.6881,1.1626,8.5255
RFD-007467,ORD-0100354,2026-09-07,2026-08-30,T-04,PSN,P-038691,price_adjustment,9.8815,2.9644,6.917
RFD-007468,ORD-0100382,2026-09-16,2026-08-30,T-04,XBOX,P-016935,price_adjustment,9.116,1.0939,8.0221
RFD-007469,ORD-0100386,2026-09-07,2026-08-30,T-01,NSW,P-003068,partial_goodwill,14.5515,4.3654,10.186
RFD-007470,ORD-0100392,2026-09-07,2026-08-30,T-01,PSN,P-003125,price_adjustment,1.1692,0.3508,0.8185
RFD-007471,ORD-0100398,2026-09-08,2026-08-30,T-03,STEAM,P-028962,platform_policy,28.3191,7.0798,21.2393
RFD-007472,ORD-0100405,2026-09-02,2026-08-30,T-01,PSN,P-009543,price_adjustment,22.2343,6.6703,15.564
RFD-007473,ORD-0100409,2026-09-07,2026-08-30,T-02,EPIC,P-002455,price_adjustment,2.0691,0.2483,1.8208
RFD-007474,ORD-0100436,2026-09-01,2026-08-30,T-03,XBOX,P-030418,player_request,23.9592,2.8751,21.0841
RFD-007475,ORD-0100446,2026-09-16,2026-08-30,T-01,XBOX,P-008235,partial_goodwill,2.5821,0.3099,2.2723
RFD-007476,ORD-0100478,2026-09-02,2026-08-31,T-01,STEAM,P-025838,platform_policy,54.6689,13.6672,41.0017
RFD-007477,ORD-0100510,2026-09-21,2026-08-31,T-01,PSN,P-012747,player_request,9.6716,2.9015,6.7701
RFD-007478,ORD-0100550,2026-09-29,2026-08-31,T-05,PSN,P-018863,price_adjustment,6.1685,1.8505,4.3179
RFD-007479,ORD-0100599,2026-09-08,2026-08-31,T-01,STEAM,P-042986,partial_goodwill,4.0925,1.0231,3.0694
RFD-007480,ORD-0100617,2026-09-03,2026-08-31,T-01,STEAM,P-042661,partial_goodwill,15.431,3.8578,11.5733
RFD-007481,ORD-0100623,2026-09-17,2026-08-31,T-02,PSN,P-036998,partial_goodwill,4.2902,1.2871,3.0032
RFD-007482,ORD-0100629,2026-09-09,2026-08-31,T-01,XBOX,P-017121,accidental_purchase,14.4929,1.7392,12.7538
RFD-007483,ORD-0100630,2026-09-09,2026-08-31,T-04,STEAM,P-044279,platform_policy,33.6722,8.418,25.2541
RFD-007484,ORD-0100672,2026-09-03,2026-08-31,T-03,NSW,P-018362,price_adjustment,1.5984,0.4795,1.1189
RFD-007485,ORD-0100696,2026-09-03,2026-08-31,T-02,PSN,P-006243,price_adjustment,3.1049,0.9315,2.1735
RFD-007486,ORD-0100702,2026-09-05,2026-08-31,T-05,NSW,P-033019,accidental_purchase,47.5865,14.276,33.3106
RFD-007487,ORD-0100748,2026-09-30,2026-09-01,T-01,EPIC,P-044834,partial_goodwill,7.8038,0.9365,6.8673
RFD-007488,ORD-0100760,2026-09-30,2026-09-01,T-05,STEAM,P-031157,price_adjustment,11.4273,2.8568,8.5704
RFD-007489,ORD-0100763,2026-09-09,2026-09-01,T-03,EPIC,P-001938,partial_goodwill,2.357,0.2828,2.0742
RFD-007490,ORD-0100767,2026-09-10,2026-09-01,T-03,XBOX,P-013902,accidental_purchase,13.801,1.6561,12.1449
RFD-007491,ORD-0100774,2026-09-30,2026-09-01,T-05,STEAM,P-039359,partial_goodwill,12.8545,3.2136,9.6408
RFD-007492,ORD-0100788,2026-09-09,2026-09-01,T-03,EPIC,P-004710,price_adjustment,9.5468,1.1456,8.4012
RFD-007493,ORD-0100803,2026-09-03,2026-09-01,T-04,EPIC,P-039603,accidental_purchase,14.9085,1.789,13.1195
RFD-007494,ORD-0100816,2026-09-10,2026-09-01,T-01,PSN,P-005574,player_request,16.9432,5.083,11.8602
RFD-007495,ORD-0100834,2026-09-04,2026-09-01,T-01,PSN,P-042701,partial_goodwill,5.2686,1.5806,3.688
RFD-007496,ORD-0100843,2026-09-10,2026-09-01,T-03,STEAM,P-037045,platform_policy,14.5648,3.6412,10.9236
RFD-007497,ORD-0100883,2026-09-19,2026-09-02,T-02,PSN,P-033579,partial_goodwill,7.7469,2.3241,5.4228
RFD-007498,ORD-0100909,2026-09-04,2026-09-02,T-03,EPIC,P-032974,accidental_purchase,4.6976,0.5637,4.1339
RFD-007499,ORD-0100923,2026-09-07,2026-09-02,T-04,XBOX,P-023443,accidental_purchase,53.7473,6.4497,47.2976
RFD-007500,ORD-0100940,2026-09-05,2026-09-02,T-03,STEAM,P-040423,price_adjustment,1.196,0.299,0.897
RFD-007501,ORD-0100946,2026-09-07,2026-09-02,T-01,EPIC,P-038312,platform_policy,121.2171,14.546,106.671
RFD-007502,ORD-0100964,2026-09-07,2026-09-02,T-01,STEAM,P-024304,platform_policy,58.0847,14.5212,43.5635
RFD-007503,ORD-0100969,2026-09-19,2026-09-02,T-04,XBOX,P-000560,partial_goodwill,10.8222,1.2987,9.5235
RFD-007504,ORD-0100994,2026-09-19,2026-09-02,T-01,XBOX,P-000985,price_adjustment,19.1654,2.2999,16.8656
RFD-007505,ORD-0101004,2026-09-19,2026-09-02,T-01,PSN,P-029707,partial_goodwill,4.7841,1.4352,3.3489
RFD-007506,ORD-0101026,2026-09-05,2026-09-02,T-01,STEAM,P-009077,price_adjustment,11.593,2.8982,8.6947
RFD-007507,ORD-0101037,2026-09-11,2026-09-02,T-01,PSN,P-027704,player_request,16.0647,4.8194,11.2453
RFD-007508,ORD-0101058,2026-09-11,2026-09-03,T-04,STEAM,P-022242,partial_goodwill,5.0609,1.2652,3.7957
RFD-007509,ORD-0101078,2026-09-06,2026-09-03,T-03,PSN,P-033219,price_adjustment,3.0598,0.9179,2.1419
RFD-007510,ORD-0101082,2026-09-06,2026-09-03,T-01,STEAM,P-037482,partial_goodwill,15.9941,3.9985,11.9955
RFD-007511,ORD-0101085,2026-09-05,2026-09-03,T-02,PSN,P-020593,player_request,4.6981,1.4094,3.2887
RFD-007512,ORD-0101112,2026-09-20,2026-09-03,T-04,XBOX,P-027646,partial_goodwill,13.7012,1.6441,12.057
RFD-007513,ORD-0101116,2026-09-06,2026-09-03,T-01,EPIC,P-023432,partial_goodwill,10.9042,1.3085,9.5957
RFD-007514,ORD-0101128,2026-09-06,2026-09-03,T-02,XBOX,P-029519,partial_goodwill,11.8591,1.4231,10.436
RFD-007515,ORD-0101137,2026-09-20,2026-09-03,T-05,EPIC,P-044234,price_adjustment,2.5654,0.3079,2.2576
RFD-007516,ORD-0101146,2026-09-20,2026-09-03,T-01,PSN,P-006763,price_adjustment,4.4695,1.3408,3.1286
RFD-007517,ORD-0101182,2026-09-11,2026-09-03,T-02,PSN,P-007382,price_adjustment,9.4361,2.8308,6.6053
RFD-007518,ORD-0101192,2026-09-11,2026-09-03,T-02,STEAM,P-012858,partial_goodwill,5.9295,1.4824,4.4471
RFD-007519,ORD-0101222,2026-09-17,2026-09-03,T-05,XBOX,P-016402,player_request,114.8017,13.7762,101.0255
RFD-007520,ORD-0101234,2026-09-21,2026-09-04,T-04,XBOX,P-014942,partial_goodwill,7.1855,0.8623,6.3232
RFD-007521,ORD-0101239,2026-09-12,2026-09-04,T-01,STEAM,P-038955,price_adjustment,15.9292,3.9823,11.9469
RFD-007522,ORD-0101250,2026-09-06,2026-09-04,T-02,STEAM,P-000850,player_request,9.4248,2.3562,7.0686
RFD-007523,ORD-0101264,2026-09-12,2026-09-04,T-02,STEAM,P-024761,price_adjustment,11.7545,2.9386,8.8159
RFD-007524,ORD-0101269,2026-09-07,2026-09-04,T-02,STEAM,P-026615,partial_goodwill,7.0748,1.7687,5.3061
RFD-007525,ORD-0101284,2026-09-07,2026-09-04,T-03,STEAM,P-037116,price_adjustment,7.5869,1.8967,5.6902
RFD-007526,ORD-0101321,2026-09-07,2026-09-04,T-05,STEAM,P-001350,partial_goodwill,12.601,3.1503,9.4508
RFD-007527,ORD-0101334,2026-09-12,2026-09-04,T-01,PSN,P-013509,price_adjustment,24.1343,7.2403,16.894
RFD-007528,ORD-0101342,2026-09-07,2026-09-04,T-01,NSW,P-016617,price_adjustment,12.072,3.6216,8.4504
RFD-007529,ORD-0101372,2026-09-07,2026-09-04,T-01,STEAM,P-038047,partial_goodwill,23.3155,5.8289,17.4866
RFD-007530,ORD-0101422,2026-09-13,2026-09-04,T-02,EPIC,P-001924,accidental_purchase,23.6014,2.8322,20.7692
RFD-007531,ORD-0101473,2026-09-21,2026-09-04,T-04,EPIC,P-032234,partial_goodwill,3.3315,0.3998,2.9317
RFD-007532,ORD-0101495,2026-09-18,2026-09-04,T-01,STEAM,P-009947,player_request,21.7199,5.43,16.2899
RFD-007533,ORD-0101519,2026-09-12,2026-09-04,T-01,XBOX,P-039592,price_adjustment,12.826,1.5391,11.2869
RFD-007534,ORD-0101550,2026-09-19,2026-09-05,T-04,STEAM,P-022944,platform_policy,4.7903,1.1976,3.5927
RFD-007535,ORD-0101561,2026-09-08,2026-09-05,T-02,PSN,P-009988,partial_goodwill,11.7545,3.5264,8.2282
RFD-007536,ORD-0101562,2026-09-13,2026-09-05,T-01,XBOX,P-037771,partial_goodwill,33.4552,4.0146,29.4406
RFD-007537,ORD-0101564,2026-09-08,2026-09-05,T-03,XBOX,P-025010,price_adjustment,1.5173,0.1821,1.3352
RFD-007538,ORD-0101582,2026-09-22,2026-09-05,T-02,XBOX,P-032498,price_adjustment,2.3562,0.2827,2.0735
RFD-007539,ORD-0101628,2026-09-13,2026-09-05,T-02,STEAM,P-008173,price_adjustment,16.4583,4.1146,12.3437
RFD-007540,ORD-0101660,2026-09-26,2026-09-05,T-02,STEAM,P-015686,player_request,37.7271,9.4318,28.2954
RFD-007541,ORD-0101664,2026-09-13,2026-09-05,T-05,STEAM,P-040317,price_adjustment,1.6352,0.4088,1.2264
RFD-007542,ORD-0101669,2026-09-19,2026-09-05,T-05,STEAM,P-020412,platform_policy,4.8997,1.2249,3.6748
RFD-007543,ORD-0101708,2026-09-22,2026-09-05,T-03,XBOX,P-028903,partial_goodwill,2.5246,0.303,2.2217
RFD-007544,ORD-0101725,2026-09-13,2026-09-05,T-05,STEAM,P-019223,partial_goodwill,9.9263,2.4816,7.4447
RFD-007545,ORD-0101770,2026-09-08,2026-09-05,T-02,XBOX,P-019587,partial_goodwill,2.3471,0.2816,2.0654
RFD-007546,ORD-0101790,2026-09-22,2026-09-05,T-02,STEAM,P-037936,partial_goodwill,9.4297,2.3574,7.0723
RFD-007547,ORD-0101795,2026-09-22,2026-09-05,T-02,EPIC,P-000280,price_adjustment,12.5191,1.5023,11.0168
RFD-007548,ORD-0101812,2026-09-14,2026-09-06,T-01,STEAM,P-041111,price_adjustment,24.706,6.1765,18.5295
RFD-007549,ORD-0101821,2026-09-20,2026-09-06,T-04,EPIC,P-022122,accidental_purchase,9.6219,1.1546,8.4673
RFD-007550,ORD-0101831,2026-09-20,2026-09-06,T-01,PSN,P-010222,accidental_purchase,4.8192,1.4457,3.3734
RFD-007551,ORD-0101917,2026-09-23,2026-09-06,T-05,NSW,P-006722,price_adjustment,4.4115,1.3234,3.088
RFD-007552,ORD-0101951,2026-09-09,2026-09-06,T-02,STEAM,P-007056,partial_goodwill,11.7545,2.9386,8.8159
RFD-007553,ORD-0101972,2026-09-09,2026-09-06,T-02,EPIC,P-033981,partial_goodwill,18.2782,2.1934,16.0848
RFD-007554,ORD-0101976,2026-09-14,2026-09-06,T-05,STEAM,P-022153,price_adjustment,5.8856,1.4714,4.4142
RFD-007555,ORD-0101992,2026-09-23,2026-09-06,T-02,STEAM,P-024611,price_adjustment,11.793,2.9483,8.8448
RFD-007556,ORD-0101993,2026-09-23,2026-09-06,T-02,PSN,P-003962,partial_goodwill,28.3025,8.4908,19.8118
RFD-007557,ORD-0102008,2026-09-23,2026-09-06,T-04,PSN,P-026327,price_adjustment,2.2485,0.6745,1.5739
RFD-007558,ORD-0102114,2026-09-24,2026-09-07,T-03,STEAM,P-020373,partial_goodwill,4.7492,1.1873,3.5619
RFD-007559,ORD-0102123,2026-09-24,2026-09-07,T-03,STEAM,P-041922,price_adjustment,6.9746,1.7437,5.231
RFD-007560,ORD-0102176,2026-09-12,2026-09-07,T-01,NSW,P-044194,player_request,20.9675,6.2903,14.6773
RFD-007561,ORD-0102187,2026-09-24,2026-09-07,T-02,PSN,P-014830,price_adjustment,5.8884,1.7665,4.1219
RFD-007562,ORD-0102215,2026-09-15,2026-09-07,T-03,PSN,P-019307,partial_goodwill,7.1418,2.1425,4.9992
RFD-007563,ORD-0102291,2026-09-12,2026-09-07,T-01,PSN,P-035869,accidental_purchase,44.8603,13.4581,31.4022
RFD-007564,ORD-0102295,2026-09-24,2026-09-07,T-05,STEAM,P-011858,price_adjustment,3.4696,0.8674,2.6022
RFD-007565,ORD-0102318,2026-09-11,2026-09-08,T-01,PSN,P-016620,partial_goodwill,12.8492,3.8547,8.9944
RFD-007566,ORD-0102331,2026-09-17,2026-09-08,T-02,STEAM,P-011913,platform_policy,9.3883,2.3471,7.0412
RFD-007567,ORD-0102393,2026-09-11,2026-09-08,T-01,PSN,P-019003,price_adjustment,32.1575,9.6473,22.5103
RFD-007568,ORD-0102398,2026-09-10,2026-09-08,T-03,EPIC,P-027287,platform_policy,9.5562,1.1467,8.4095
RFD-007569,ORD-0102399,2026-09-17,2026-09-08,T-02,EPIC,P-040320,platform_policy,17.6091,2.1131,15.496
RFD-007570,ORD-0102467,2026-09-11,2026-09-08,T-01,XBOX,P-041340,partial_goodwill,11.5956,1.3915,10.2041
RFD-007571,ORD-0102500,2026-09-25,2026-09-08,T-04,PSN,P-014203,price_adjustment,27.0759,8.1228,18.9531
RFD-007572,ORD-0102589,2026-09-12,2026-09-09,T-05,PSN,P-015470,price_adjustment,16.9078,5.0724,11.8355
RFD-007573,ORD-0102591,2026-09-18,2026-09-09,T-01,STEAM,P-018359,accidental_purchase,89.0907,22.2727,66.8181
RFD-007574,ORD-0102621,2026-09-14,2026-09-09,T-01,PSN,P-028988,accidental_purchase,44.5454,13.3636,31.1818
RFD-007575,ORD-0102623,2026-09-12,2026-09-09,T-05,PSN,P-026022,price_adjustment,18.9904,5.6971,13.2933
RFD-007576,ORD-0102627,2026-09-17,2026-09-09,T-01,PSN,P-013820,partial_goodwill,14.1029,4.2309,9.872
RFD-007577,ORD-0102654,2026-09-26,2026-09-09,T-01,STEAM,P-005544,price_adjustment,23.3848,5.8462,17.5386
RFD-007578,ORD-0102662,2026-09-23,2026-09-09,T-04,PSN,P-039838,platform_policy,9.087,2.7261,6.3609
RFD-007579,ORD-0102753,2026-09-30,2026-09-09,T-01,STEAM,P-024171,player_request,55.5598,13.89,41.6699
RFD-007580,ORD-0102760,2026-09-27,2026-09-10,T-01,EPIC,P-011854,partial_goodwill,15.9656,1.9159,14.0497
RFD-007581,ORD-0102761,2026-09-27,2026-09-10,T-04,PSN,P-031812,partial_goodwill,3.3358,1.0007,2.3351
RFD-007582,ORD-0102779,2026-09-19,2026-09-10,T-02,XBOX,P-018346,platform_policy,23.7377,2.8485,20.8892
RFD-007583,ORD-0102830,2026-09-19,2026-09-10,T-02,XBOX,P-021827,platform_policy,8.2527,0.9903,7.2624
RFD-007584,ORD-0102902,2026-09-27,2026-09-10,T-01,XBOX,P-025625,price_adjustment,21.5574,2.5869,18.9705
RFD-007585,ORD-0102904,2026-09-13,2026-09-10,T-02,XBOX,P-035107,price_adjustment,5.8503,0.702,5.1483
RFD-007586,ORD-0102912,2026-09-18,2026-09-10,T-01,STEAM,P-014183,partial_goodwill,3.4022,0.8506,2.5517
RFD-007587,ORD-0102930,2026-09-24,2026-09-10,T-02,STEAM,P-025728,player_request,23.3817,5.8454,17.5363
RFD-007588,ORD-0102991,2026-09-19,2026-09-10,T-03,STEAM,P-040708,player_request,5.0577,1.2644,3.7933
RFD-007589,ORD-0103002,2026-09-19,2026-09-10,T-03,XBOX,P-006066,player_request,28.6725,3.4407,25.2318
RFD-007590,ORD-0103017,2026-09-18,2026-09-10,T-01,STEAM,P-021658,partial_goodwill,16.3319,4.083,12.249
RFD-007591,ORD-0103029,2026-09-24,2026-09-10,T-05,STEAM,P-006075,accidental_purchase,9.7082,2.427,7.2811
RFD-007592,ORD-0103036,2026-09-24,2026-09-10,T-01,STEAM,P-023379,platform_policy,51.5029,12.8757,38.6272
RFD-007593,ORD-0103055,2026-09-27,2026-09-10,T-03,EPIC,P-030380,price_adjustment,8.3588,1.0031,7.3557
RFD-007594,ORD-0103057,2026-09-19,2026-09-11,T-01,EPIC,P-041616,price_adjustment,14.7705,1.7725,12.9981
RFD-007595,ORD-0103102,2026-09-25,2026-09-11,T-02,XBOX,P-001960,player_request,9.3937,1.1272,8.2664
RFD-007596,ORD-0103105,2026-09-14,2026-09-11,T-02,EPIC,P-026872,price_adjustment,10.8551,1.3026,9.5525
RFD-007597,ORD-0103160,2026-09-19,2026-09-11,T-05,PSN,P-017159,price_adjustment,19.5751,5.8725,13.7026
RFD-007598,ORD-0103169,2026-09-14,2026-09-11,T-05,PSN,P-032152,price_adjustment,38.8865,11.666,27.2206
RFD-007599,ORD-0103186,2026-09-20,2026-09-11,T-01,PSN,P-039452,accidental_purchase,45.8824,13.7647,32.1177
RFD-007600,ORD-0103190,2026-09-16,2026-09-11,T-02,PSN,P-018555,accidental_purchase,23.3612,7.0084,16.3528
RFD-007601,ORD-0103193,2026-09-19,2026-09-11,T-05,STEAM,P-015326,price_adjustment,2.5675,0.6419,1.9256
RFD-007602,ORD-0103196,2026-09-19,2026-09-11,T-02,XBOX,P-004016,partial_goodwill,14.0953,1.6914,12.4039
RFD-007603,ORD-0103284,2026-09-25,2026-09-11,T-01,STEAM,P-025647,accidental_purchase,4.817,1.2043,3.6128
RFD-007604,ORD-0103312,2026-09-13,2026-09-11,T-02,EPIC,P-016913,accidental_purchase,16.4606,1.9753,14.4853
RFD-007605,ORD-0103381,2026-09-20,2026-09-12,T-03,NSW,P-003265,price_adjustment,1.2499,0.375,0.8749
RFD-007606,ORD-0103384,2026-09-20,2026-09-12,T-02,STEAM,P-022782,partial_goodwill,4.692,1.173,3.519
RFD-007607,ORD-0103386,2026-09-21,2026-09-12,T-05,PSN,P-008178,player_request,47.4588,14.2376,33.2212
RFD-007608,ORD-0103400,2026-09-20,2026-09-12,T-01,STEAM,P-036491,partial_goodwill,4.2209,1.0552,3.1657
RFD-007609,ORD-0103421,2026-09-20,2026-09-12,T-01,XBOX,P-009268,partial_goodwill,2.2923,0.2751,2.0172
RFD-007610,ORD-0103422,2026-09-17,2026-09-12,T-01,PSN,P-014023,accidental_purchase,62.316,18.6948,43.6212
RFD-007611,ORD-0103439,2026-09-26,2026-09-12,T-05,STEAM,P-037757,accidental_purchase,19.5361,4.884,14.6521
RFD-007612,ORD-0103454,2026-09-15,2026-09-12,T-04,XBOX,P-007603,partial_goodwill,4.4798,0.5376,3.9422
RFD-007613,ORD-0103458,2026-09-20,2026-09-12,T-02,EPIC,P-044225,price_adjustment,16.9296,2.0315,14.898
RFD-007614,ORD-0103512,2026-09-20,2026-09-12,T-01,STEAM,P-013612,partial_goodwill,2.4037,0.6009,1.8028
RFD-007615,ORD-0103535,2026-09-29,2026-09-12,T-02,XBOX,P-041531,partial_goodwill,7.0378,0.8445,6.1932
RFD-007616,ORD-0103556,2026-09-17,2026-09-12,T-02,STEAM,P-022383,accidental_purchase,12.9223,3.2306,9.6917
RFD-007617,ORD-0103591,2026-09-15,2026-09-12,T-01,EPIC,P-037937,partial_goodwill,4.817,0.578,4.239
RFD-007618,ORD-0103617,2026-09-15,2026-09-12,T-03,PSN,P-026681,partial_goodwill,4.6059,1.3818,3.2241
RFD-007619,ORD-0103630,2026-09-20,2026-09-12,T-04,STEAM,P-002631,partial_goodwill,11.0763,2.7691,8.3072
RFD-007620,ORD-0103637,2026-09-15,2026-09-12,T-01,STEAM,P-023392,price_adjustment,4.5845,1.1461,3.4384
RFD-007621,ORD-0103650,2026-09-17,2026-09-12,T-04,PSN,P-013827,platform_policy,58.9396,17.6819,41.2578
RFD-007622,ORD-0103689,2026-09-21,2026-09-13,T-01,PSN,P-013211,partial_goodwill,4.0399,1.212,2.8279
RFD-007623,ORD-0103702,2026-09-21,2026-09-13,T-01,STEAM,P-020976,partial_goodwill,20.3963,5.0991,15.2972
RFD-007624,ORD-0103711,2026-09-15,2026-09-13,T-01,STEAM,P-020925,platform_policy,15.6692,3.9173,11.7519
RFD-007625,ORD-0103725,2026-09-16,2026-09-13,T-01,STEAM,P-012396,price_adjustment,25.3351,6.3338,19.0013
RFD-007626,ORD-0103729,2026-09-30,2026-09-13,T-03,EPIC,P-007513,partial_goodwill,7.8261,0.9391,6.887
RFD-007627,ORD-0103731,2026-09-22,2026-09-13,T-05,STEAM,P-030905,player_request,37.969,9.4922,28.4767
RFD-007628,ORD-0103750,2026-09-21,2026-09-13,T-05,STEAM,P-000853,partial_goodwill,26.6235,6.6559,19.9676
RFD-007629,ORD-0103776,2026-09-21,2026-09-13,T-05,STEAM,P-021649,partial_goodwill,3.3885,0.8471,2.5414
RFD-007630,ORD-0103801,2026-09-16,2026-09-13,T-02,XBOX,P-021065,price_adjustment,2.3322,0.2799,2.0523
RFD-007631,ORD-0103813,2026-09-27,2026-09-13,T-04,STEAM,P-042094,player_request,8.9613,2.2403,6.721
RFD-007632,ORD-0103939,2026-09-30,2026-09-13,T-01,NSW,P-030366,partial_goodwill,21.4988,6.4496,15.0491
RFD-007633,ORD-0103947,2026-09-30,2026-09-13,T-03,STEAM,P-013002,price_adjustment,6.9536,1.7384,5.2152
RFD-007634,ORD-0103957,2026-09-16,2026-09-13,T-02,STEAM,P-022274,partial_goodwill,7.7547,1.9387,5.816
RFD-007635,ORD-0103970,2026-09-27,2026-09-13,T-03,XBOX,P-019848,accidental_purchase,4.6449,0.5574,4.0875
RFD-007636,ORD-0103974,2026-09-15,2026-09-13,T-01,XBOX,P-000238,accidental_purchase,48.2568,5.7908,42.466
RFD-007637,ORD-0104016,2026-09-16,2026-09-13,T-04,NSW,P-043832,partial_goodwill,11.9733,3.592,8.3813
RFD-007638,ORD-0104030,2026-09-19,2026-09-14,T-01,PSN,P-041661,player_request,8.947,2.6841,6.2629
RFD-007639,ORD-0104086,2026-09-16,2026-09-14,T-05,EPIC,P-034169,player_request,39.5671,4.7481,34.8191
RFD-007640,ORD-0104160,2026-09-17,2026-09-14,T-01,STEAM,P-004700,partial_goodwill,12.0817,3.0204,9.0613
RFD-007641,ORD-0104163,2026-09-22,2026-09-14,T-05,PSN,P-039739,partial_goodwill,2.4102,0.7231,1.6872
RFD-007642,ORD-0104184,2026-09-19,2026-09-14,T-05,XBOX,P-039805,player_request,9.6798,1.1616,8.5182
RFD-007643,ORD-0104211,2026-09-20,2026-09-15,T-02,NSW,P-026482,player_request,9.4311,2.8293,6.6018
RFD-007644,ORD-0104240,2026-09-18,2026-09-15,T-01,PSN,P-034686,price_adjustment,17.0384,5.1115,11.9268
RFD-007645,ORD-0104255,2026-09-18,2026-09-15,T-02,PSN,P-014021,price_adjustment,15.5961,4.6788,10.9172
RFD-007646,ORD-0104272,2026-09-23,2026-09-15,T-03,XBOX,P-005185,price_adjustment,2.3964,0.2876,2.1089
RFD-007647,ORD-0104282,2026-09-23,2026-09-15,T-04,STEAM,P-039460,price_adjustment,3.3434,0.8358,2.5075
RFD-007648,ORD-0104331,2026-09-18,2026-09-15,T-01,XBOX,P-035622,price_adjustment,1.2079,0.1449,1.0629
RFD-007649,ORD-0104336,2026-09-18,2026-09-15,T-01,STEAM,P-025960,partial_goodwill,5.3045,1.3261,3.9784
RFD-007650,ORD-0104401,2026-09-30,2026-09-16,T-01,XBOX,P-013136,accidental_purchase,20.6587,2.479,18.1797
RFD-007651,ORD-0104440,2026-09-25,2026-09-16,T-01,XBOX,P-000128,platform_policy,50.3501,6.042,44.3081
RFD-007652,ORD-0104466,2026-09-25,2026-09-16,T-01,PSN,P-009674,accidental_purchase,53.1214,15.9364,37.185
RFD-007653,ORD-0104468,2026-09-21,2026-09-16,T-03,PSN,P-036750,accidental_purchase,19.3239,5.7972,13.5267
RFD-007654,ORD-0104472,2026-09-19,2026-09-16,T-01,XBOX,P-014832,price_adjustment,14.7652,1.7718,12.9934
RFD-007655,ORD-0104524,2026-09-19,2026-09-16,T-05,XBOX,P-009802,partial_goodwill,15.6766,1.8812,13.7954
RFD-007656,ORD-0104529,2026-09-21,2026-09-16,T-05,XBOX,P-000065,platform_policy,9.5153,1.1418,8.3735
RFD-007657,ORD-0104557,2026-09-30,2026-09-16,T-01,EPIC,P-027858,player_request,4.5685,0.5482,4.0203
RFD-007658,ORD-0104578,2026-09-24,2026-09-16,T-02,PSN,P-030593,partial_goodwill,1.1725,0.3518,0.8208
RFD-007659,ORD-0104585,2026-09-25,2026-09-17,T-02,STEAM,P-042473,price_adjustment,2.6798,0.67,2.0099
RFD-007660,ORD-0104587,2026-09-26,2026-09-17,T-05,XBOX,P-033922,platform_policy,38.0002,4.56,33.4402
RFD-007661,ORD-0104624,2026-09-20,2026-09-17,T-03,STEAM,P-036893,price_adjustment,7.6226,1.9056,5.7169
RFD-007662,ORD-0104637,2026-09-25,2026-09-17,T-01,STEAM,P-041343,price_adjustment,15.1387,3.7847,11.354
RFD-007663,ORD-0104693,2026-09-25,2026-09-17,T-05,PSN,P-033113,partial_goodwill,1.6997,0.5099,1.1898
RFD-007664,ORD-0104707,2026-09-25,2026-09-17,T-03,XBOX,P-004566,partial_goodwill,7.1497,0.858,6.2917
RFD-007665,ORD-0104726,2026-09-22,2026-09-17,T-01,XBOX,P-035448,platform_policy,44.5584,5.347,39.2114
RFD-007666,ORD-0104754,2026-09-19,2026-09-17,T-04,EPIC,P-014599,accidental_purchase,4.7921,0.5751,4.2171
RFD-007667,ORD-0104769,2026-09-25,2026-09-17,T-01,PSN,P-034313,partial_goodwill,27.5212,8.2564,19.2648
RFD-007668,ORD-0104785,2026-09-27,2026-09-18,T-01,XBOX,P-029924,player_request,53.0362,6.3643,46.6718
RFD-007669,ORD-0104938,2026-09-27,2026-09-18,T-01,STEAM,P-014770,platform_policy,24.0873,6.0218,18.0654
RFD-007670,ORD-0104970,2026-09-23,2026-09-18,T-01,STEAM,P-036938,platform_policy,48.2226,12.0556,36.1669
RFD-007671,ORD-0104975,2026-09-21,2026-09-18,T-04,NSW,P-041189,price_adjustment,4.7398,1.4219,3.3179
RFD-007672,ORD-0105048,2026-09-22,2026-09-19,T-01,XBOX,P-028823,price_adjustment,22.9707,2.7565,20.2142
RFD-007673,ORD-0105075,2026-09-27,2026-09-19,T-03,NSW,P-007534,partial_goodwill,3.0498,0.9149,2.1349
RFD-007674,ORD-0105084,2026-09-27,2026-09-19,T-02,STEAM,P-021525,partial_goodwill,7.9266,1.9816,5.9449
RFD-007675,ORD-0105146,2026-09-27,2026-09-19,T-01,XBOX,P-044725,partial_goodwill,15.9108,1.9093,14.0015
RFD-007676,ORD-0105172,2026-09-28,2026-09-19,T-02,NSW,P-007035,accidental_purchase,4.7439,1.4232,3.3207
RFD-007677,ORD-0105193,2026-09-22,2026-09-19,T-04,STEAM,P-027705,partial_goodwill,1.5757,0.3939,1.1818
RFD-007678,ORD-0105214,2026-09-22,2026-09-19,T-02,NSW,P-029419,partial_goodwill,10.8474,3.2542,7.5932
RFD-007679,ORD-0105237,2026-09-27,2026-09-19,T-02,EPIC,P-011604,partial_goodwill,5.9393,0.7127,5.2266
RFD-007680,ORD-0105264,2026-09-27,2026-09-19,T-02,STEAM,P-031465,partial_goodwill,1.1722,0.293,0.8791
RFD-007681,ORD-0105290,2026-09-24,2026-09-19,T-03,XBOX,P-010281,accidental_purchase,14.2871,1.7145,12.5726
RFD-007682,ORD-0105311,2026-09-27,2026-09-19,T-04,PSN,P-037104,partial_goodwill,9.7137,2.9141,6.7996
RFD-007683,ORD-0105329,2026-09-22,2026-09-19,T-03,NSW,P-004770,price_adjustment,3.4663,1.0399,2.4264
RFD-007684,ORD-0105363,2026-09-23,2026-09-20,T-03,PSN,P-017415,price_adjustment,2.676,0.8028,1.8732
RFD-007685,ORD-0105405,2026-09-29,2026-09-20,T-05,STEAM,P-016724,platform_policy,41.4123,10.3531,31.0592
RFD-007686,ORD-0105487,2026-09-25,2026-09-20,T-04,XBOX,P-015430,platform_policy,71.4253,8.571,62.8543
RFD-007687,ORD-0105517,2026-09-29,2026-09-20,T-05,STEAM,P-039730,accidental_purchase,38.7054,9.6763,29.029
RFD-007688,ORD-0105540,2026-09-29,2026-09-21,T-01,XBOX,P-008618,price_adjustment,24.0773,2.8893,21.188
RFD-007689,ORD-0105547,2026-09-24,2026-09-21,T-03,STEAM,P-004440,partial_goodwill,4.6366,1.1591,3.4774
RFD-007690,ORD-0105587,2026-09-29,2026-09-21,T-01,XBOX,P-024393,partial_goodwill,1.1995,0.1439,1.0556
RFD-007691,ORD-0105595,2026-09-24,2026-09-21,T-03,STEAM,P-028530,price_adjustment,4.6018,1.1505,3.4514
RFD-007692,ORD-0105605,2026-09-29,2026-09-21,T-01,XBOX,P-035548,partial_goodwill,24.0773,2.8893,21.188
RFD-007693,ORD-0105661,2026-09-24,2026-09-21,T-01,XBOX,P-027697,price_adjustment,12.6727,1.5207,11.152
RFD-007694,ORD-0105676,2026-09-24,2026-09-21,T-03,EPIC,P-007055,partial_goodwill,1.5642,0.1877,1.3765
RFD-007695,ORD-0105719,2026-09-29,2026-09-21,T-05,PSN,P-038832,price_adjustment,13.2675,3.9803,9.2873
RFD-007696,ORD-0105809,2026-09-24,2026-09-22,T-02,STEAM,P-010639,platform_policy,4.6725,1.1681,3.5044
RFD-007697,ORD-0105814,2026-09-30,2026-09-22,T-05,STEAM,P-017859,partial_goodwill,22.1022,5.5255,16.5766
RFD-007698,ORD-0105829,2026-09-30,2026-09-22,T-03,NSW,P-012926,partial_goodwill,6.9794,2.0938,4.8856
RFD-007699,ORD-0105863,2026-09-25,2026-09-22,T-03,STEAM,P-039301,price_adjustment,4.8039,1.201,3.6029
RFD-007700,ORD-0105907,2026-09-25,2026-09-22,T-02,STEAM,P-028767,partial_goodwill,5.8822,1.4705,4.4116
RFD-007701,ORD-0105915,2026-09-30,2026-09-22,T-01,XBOX,P-032211,partial_goodwill,15.9425,1.9131,14.0294
RFD-007702,ORD-0105939,2026-09-30,2026-09-22,T-02,STEAM,P-029762,price_adjustment,7.0088,1.7522,5.2566
RFD-007703,ORD-0106082,2026-09-25,2026-09-23,T-01,XBOX,P-032041,player_request,4.8269,0.5792,4.2477
RFD-007704,ORD-0106196,2026-09-26,2026-09-24,T-05,EPIC,P-026456,platform_policy,18.9602,2.2752,16.685
RFD-007705,ORD-0106410,2026-09-30,2026-09-25,T-05,STEAM,P-036046,player_request,9.4459,2.3615,7.0844
RFD-007706,ORD-0106426,2026-09-27,2026-09-25,T-02,STEAM,P-007097,platform_policy,32.9691,8.2423,24.7268
RFD-007707,ORD-0106488,2026-09-30,2026-09-25,T-01,STEAM,P-004932,platform_policy,46.5365,11.6341,34.9024
RFD-007708,ORD-0106508,2026-09-30,2026-09-25,T-05,PSN,P-016119,player_request,47.239,14.1717,33.0673
RFD-007709,ORD-0106509,2026-09-28,2026-09-25,T-02,STEAM,P-034393,partial_goodwill,4.0961,1.024,3.0721
RFD-007710,ORD-0106524,2026-09-30,2026-09-25,T-05,NSW,P-042596,accidental_purchase,49.1083,14.7325,34.3758
RFD-007711,ORD-0106616,2026-09-28,2026-09-25,T-02,PSN,P-007790,partial_goodwill,2.3352,0.7005,1.6346
RFD-007712,ORD-0106688,2026-09-29,2026-09-26,T-01,EPIC,P-025520,partial_goodwill,11.6292,1.3955,10.2337
RFD-007713,ORD-0106740,2026-09-29,2026-09-26,T-01,XBOX,P-035663,partial_goodwill,2.3926,0.2871,2.1055
RFD-007714,ORD-0106745,2026-09-29,2026-09-26,T-01,STEAM,P-004245,price_adjustment,8.4123,2.1031,6.3092
RFD-007715,ORD-0106804,2026-09-28,2026-09-26,T-01,XBOX,P-006664,platform_policy,18.0034,2.1604,15.843
RFD-007716,ORD-0107019,2026-09-29,2026-09-27,T-01,PSN,P-009131,platform_policy,8.8783,2.6635,6.2148
RFD-007717,ORD-0107030,2026-09-30,2026-09-27,T-01,STEAM,P-019143,partial_goodwill,3.1678,0.7919,2.3758
RFD-007718,ORD-0107054,2026-09-30,2026-09-27,T-04,STEAM,P-016416,price_adjustment,19.6083,4.9021,14.7062
RFD-007719,ORD-0107201,2026-09-29,2026-09-27,T-04,STEAM,P-006784,accidental_purchase,54.8599,13.715,41.1449
RFD-007720,ORD-0107237,2026-09-30,2026-09-27,T-05,EPIC,P-017879,price_adjustment,18.969,2.2763,16.6927
RFD-007721,ORD-0107255,2026-09-30,2026-09-27,T-04,PSN,P-003933,partial_goodwill,15.9154,4.7746,11.1408
RFD-007722,ORD-0107290,2026-09-29,2026-09-27,T-02,EPIC,P-011158,platform_policy,23.5536,2.8264,20.7271
RFD-007723,ORD-0107300,2026-09-30,2026-09-27,T-01,STEAM,P-037535,price_adjustment,22.2343,5.5586,16.6757
